# DECISIONS: include | maybe | exclude,,,,,,
# EXCLUSION REASONS: population (not consciousness-relevant) ; exposure (no quantitative complexity measure) ; data (no neural recording) ; publication-type (editorial/protocol/non-study) ; not-retrievable ; other,,,,,,
# Screen BLIND to Elicit. Fill my_decision for every row; add my_primary_exclusion_reason only when excluding.,,,,,,
pmid,title,journal,year,abstract,my_decision,my_primary_exclusion_reason
310082,[Intraventricular extravasation of contrast media through ruptured intracranial aneurysm--report of two cases (author's transl)].,No shinkei geka. Neurological surgery,1978,"Extravasation of contrast media through ruptured intracranial aneurysm has been reported as an unusual case. Among the reported cases, a ventricular opacification is very rare, and in such cases, the prognosis is worst. In this paper, two cases with an aneurysm bleeding into the ventricular system were reported. Case 1. A 37-year-old woman was admitted because of severe headache and disturbance of consciousness. On admission, she was deeply comatose with decerebrate rigidity. Carotid angiogram taken 2 hours and 30 minutes after the attack revealed an aneurysm of the anterior communicating artery and an extravasation of contrast media into the lateral ventricle. Although a continuous ventricular drainage was instituted immediately, the patient died after five days. Case 2. A 33-year-old man suddenly developed severe headache with subsequent loss of consciousness. Two hours after the onset, the patient was admitted in comatose state. Angiography taken 3 hours after the attack demonstrated an aneurysm of the anterior communicating artery. The posterior horns of the lateral ventricles were opacificated. The patient died after 24 hours. In case 1, it was interesting that a remarkable stenosis of the cisternal portion of the internal carotid artery was demonstrated at the 2nd carotid angiography (lateral view), but the third carotid angiography taken after the continuous ventricular drainage showed a complete recovery from the stenosis. This stenosis was supposed to be caused by a compression of the internal carotid artery against the interclinoid ligamentum. Moreover, a rapid enlargement of the aneurysm was noticed by repeated angiography.",exclude,"Does not quantify complexity, information, dynamics or related structures"
1907384,Magnetic resonance imaging as a new diagnostic criterion in paediatric airway obstruction.,Progress in pediatric surgery,1991,"Magnetic resonance imaging of the trachea was performed in 21 children with congenital or acquired narrowing of the trachea or main bronchi. Diagnosis included aortic arch anomalies, innominate artery compression, pulmonary artery compression and tracheomalacia. All patients were examined after bronchoscopy. The demonstration of the trachea and the surrounding tissue and vessels on MR images enables the cause of tracheal compression and the degree and location of collapse to be evaluated. MRI is a modality well suited to characterizing tracheal narrowing without employing ionizing radiation or intravenous contrast medium. All MRI examinations were carried out with the patient under general anaesthesia so as not to risk pulmonary deterioration during sedation. In the cases presented MRI is the diagnostic step of choice after tracheobronchoscopy and broadens the diagnostic potential in extrinsic tracheal or bronchial stenosis in paediatric patients.",exclude,"Does not quantify complexity, information, dynamics or related structures + it is out of date"
2298225,Loss of brainstem acoustic evoked potentials with spontaneous breathing in a patient with supratentorial lesion.,European neurology,1990,"The loss of brainstem acoustic evoked potentials (BAEP) is considered as a confirmatory test for the diagnosis of brain death in patients with supratentorial lesions. We report a patient with ischemia in the territory of the left middle and anterior cerebral artery, who showed a loss of BAEP waves III-V as a sign of brainstem compression, but maintained spontaneous breathing and EEG activities. We conclude that occasionally BAEP may provide misleading results in the diagnosis of brain death.",exclude,"Does not quantify complexity, information, dynamics or related structures, "
2321322,Analysis of neurologic symptoms in deep diving: implications for selection of divers.,Undersea biomedical research,1990,"Eighteen professional divers (age range 24-33 yr, mean 28.3) participated in one simulated dive to 360 meters of seawater (msw) in a helium-oxygen (heliox) atmosphere with equal compression and decompression profiles. All divers were given an extensive neurologic examination before diving. Clinical neurologic symptoms observed during the dives were equilibrium disorder, sleep disturbances, fatigue, nausea, loose stools, stomach pain, tremor, mental disturbances, reduced appetite, and headache. Symptoms were scored individually by each diver. The symptoms were analyzed statistically by factor analysis, which grouped them into four factors. These symptoms are presumably related to functional disturbances in the brain stem and the cerebellum. Factor 3 symptoms (tremor, mental disturbances, reduced appetite) correlated significantly to a history of predive decompression sickness (P = 0.006) and to cerebral concussion (P = 0.023). Three divers were periodically unable to work at bottom due to equilibrium disorder, diarrhea, or nausea. One diver with mild polyneuropathy and slight cerebral atrophy as seen by computerized tomography and another diver with abnormal electroencephalography were periodically unable to work due to equilibrium disorder and nausea, respectively. We advocate that divers with signs of central or peripheral nervous system dysfunction should not be selected for deep diving.",exclude,"No consciousness relevance, no complexity measures and no neural data"
2608653,[Use of microcomputers in polysomnography].,"Pneumologie (Stuttgart, Germany)",1989,"Constantly falling prices and increasing power combine to make the personal computer an attractive alternative to established recording devices for use in polysomnography. Apart from its price advantage, digital recording of psychophysiological signals offers the possibility of selective display (compression and zooming to parts of special interest), and also semi-automatic evaluation. In order to be able to feed the data acquired in the sleep laboratory into the computer, an interface for signal matching, an analog/digital converter, and suitable software, are required. In order to reduce the wealth of data to the clinically relevant (and, in the last resort, also manageable) amount, preprocessing hardware, such as EEG filters, snore detectors, etc., are required. The system we recommend comprises individual hardware, modules for the pickup of physiological signals, and flexibly combinable software routines that permit adaptation to any future expansions of changing medical problems.",exclude,No complexity measures
2650011,Supplemental oxygen and quality of sleep in patients with chronic obstructive lung disease.,Thorax,1989,"The hypothesis that supplemental oxygen could improve the quality of sleep was tested in 23 consecutive patients (14 male, nine female; age 42-74 years) with chronic obstructive lung disease (mean (SD) FEV1 0.81 (0.32) litre, FEV1/FVC 37% (12%). Patients breathed compressed air or supplemental oxygen via nasal cannulas on consecutive nights in a randomised, double blind, crossover trial. Quality of sleep was assessed by questionnaire and by electroencephalographic sleep staging. The study had a power of 80% to detect, at the 0.05 level, a 20% improvement in total sleep time. Seventeen patients slept for two nights in the laboratory. Oxygenation during sleep was improved by oxygen administration, but there was no improvement in quality of sleep. There was an acclimatisation effect with better sleep on the second night. Six patients spent an additional acclimatisation night in the laboratory as well as the two study nights. There was no difference in sleep quality between the second and third nights or between the compressed air and the oxygen nights in these patients. Subgroups of patients with an arterial carbon dioxide tension of over 43 mm Hg (5.7 kPa) (n = 12) and arterial oxygen saturation of less than 90% (n = 11) while awake did not show any improvement in quality of sleep on the oxygen night. It is concluded that supplemental oxygen improves nocturnal oxygenation but does not immediately improve the quality of sleep in the laboratory in patients with chronic obstructive lung disease.",exclude,"A sleep study using EEG for sleep staging to evaluate oxygen treatment effects, but it does not apply any quantitative complexity, information-theoretic, or neural dynamics measure."
2711770,[Extra- and intracranial injuries of the cerebral arteries as a sequela of assault].,Zeitschrift fur Rechtsmedizin. Journal of legal medicine,1989,"The case of an 47-year-old man is reported, who was injured in a fight while under the influence of alcohol. The culprit knocked him down and stamped several times on the left side of his head. The victim became unconscious. At the hospital, subarachnoid hemorrhage and massive ventricular bleeding was diagnosed via CT. Despite the implantation of a ventricular shunt, there was repeated massive cerebral pressure and arterial bleeding. Brain death occurred after 8 days. The main finding at autopsy was nearly complete disruption of the left inferior posterior cerebellar artery as the source of the lethal bleeding. The histological examination showed some additional, incomplete ruptures of this vessel and of the left intracranial vertebral artery. This is a typical result of ""minor head injuries"" sustained in fights: arterial rupture (ipsilateral) as a result of overstretching. Fracture of the left zygomatic arch and maxilla; no skull fracture; no primary traumatic brain damage. The extracranial carotid arteries were intact. When the vertebral arteries were examined (in the undamaged cervical spine), there was a surprising finding: distant dissection of the right vertebral artery between C1 and C2, which perhaps occurred as a result of compression (contralateral to the impact) of this region.",exclude,"No consciousness relevance, no complexity measures and no neural data and out of date"
2741747,Cerebrovascular response to elevation of ventricular pressure.,Acta neurochirurgica,1989,"The behaviour of Pial vessels to levels of CSF-pressure between 10 and 100 mmHg induced by vetricular infusion of mock CSF, was observed in 6 cats under barbiturate and N2O anaesthesia, using the cranial window technique and videoangiometry. Supratentorial pressure (STP) equaled infratentorial pressure in the cisterna magna (CMP) throughou. No changes in pial arterial calibres were noted up to a CMP of 13 mmHg (i.e. a cerebral perfusion pressure (CPP) of 100 mmHg). Further increase of CMP to 45 mmHg induced significant arterial dilatation of 40 +/- 3.4%. With a further rise of ventricular fluid pressure (VFP) no marked further arterial dilatation occurred. Dilatation of arteries up to 100 um resting diameter and arteries between 100 and 250 um resting diameter and arteries between 100 and 250 um was not significantly different. When CPP approached 40 mmHg, arteries were still 47 +/- 3.6% dilated. Pial venous calibre did not vary by more than 20% during elevation of VFP. At CPP 47 mmHg, small and large veins were dilated by 14%. Single venous segments were compressed by crossing pial arteries and caused upstream venous congestion and distension.",exclude,"No consciousness relevance, no complexity measures and no neural data and out of date"
6639803,[Some practical problems of clinical diagnosis of brain death].,No to shinkei = Brain and nerve,1983,"The authors experienced thirty brain deaths including eighteen head injuries and seven cerebrovascular accidents during the period from Nov. 1980 to Dec. 1982 and encountered with some practical problems on clinical diagnosis of brain death. In sixteen patients subjected to barbiturate (pentobarbital) therapy, the attempt to meet the criteria of brain death made it necessary to confirm the total cerebrocirculatory arrest as well as to measure the serum concentration of pentobarbital and assure its level low enough. But as a result of the angiograms performed in twenty-four cases the cerebral angiography sometimes failed to give sufficient evidence to confirm it not merely because of the angiographical intracranial delayed opacification but also because of the dissociation of filling between supra- and infratentorial spaces or between right and left hemispheres. And besides the contrast enhancement of cerebral vessels was verified in computed tomograms of two cases among ten cases who had already met the criteria and demonstrated angiographical nonfilling phenomenon. The angiographical narrowing of C 1-2, A 1, M 1 portions or basilar artery observed on serial angiograms preceding the angiographical nonfilling phenomenon was regarded as direct vascular compression by cerebral swelling or vasospasm and considered to suggest that brain death might be impending. At present the continuous monitoring of intracranial pressure performed in twenty-six cases proved to be a convincing guide to suspicion of brain death or impending brain death according to decrease in cerebral perfusion pressure and appearance of so-called plateau waves recorded in four cases.(ABSTRACT TRUNCATED AT 250 WORDS)",exclude,"consciousness relevance is present (brain death), there is brain-related physiological monitoring, and the abstract may underspecify methods, but out of date."
7991091,Spinal epidural haematoma: report of 11 cases and review of the literature.,Neuroradiology,1994,"Spinal epidural haematomas (SEH) are rare; most are caused by trauma, anticoagulant therapy, vascular anomalies, hypertension, blood dyscrasias, epidural anaesthesia or, rarely, spinal surgery. We report 11 cases and review the literature (16 cases). The clinical picture is that of acute spinal cord compression. MRI characteristics are quite specific. On sagittal sections, the SEH appears as a biconvex mass, dorsal to the thecal sac, clearly outlined and with tapering superior and inferior margins. The dura mater is seen as curvilinear low signal separating the haematoma from the cord. Within 24 h of onset, the haematoma is isointense with the cord on T1-weighted images and heterogeneous on T2-weighted images. Later, it gives high signal on both T1- and T2-weighted images. Differential diagnosis must include subdural haematoma, epidural neoplasm and abscess. Complete neurological recovery rapidly follows laminectomy and removal of the clot. In three of our cases, the haematoma resolved spontaneously. MRI is the best examination for diagnostic and follow-up.",exclude,"No consciousness relevance, no complexity measures and no neural data"
8268440,The anesthetic management of a patient with a thoracic aortic aneurysm that caused compression of the left mainstem bronchus and the right pulmonary artery.,Journal of cardiothoracic and vascular anesthesia,1993,"Manually rerieved abstract: COMPRESSION OF THE trachea, bronchi, and pulmonary arteries is well-known, although uncommon, complication of a thoracic aortic aneurysm.1-4 A 26-year-old man with thoracic aortic aneurysm that caused left bronchial and right pulmonary arterial compression resulting in respiratory insufficiency was recently analyzed. This report describes the problems, especially airway maintenance.",exclude,"No consciousness relevance, no complexity measures and no neural data"
8996512,Parallel antioxidant and antiexcitotoxic therapy improves outcome after incomplete global cerebral ischemia in dogs.,Stroke,1997,"BACKGROUND AND PURPOSE: We have previously shown that incomplete global cerebral ischemia complicated by dense acidosis produces a profound secondary deterioration of energy metabolism and cerebral blood flow. Antioxidant treatment only partially averts this deterioration, suggesting that parallel or sequential mechanisms are involved in cerebral ischemic injury. We tested the hypothesis that a novel competitive N-methyl-D-aspartate (NMDA) receptor antagonist GPI 3000 (GPI) ameliorates metabolic injury and that the effectiveness of the iron-chelator and antioxidant deferoxamine (DFO) is augmented by combined therapy with GPI after incomplete global cerebral ischemia. METHODS: Anesthetized dogs were treated with 30 minutes of global incomplete cerebral ischemia. Preischemic plasma glucose was raised to approximately 500 mg/dL to exaggerate lactic acidosis. Brain ATP, phosphocreatine, and pH were measured by 31P MR spectroscopy for 180 minutes of reperfusion. Neurophysiological outcomes were assessed by evoked potential monitoring. Five groups were treated with either saline; 75 mg/kg DFO preischemia plus 75 mg/kg at reperfusion onset, followed by 27.5 mg/kg per hour for the remainder of reperfusion (DFO group); 25 mg/kg GPI pretreatment, followed by 5 mg/kg per hour (GPI-pre group); 25 mg/kg GPI at reperfusion, followed by 5 mg/kg per hour (GPI-post group); or DFO and GPI-pre at the same doses (Combined group). RESULTS: Ischemic cerebral blood flow (microspheres: 5 to 8 mL/min per 100 g) was similar among the groups. End-ischemic pHi was also similar; 5.9 in saline, 6.1 in DFO, 6.2 in GPI-pre, 6.2 in Combined, and 6.1 in GPI-post groups. Progressive hypoperfusion was observed in all groups except Combined during reperfusion. Metabolic recovery was improved relative to saline in all drug-treated groups. Phosphocreatine recovery was improved in Combined compared with DFO and GPI-pre groups. Somatosensory evoked potential recovery was not observed in the saline group and incomplete in all treatment groups. At 60 and 90 minutes of reperfusion, DFO, GPI-pre, and Combined groups demonstrated improved recovery relative to the saline group. CONCLUSIONS: Pretreatment and posttreatment with GPI ameliorated postischemic metabolic failure, suggesting that NMDA-mediated mechanisms are more important in global cerebral ischemia complicated by dense, acidosis than early studies indicated. Combined treatment with GPI and DFO improved cerebral blood flow during reperfusion and one indicator of energy recovery. These data support the hypothesis that parallel therapy aimed at antioxidant and antiexcitotoxic mechanisms of ischemic brain injury augment recovery compared with the individual agents.",exclude,No consciousness relevance or complexity measure.
9457694,Iterative function system and genetic algorithm-based EEG compression.,Medical engineering & physics,1997,"A method for EEG compression is proposed, using Iterative Function System (IFS) and Genetic Algorithms (GAs) with elitist model, keeping the quality sufficiently good for clinical purposes. Compression using IFS is usually called fractal compression. The self transformability property of the EEG signals is assumed and is exploited in the fractal compression technique. To ascertain the self transformability of the EEG signal, some isometric transformations have been applied. The technique described here utilizes Genetic Algorithm that decreases the search space for finding the self similarities in the given signal. This article presents theory and implementation of the proposed method. The fidelity of the reconstructed signal obtained by the present compression algorithm has been assessed both qualitatively and quantitatively. The compression ratios, for the EEG signals in various states, are found to be comparable to the other available techniques for EEG compression. In our method at least 85% data reduction has been achieved.",exclude,No consciousness relevance or complexity measure.
9480407,[Contribution of non-linear mathematics (chaos theory) to EEG analysis].,Neurophysiologie clinique = Clinical neurophysiology,1997,"Since 1963, nonlinear dynamics or ""chaos theory"" were widely used in various area of physics. The first application to the analysis of the human electroencephalogram (EEG) was performed in 1985. A tutorial revue of some concepts of nonlinear dynamics is presented with the various results obtained since 1985. The dimensional complexity of the EEG (DC) seems a good descriptor of the ""desynchronisation"" or decorrelation of the EEG: DC is high with eyes open, during a mental task and also during a tonic epileptic discharge. DC is low with eyes closed, during slow wave sleep, and during a clonic epileptic discharge. The measure of DC could allow a more objective comparison between various states of electrical cerebral activity.",maybe,
9633740,Spontaneous intracranial hypotension resulting in stupor caused by diencephalic compression.,Neurology,1998,"A 51-year-old man had a 4-month history of progressive headache and gradual onset of somnolence. MRI suggested spontaneous intracranial hypotension (SIH) with diencephalic compression, but he did not improve after three epidural blood patches. He became alert following intrathecal saline infusion that normalized his CSF pressure. A CSF leak was noted on spinal MRI and confirmed with CT contrast myelography. Surgical ligation of a torn dural root sleeve isolating a ruptured Tarlov's cyst resulted in permanent cure.",exclude,"No consciousness relevance, no complexity measures and no neural data"
10193613,How should a subarachnoid hemorrhage grading scale be determined? A combinatorial approach based solely on the Glasgow Coma Scale.,Journal of neurosurgery,1999,"OBJECT: The purpose of this study was to present a combinatorial approach used to develop a subarachnoid hemorrhage (SAH) grading scale based on the patient's preoperative Glasgow Coma Scale (GCS) score. METHODS: There are 4094 different combinations that can be used to compress the 13 scores of the GCS into two to 12 grades. Break points, the positions in the scale in which two adjacent scores connote a significantly different outcome, are obtained by a direct comparison of the GCS and the Glasgow Outcome Scale (GOS). Guided by the break points, the number of combinations to be considered can be limited. All possible combinations are statistically analyzed with respect to intergrade differences in outcome. Single combinations, with the maximum number of grades having maximum intergrade outcome differences for each corresponding set of adjacent grades, must be selected. The authors verified the validity of this combinatorial approach by retrospectively analyzing 1398 consecutive patients with aneurysmal SAH who underwent surgery within 7 days of the last hemorrhage episode. The patients' GCS scores were assessed just before surgery and their GOS scores were estimated 6 months post-SAH. The combinatorial approach yields only one acceptable grading scale: I (GCS Score 15); II (GCS Scores 11-14); III (GCS Scores 8-10); IV (GCS Scores 4-7); and V (GCS Score 3). CONCLUSIONS: The combinatorial approach, guided by the break points, is so simple and systematic that it can be used again in the future when revision of the grading scale becomes necessary after development of new and effective treatment modalities that improve patients' overall outcome.",exclude,"No consciousness relevance, no complexity measures and no neural data"
11174689,Response of muscle proprioceptors to spinal manipulative-like loads in the anesthetized cat.,Journal of manipulative and physiological therapeutics,2001,"OBJECTIVE: The mechanisms underlying the benefits of spinal manipulation are not well understood. Neurophysiological mechanisms likely mediate its effects, at least in part, yet we know little about how the nervous system is affected by spinal manipulation. The purpose of the present study was to determine whether muscle spindles and Golgi tendon organs in paraspinal muscles respond to a mechanical load whose force-time profile is similar to that of a spinal manipulation. METHODS: Experiments were performed on 10 anesthetized adult cats. The L6 dorsal root was isolated for electrophysiological recordings while the L6-L7 vertebrae and associated paraspinal tissues on one side of the vertebral column were left intact. Single unit recordings were obtained from 5 muscle spindles, 4 Golgi tendon organs, and 1 presumed Pacinian corpuscle afferent with receptive fields in paraspinal muscles. Loads were applied at the spinous process of the L6 vertebra through use of an electronic feedback control system. The load simulated the force-time profile of a spinal manipulation. Loads were applied in compressive and distractive directions and at 2 different angles (0 degrees and 45 degrees) with respect to the long axis of the vertebral column. RESULTS: Golgi tendon organ afferent discharge frequency increased more to the impulse than to the preload during 13 of 15 spinal manipulations. Generally, the 4 Golgi tendon organ afferents became silent immediately at the end of each impulse. Similarly, muscle spindle discharge frequency increased more to the impulse than to the preload during 10 of 16 manipulations. Distractive manipulations loaded the spindles more effectively than compressive manipulations. After 7 of these 10 manipulations, muscle spindles became silent for 1.3 +/- 0.6 seconds (range, 0.1-4.3 seconds). Six of the 16 manipulations unloaded the muscle spindles. A presumed Pacinian corpuscle responded to the impulse of a manipulative-like load but not to loads with a slower force-time profile. CONCLUSION: The data suggest that the high-velocity, short-duration load delivered during the impulse of a spinal manipulation can stimulate muscle spindles and Golgi tendon organs more than the preload. The physiologically relevant portion of the manipulation may relate to its ability to increase as well as decrease the discharge of muscle proprioceptors. In addition, the preload, even in the absence of the impulse, can change the discharge of paraspinal muscle spindles. Loading of the vertebral column during a sham manipulation may affect the discharge of paraspinal proprioceptors.",exclude,No consciousness relevance or complexity measure.
11512368,Computed tomography-guided percutaneous transpedicular biopsy of the thoracic spine.,Chang Gung medical journal,2001,"BACKGROUND: Despite the recent, widespread use around the world of computed tomography (CT)-guided spinal biopsy for presurgical evaluation, its use has remained uncommon in Taiwan. Using 9 patients, we attempted to evaluate the safety of its use for the thoracic spine biopsy. METHODS: In the past 3 years (May 1996 to May 1999), 9 patients with known thoracic or multiple spinal lesions underwent CT-guided biopsy. The patients comprised 4 men and 5 women; with ages ranging between 28 and 85 years. For the transpedicular approach, patients were laid prone on the CT table. A trephine bone biopsy needle set was used after local anaesthesia. The specimens obtained had tissue pathology and/or bacterial/tuberculosis (TB) culture. RESULTS: Excellent results were achieved in 8 of the 9 patients, with no significant procedure-related complications. Among them, 2 were diagnosed as metastatic carcinomas; 3 as osteoporotic compression fractures; 2 were proved to be bacterial or tuberculosis spondylitis and the last one was a healing fracture. CONCLUSION: CT-guided transpedicular trephine biopsy of the thoracic spine is a safe and effective method for preoperative evaluation of various thoracic spinal disorders. Based on the biopsy results, more effective treatment regimens were prescribed and, in turn, better outcomes were expected.",exclude,"No consciousness relevance, no complexity measures and no neural data"
11721988,Neural net classification of REM sleep based on spectral measures as compared to nonlinear measures.,Biological cybernetics,2001,"In various studies the implementation of nonlinear and nonconventional measures has significantly improved EEG (electroencephalogram) analyses as compared to using conventional parameters alone. A neural network algorithm well approved in our laboratory for the automatic recognition of rapid eye movement (REM) sleep was investigated in this regard. Originally based on a broad range of spectral power inputs, we additionally supplied the nonlinear measures of the largest Lyapunov exponent and correlation dimension as well as the nonconventional stochastic measures of spectral entropy and entropy of amplitudes. No improvement in the detection of REM sleep could be achieved by the inclusion of the new measures. The accuracy of the classification was significantly worse, however, when supplied with these variables alone. In view of results demonstrating the efficiency of nonconventional measures in EEG analysis, the benefit appears to depend on the nature of the problem.",include,
11811170,Is magnetic resonance imaging indicated before reduction of a unilateral cervical facet dislocation?,Spine,2002,No abstract,,
12542680,Attention-dependent coupling between beta activities recorded in the cat's thalamic and cortical representations of the central visual field.,The European journal of neuroscience,2003,"We have previously proposed that enhanced 16-24 Hz (beta) local field potential activity in the primary visual cortex and lateral geniculate nucleus may be an electrophysiological correlate of the attentional mechanism that increases the gain of afferent visual information flow to the cortex. In this study, we measured coupling between beta signals recorded in the thalamic (i.e. lateral geniculate or perigeniculate) and cortical representations of the central visual field (within 5 degrees from area centralis), during visual and auditory attentive situations. Signal coupling was calculated in two ways: (i) by means of crosscorrelation between raw beta activities, which depends primarily on phase coherence, and (ii) by phase-independent crosscorrelation between amplitude envelopes of beta activities. Mean amplitudes of raw signal cross correlations obtained for thalamo-cortical recording pairs were not significantly different when calculated during behavioural demands for either visual or auditory attention. In contrast, amplitudes of envelope cross correlations obtained during behaviour requiring visual attention were, on average, two times higher than those calculated during the auditory task. This attention-related coupling emerged from synchronized amplitude modulation of beta oscillatory activity that occurs within the cortico-thalamic circuit involved in central vision.",maybe,
12754840,[Sleep EEG as a nonlinear dynamic process: a comparison of global correlation dimension of human EEG and measures of linear interdependence between channels].,Zhurnal vysshei nervnoi deiatelnosti imeni I P Pavlova,2003,"The goal of this work was to study (1) whether the estimation of correlation dimension (D2) using spatial embedding distinguishes between sleep stages and (2) whether information gained from the application of global D2 is redundant to measures of linear interdependence between channels. Twenty one-channel EEG segments of 12 healthy male subjects recorded during waking and sleep stages REM, I, II, and III-IV (according to the Rechtshaffen and Kales criteria) were analyzed with global (multichannel) D2, mean square correlation coefficients (MS) and proportion of variance accounted for by the first principal component (PC1). D2 was found to decrease progressively from stage I to stage III-IV with D2 values of waking and REM being close to those of stages I and II. MS and PC1 did not distinguish among sleep stages but yielded significant differences between waking and sleep. The results suggest that global D2 extracts information from human EEG. That sort of evidence cannot be obtained with measures of linear interdependence between channels.",include,
12791444,Is synchronized neuronal gamma activity relevant for selective attention?,Brain research. Brain research reviews,2003,"Today, much evidence exists that sensory feature binding is accomplished by phase synchronization of induced neuronal gamma activity (30-80 Hz). Recent studies furthermore suggest that phase synchronization of induced gamma activity may represent a general mechanism enabling transient associations of neural assemblies and thus may play a central role in cortical information processing. Here, we describe findings indicating that synchronized gamma activity is moreover specifically involved in selective attention. While feature binding appears to depend primarily on induced gamma synchronization, attentional processes seem to involve both induced and evoked gamma oscillations. Yet it is still an open question, as to which top-down and bottom-up processes are associated with attentional modulation of gamma activity. A possible mechanism to project influences from attentional control structures to areas concerned with stimulus representation and vice versa, may be neuronal synchronization and the resulting firing rate changes of coincidence-detecting neurons in target areas.",maybe,
12842864,Circadian clock resetting by arousal in Syrian hamsters: the role of stress and activity.,"American journal of physiology. Regulatory, integrative and comparative physiology",2003,"Circadian rhythms in the Syrian hamster can be markedly phase shifted by 3 h of wheel running or arousal stimulation during their usual daily rest period (""subjective day""). Continuous wheel running is predictive but not necessary for phase shifts of this ""nonphotic"" type; hamsters aroused by gentle handling without running can also show maximal shifts. By contrast, physical restraint, a standard stress procedure and thus presumably arousing, is ineffective. To resolve this apparent paradox, phase-shifting effects of 3-h sessions of restraint or other stress procedures were assessed. In a preliminary study, phase shifts to arousal by gentle handling were significantly potentiated by the cortisol synthesis inhibitor metyrapone, suggesting that stress-related cortisol release may inhibit phase shifts to arousal. Next, it was confirmed that restraint in the subjective day does not induce phase shifts, but behavioral observations revealed that it also does not sustain arousal. Restraint combined with noxious compressed air blasts did sustain arousal and induced a significant cortisol response compared with arousal by gentle handling but did not induce shifts. Restraint combined with continuous horizontal rotation was also ineffective, as was EEG-validated arousal via confinement to a pedestal over water. However, 3 h of resident-intruder interactions (an intense psychosocial stress) or exposure to an open field (a mild stress) did induce large shifts that were positively correlated with indexes of forward locomotion. The results indicate that large phase shifts associated with arousal in the usual sleep period are neither induced nor prevented by stress per se, but are dependent on the expression of at least low levels of locomotor activity. Sustained arousal alone is not sufficient.",exclude,No complexity measures and no neural data (only uses EEG to validate arousal state)
15082141,Spinal cord lesion after long-term intrathecal clonidine and bupivacaine treatment for the management of intractable pain.,Pain,2004,"Long-term intrathecal drug administration using implanted pumps is increasingly used in the treatment of chronic refractory pain [Anderson and Burchiel 1999, Neurosurgery 44 (1999) 289; Krames 2002, Best Pract Res Clin Anaesthesiol 16 (2002) 619; Wallace 2002, Neurology 59 (2002) S18]. Extensive clinical experience over the last 15 years suggests that in selected cases the technique is safe, although infections, system malfunction and drug-related complications have been reported. In most cases, drug-related spinal cord injuries have resulted from the compression of a spinal inflammatory mass or abcess rather than from a direct neurotoxic effect. We report on a case of toxic spinal cord lesion occurring after more than 3 years of uneventful continuous infusion of a mixture of bupivacaine and clonidine.",exclude,"No consciousness relevance, no complexity measures and no neural data"
15134712,Pathological theta oscillations in idiopathic generalised epilepsy.,Clinical neurophysiology : official journal of the International Federation of Clinical Neurophysiology,2004,"OBJECTIVE: To investigate spectral power, inter- and intra-hemispheric coherence in the interictal scalp electroencephalography (EEG) of 41 patients with idiopathic generalised epilepsy. METHODS: Two minutes of eyes-closed waking interictal EEG activity was analysed. Fast Fourier transformation was performed. Raw and age-regressed, Z-transformed values were computed for 19 electrodes and 4 frequency bands: absolute power (AP, ZAP), percent power (RP, ZRP), band mean frequency (MF, ZMF), inter-hemispheric (CO, ZCO) and intra-hemispheric (IC, ZIC) coherence. Compressed values (scalp averages) were computed for each parameter and 4 frequency bands. Compressed data of the patients (GE group) and the healthy controls (C group) were compared. RESULTS: ZAP across the entire 1.5-25.0 Hz range was greater in the GE than in the C group. Delta and theta ZRP was greater, alpha ZRP was less in GE than in C. ZMF and ZIC was about the same in the GE and C groups. The crucial, band-specific finding was significantly greater theta-ZCO in the GE group, in contrast to normal or decreased ZCO in the other bands. In addition, within-group correlation between ZAP of the frequency bands, correlation of ZAP and ZCO, correlation of ZIC and ZCO were different for the two groups. CONCLUSIONS: The pattern of enhanced ZAP, ZRP, ZCO, together with normal ZIC and ZMF in the theta range was a peculiar, novel finding in GE. It was incompatible with any of the known patterns of altered power and coherence due to lesional or metabolic aetiology. This pattern presumably indicates the presence of a powerful, diffuse, hypersynchronous, hypercoherent theta oscillation at the thalamo-cortical level of the brain. The role of inter-hemispheric connections in maintaining this oscillation was suggested. The other findings suggest disturbed central regulation of EEG power and coherence in the interictal state.",exclude,No consciousness relevance
15166553,"Pharmacodynamic interaction between propofol and remifentanil regarding hypnosis, tolerance of laryngoscopy, bispectral index, and electroencephalographic approximate entropy.",Anesthesiology,2004,"BACKGROUND: The purpose of this investigation was to describe the pharmacodynamic interaction between propofol and remifentanil for probability of no response to shaking and shouting, probability of no response to laryngoscopy, Bispectral Index (BIS), and electroencephalographic approximate entropy (AE). METHODS: Twenty healthy volunteers received either propofol or remifentanil alone and then concurrently with a fixed concentration of remifentanil or propofol, respectively, via a target-controlled infusion. Responses to shaking and shouting and to laryngoscopy were assessed multiple times after allowing for plasma effect site equilibration. The raw electroencephalogram and BIS were recorded throughout the study, and AE was calculated off-line. Response surfaces were fit to the clinical response data using logistic regression or hierarchical response models. Response surfaces were also estimated for BIS and AE. Surfaces were visualized using three-dimensional rotations. Model parameters were estimated with NONMEM. RESULTS: Remifentanil alone had no appreciable effect on response to shaking and shouting or response to laryngoscopy. Propofol could ablate both responses. Modest remifentanil concentrations dramatically reduced the concentrations of propofol required to ablate both responses. The hierarchical response surface described the data better than empirical logistic regression. BIS and AE are more sensitive to propofol than to remifentanil. CONCLUSIONS: Remifentanil alone is ineffective at ablating response to stimuli but demonstrates potent synergy with propofol. BIS and AE values corresponding to 95% probability of ablating response are influenced by the combination of propofol and remifentanil to achieve this endpoint, with higher propofol concentrations producing lower values for BIS and AE.",include,
15618994,Rare fatal vascular complication of transsphenoidal surgery.,Acta neurochirurgica,2005,"We report the case of a 61-year-old man, who underwent transsphenoidal surgery for a pituitary macroadenoma. The presence of tough fibrous septa dividing the tumour permitted only a partial resection. Progressive loss of consciousness soon after surgery occurred, an emergency CT scan showed no evidence of haemorrhage. Twenty hours later, MRI revealed compression of both internal carotid arteries with arrest of arterial flow resulting in stroke by an enlarged haemorrhagic mass consistent with a pituitary apoplexy. On the second postoperative day, the patient died as a result of this extensive stroke. The mechanisms of this rare complication after transsphenoidal surgery are theorized and the sensitivity of imaging methods is discussed.",exclude,"No consciousness relevance, no complexity measures and no neural data"
15648996,Extensive spinal epidural abscess associated with an unremarkable recovery.,Anaesthesia and intensive care,2004,"Spinal epidural abscess is a rare complication of epidural catheter insertion, with an incidence reported to be as low as 0.02%, but with a high morbidity and mortality. This reflects the difficulty in diagnosis of the condition, as early symptoms and signs are usually non-specific with late neurological manifestations. We report a case of spinal epidural abscess in a diabetic patient who underwent splenectomy and distal pancreatectomy. Early investigation with magnetic resonance imaging was effective in demonstrating an extensive epidural abscess involving the thoracic spine, with extension to the base of the skull and associated cord compression. Extensive multilevel laminectomies with thorough irrigation and washout of the epidural space were successful in treating this patient and preventing the development of permanent neurological sequelae.",exclude,"No consciousness relevance, no complexity measures and no neural data"
15675208,Entropy and bispectral index during anaesthesia in children.,Anaesthesia and intensive care,2004,"Entropy is a new EEG based technology developed as a measure of depth of anaesthesia. The Entropy algorithm quantifies the degree of disorder in the EEG. During anaesthesia the disorder of the EEG, or entropy, falls. Entropy is independent of absolute frequency or amplitude of the EEG. This may make it suitable for paediatric anaesthesia. In this prospective observational blinded study we recorded the Entropy and Bispectral Index in 23 children undergoing general anaesthesia with isoflurane and nitrous oxide, supplemented with peripheral nerve blockade. We recorded Entropy at several times during anaesthesia, pre-awakening and 1-minute post-awakening. Entropy pre-awakening and 1 minute after awakening was compared to a value during anaesthesia in three age groups; less than one-year-old (infants), one to five years (toddlers) and five to twelve years (children). The correlation between BIS and Entropy was also calculated. Entropy post-awakening was higher than during anaesthesia for all age groups. Entropy pre-awakening was higher than during anaesthesia for the children and toddlers. This was not as apparent in infants. There was a strong correlation between BIS and Entropy for children and toddlers. The correlation was less for infants. This study demonstrates that, in children, Entropy is lower during anaesthesia when compared to awake values. Further evaluation in the paediatric population is worthwhile.",include,
15766903,Quantal breathing frequency variation in halothane anaesthetised neonatal rats.,Respiratory physiology & neurobiology,2005,"We examined the changes in cardioventilatory synchronisation and breathing frequency variability that occur during early postnatal development in anaesthetised rats. Five-minute periods of heart rate and inspiratory timing data were recorded from 26 halothane anaesthetised, spontaneously breathing rats aged 2-14 days. The presence of cardioventilatory synchronisation was determined by examining the timing relationship between inspiratory onset and the preceding ECG R waves. We observed synchronisation at all ages, and the degree of synchronisation present (measured as the Shannon entropy of the interval between inspiration and the immediately preceding R wave) did not correlate with age. Frequent apnoeas were observed in the respiratory frequency time series. The duration of these apnoeas was close to either one or two times the duration of the immediately preceding breath. We suggest that these ""dropped breaths"" may be the consequence of a resetting of the respiratory oscillator just prior to initiation of the breath, or a gating process beneath the oscillator that intermittently blocks the mechanical initiation of breaths. Dropped breaths were seen commonly in rats up to 11 days of age, but rarely in 11-14-day old rats, and were not associated with the presence or absence of cardioventilatory synchronisation.",exclude,No consciousness relevance and no neural data
16032433,Iatrogenic fractures in ankylosing spondylitis--a report of two cases.,"European spine journal : official publication of the European Spine Society, the European Spinal Deformity Society, and the European Section of the Cervical Spine Research Society",2006,"STUDY DESIGN: Two cases of intraoperative, iatrogenic cervical spine fractures in patients with ankylosing spondylitis are reported. OBJECTIVE: To describe the uncommon complication of iatrogenic cervical spine fractures occurring during spine surgery in patients with ankylosing spondylitis. SUMMARY OF BACKGROUND DATA: To our knowledge, this is the first report on this rare complication. METHODS: A 39-year-old patient (1) with ankylosing spondylitis was operated on for cervical stenosis due to C1/2 anterolisthesis. Fifteen hours postoperatively, he developed acute quadriplegia. MRI revealed a fracture/dislocation of C6 on C7 and compression of the spinal cord at this level. Revision was performed with decompression and instrumentation from the occiput to T3. A 55-year-old patient (2) with ankylosing spondylitis and thoracic hyperkyphosis underwent a correction procedure consisting of costotransversectomy, anterior cage implantation at T8/9, and posterior instrumentation from T4 to L1. Halo traction was temporarily applied for correction. At the end of the operation, with the patient still under anesthesia, increased mobility of the cervical spine was noticed. Emergent MRI revealed a fracture of the anterior structures of C6/7. Posterior instrumentation from C5 to T1 was then performed. RESULTS: Quadriplegia persisted in patient 1 until his death secondary to further complications. Patient 2 was mobilized without any neurologic deficits. The fracture healed in good alignment. CONCLUSIONS: Iatrogenic fractures of the cervical spine during surgery in ankylosing spondylitis patients are a rare but potentially severe complication. Early diagnosis and therapy are necessary before dislocation, cord compression, and subsequent neurologic impairment occur.",exclude,"No consciousness relevance, no complexity measures and no neural data"
16115246,Correlation of EEG spectral entropy with regional cerebral blood flow during sevoflurane and propofol anaesthesia.,Anaesthesia,2005,"ENTROPY index monitoring, based on spectral entropy of the electroencephalogram, is a promising new method to measure the depth of anaesthesia. We examined the association between spectral entropy and regional cerebral blood flow in healthy subjects anaesthetised with 2%, 3% and 4% end-expiratory concentrations of sevoflurane and 7.6, 12.5 and 19.0 microg.ml(-1) plasma drug concentrations of propofol. Spectral entropy from the frequency band 0.8-32 Hz was calculated and cerebral blood flow assessed using positron emission tomography and [(15)O]-labelled water at baseline and at each anaesthesia level. Both drugs induced significant reductions in spectral entropy and cortical and global cerebral blood flow. Midfrontal-central spectral entropy was associated with individual frontal and whole brain blood flow values across all conditions, suggesting that this novel measure of anaesthetic depth can depict global changes in neuronal activity induced by the drugs. The cortical areas of the most significant associations were remarkably similar for both drugs.",include,
16154729,"Neurophysiological markers of contextual processing: the relationship between P3b and Gamma synchrony and their modulation by arousal, performance and individual differences.",Brain research. Cognitive brain research,2005,"The ability to identify and respond to significant events in the environment is a vital aspect of human cognition and yet is poorly understood as a dynamic neural process. While the response to a contextually-relevant stimulus involves a number of complimentary processes, including selective attention and neural binding, it is also subject to modulation by factors like arousal, age and sex. Adopting an integrative approach, we investigated contextual processing (as indexed by P3b and Gamma phase synchrony) in 120 healthy subjects performing an auditory oddball task while controlling for these other modulating factors. Results suggest a relationship between P3b and Gamma-2 synchrony in posterior regions only, with phasic anterior processing seemingly unrelated to that in posterior regions. However, only the P3b was significantly correlated to central and autonomic arousal. Further, while age and sex were associated with variation in individual measures, they did not strongly affect the relationship between the measures. We concluded that, in simple contextual processing, global and local elements of target stimuli are processed in parallel with little variation being shown between the sexes or resulting from increasing age.",maybe,
16488261,Extranodal Rosai-Dorfman disease with multiple spinal lesions: a rare presentation.,Surgical neurology,2006,"BACKGROUND: Rosai-Dorfman disease is an idiopathic histiocytic proliferative disorder characterized by sinus histiocytosis and massive lymphadenopathy. Extranodal involvement is rare and central nervous system (CNS) involvement is unusual. We present a case of a multiple-level spinal involvement by Rosai-Dorfman disease without cervical lymphadenopathy, which is distinctly rare. Very few cases have been reported in literature. Its resemblance with meningiomas both clinically and radiologically makes its diagnosis all the more difficult. CASE DESCRIPTION: A 23-year-old woman presented with quadriparesis and incontinence of urine and stool with a history of being operated on twice for dorsal spine tumor. On examination she had hypoesthesia below the C6 vertebra with anesthesia below D3, and absent joint position and vibration sensations. The patient had spasticity in lower limbs with normal tone in upper limbs. Deep tendon reflexes were hyporeflexic in upper limbs and hyperreflexic in lower limbs with bilateral ankle clonus with bilateral Babinski sign. Magnetic resonance imaging of the cervicodorsal spine was suggestive of multiple intradural extramedullary space-occupying lesion with probability of meningiomas. Surgical resection of 3 tumors was done and sent for histopathology, which was suggestive of sinus histiocytosis with massive lymphadenopathy (Rosai-Dorfman disease). The patient had good postoperative recovery and was followed up for 5 months with no new complaints. CONCLUSION: Rosai-Dorfman disease is a rare entity having clinical and radiological similarity to meningioma. It is similar to lymph node histiocytosis and rarely involves the CNS. It is a benign lymphohistiocytic proliferative condition of unknown etiology. Histopathology showing emperipolesis (lymphophagocytosis) and immunohistochemistry showing S-100 positivity is diagnostic. Surgical resection is the treatment of choice.",exclude,"No consciousness relevance, no complexity measures and no neural data"
16632826,Spectral entropy and bispectral index as measures of the electroencephalographic effects of propofol.,Anesthesia and analgesia,2006,"Recently, Datex-Ohmeda introduced the Entropy Moduletrade mark for measuring depth of anesthesia. Based on the Shannon entropy of the electroencephalogram, state entropy (SE) and response entropy (RE) are computed. We investigated the dose-response relationship of SE and RE during propofol anesthesia in comparison with the Bispectral Indextrade mark (BIS). Twenty patients were studied without surgical stimulus. Anesthesia was induced by a constant propofol infusion of 2000 mg/h (451 +/- 77 microg x min(-1) x kg(-1)) via a large forearm vein. Propofol was infused until substantial burst suppression occurred (more than 50%) or mean arterial blood pressure decreased to <60 mm Hg. Hereafter, infusions were stopped until recovery of BIS values up to 60 was reached. Subsequently, the constant propofol infusion of 2000 mg/h was restarted to increase depth of anesthesia and again decreased (infusion was stopped) within the BIS value range of 40-60. The coefficient of determination (R2) and the prediction probability (P(K)) were calculated to evaluate the performance of SE, RE, and BIS to predict changing propofol effect-site concentrations. R2 values for SE, RE, and BIS of 0.88 +/- 0.08, 0.89 +/- 0.07, and 0.92 +/- 0.06, respectively, were similar. The calculated P(K) values, however, revealed a significant difference between SE and RE compared with BIS, with P(K) = 0.77 +/- 0.09, 0.76 +/- 0.10, and 0.84 +/- 0.06, respectively. BIS seems to show slight advantages in predicting propofol effect-site concentrations compared with SE and RE, as measured by P(K) but not as measured by R2.",,
16807101,Increase in high frequency EEG activity explains the poor performance of EEG spectral entropy monitor during S-ketamine anesthesia.,Clinical neurophysiology : official journal of the International Federation of Clinical Neurophysiology,2006,"OBJECTIVE: To study the effects of S-ketamine on the EEG and to investigate whether spectral entropy of the EEG can be used to assess the depth of hypnosis during S-ketamine anesthesia. METHODS: The effects of sub-anesthetic (159 (21); mean (SD) ng/ml) and anesthetic (1,959 (442) ng/ml) serum concentrations of S-ketamine on state entropy (SE), response entropy (RE) and classical EEG spectral power variables (recorded using the Entropy Module, GE Healthcare, Helsinki, Finland) were studied in 8 healthy males. These EEG data were compared with EEG recordings from 6 matching subjects anesthetized with propofol. RESULTS: The entropy values decreased from the baseline SE 85 (3) and RE 96 (3) to SE 55 (18) and RE 72 (17) during S-ketamine anesthesia but both inter- and intra-individual variation of entropy indices was wide and their specificity to indicate unconsciousness was poor. Propofol induced more pronounced increase in delta power (P<0.02) than S-ketamine, whereas anesthetic S-ketamine induced more high frequency EEG activity in the gamma band (P<0.001). Relative power of 20-70 Hz EEG activity was associated with high SE (P=0.02) and RE (P=0.03) values during S-ketamine anesthesia. CONCLUSIONS: These differences in low and high frequency EEG power bands probably explain why entropy monitor, while adequate for propofol, is not suitable for assessing the depth of S-ketamine anesthesia. SIGNIFICANCE: The entropy monitor is not adequate for monitoring S-ketamine-induced hypnosis.",include,
17281562,Fractal dimension of the EEG for detection of behavioural microsleeps.,Conference proceedings : ... Annual International Conference of the IEEE Engineering in Medicine and Biology Society. IEEE Engineering in Medicine and Biology Society. Annual Conference,2005,"The fractal dimension (FD) of EEG has been shown to be of value in the detection of epileptic seizures. In this paper, we assess its usefulness in detecting behavioural microsleeps. Fifteen non-sleep-deprived normal subjects performed two 1-hour sessions of a continuous tracking task while EEG, EOG and facial video were recorded. Higuchi's algorithm was used to calculate the FD of the EEG. Video lapses were scored independently from tracking performance by a human rater. A subset of data was rated independently by three human raters observing both tracking performance and the video rating to identify behavioural microsleep events. The mean point-biserial correlation between FD and the mean human rating was -0.213 indicating modest agreement. Crossvalidated detection performance of the FD was poor with a mean correlation (.. = -0.099). This suggests that, on its own, FD of the EEG is unlikely to be useful for detecting microsleeps.",include,
17285415,Pneumocephalus during continuous epidural block.,Journal of anesthesia,2007,"We report a case of pneumocephalus during continuous epidural infusion. A 52-year-old malnourished man with rectal cancer had been treated with continuous epidural block for the relief of pain in the left thigh. Eleven days after catheter insertion, a dull, persistent headache occurred in the frontal region, and it worsened gradually. It was precipitated by any head motion and was not relieved by the supine position. A head computed tomography (CT) scan taken 3 days after the onset of the headache revealed about 15 ml of intracranial air and backward compression of the brain. The catheter was removed and the patient maintained bed-rest. The headache disappeared 2 days later. It is speculated that the air was sucked in through the space along the epidural catheter.",exclude,"No consciousness relevance, no complexity measures and no neural data"
17604691,Detecting the signature of reticulothalamocortical communication in cerebrocortical electrical activity.,Clinical neurophysiology : official journal of the International Federation of Clinical Neurophysiology,2007,"OBJECTIVE: Reticulothalamocortical (RTC) and cortico-cortical (CC) communications underlie multiple fundamental neurophysiological processes. Detecting changes in RTC versus CC communication from the EEG alone remains an unsolved problem. RTC communication shows complex (linear and nonlinear) properties in EEG. Aiming to detect changes in complexity of RTC communication from EEG, we applied a novel concept to analyze the complexity of information flow in RTC communication on different time scales of neuronal oscillations with mutual information function (MIF). METHODS: We studied information flow in RTC and CC communication in a previously established model of moderate and deep propofol/fentanyl anesthesia in six juvenile pigs. We recorded the electrothalamogram (EThG) of the reticular thalamic nucleus (RTN) and the electrocorticogram (ECoG) of five ipsilateral regions and characterized their linear (spectral power, coherence) and complexity (MIF) properties. RESULTS: During deep anesthesia, ECoG complexity over the temporoparietal region decreased on the time scale of beta frequency band. The spectral power in the beta frequency band decreased over others, but not over the temporoparietal region. Coherence decreased predominantly in the alpha band in both CC and RTC communication while information flow complexity decreased specifically in RTC, but not in CC, communication, suggesting higher information flow in RTC communication during deep anesthesia. CONCLUSIONS: Information flow complexity changes in ECoG specifically reflect changes in RTC communication. SIGNIFICANCE: RTC communication can be quantified from cerebrocortical activity alone by assessing information flow complexity of CC communication.",include,
17616423,A case of iatrogenic cerebral infarction demonstrated by postmortem cerebral angiography.,"Legal medicine (Tokyo, Japan)",2007,"A 37-year-old man with a meningioma compressing the right frontal lobe underwent preoperative embolization of the feeding vessels from the right meningeal artery. Although the first challenge was apparently successful, an excess amount of embolization agent was accidentally injected during the next procedure. X-ray monitoring demonstrated flow of contrast medium into the right internal carotid, anterior and middle cerebral arteries, and then the patient suddenly developed left hemiparesis, nausea, and deep coma. He died 48 days after the embolization treatment without improvement of the coma. A medicolegal autopsy was performed to determine whether malpractice had occurred during the embolization procedure. An internal examination demonstrated massive necrosis of the cerebral hemispheres and lobar pneumonia with abscess in the lungs. Due to the extensive brain necrosis, it was impossible to carry out ordinary macroscopic examination to identify the precise site of the craniocerebral vessel occlusion. Postmortem angiography was therefore performed, and this successfully revealed occlusion of the right internal carotid artery. In this case, postmortem angiography played a key role in identification of the intracranial vascular lesion that was responsible for the iatrogenic cerebral infarction.",exclude,"No consciousness relevance, no complexity measures and no neural data"
17945960,Comparison of the properties of EEG spindles in sleep and propofol anesthesia.,Conference proceedings : ... Annual International Conference of the IEEE Engineering in Medicine and Biology Society. IEEE Engineering in Medicine and Biology Society. Annual Conference,2006,"Electroencephalogram spindle patterns corresponding to two different phenomena-natural sleep and propofol anesthesia-are compared. The spindles are extracted from 5 overnight sleep recordings and 10 recordings of deep propofol anesthesia. Mean frequency, angle of the trend in instant frequency as well as 3 nonlinear parameters-spectral entropy, approximate entropy, and Higuchi fractal dimension- are calculated to characterize the spindle waveforms. Using the Wilcoxon rank sum test with significance level of 0.01, all the mentioned features, except approximate entropy, differ significantly for the two types of EEG spindles.",include,
18487047,Sellar xanthogranuloma manifesting as obstructive hydrocephalus.,Journal of clinical neuroscience : official journal of the Neurosurgical Society of Australasia,2008,"Xanthogranuloma of the sellar region is rare. It typically causes symptoms of pituitary dysfunction or visual change due to compression of the optic chiasm. However, to the best of our knowledge, no case of xanthogranuloma-associated hydrocephalus has been documented in the literature. This study describes a 32-year-old man afflicted with xanthogranuloma of the sellar region who presented with acute change in consciousness and associated obstructive hydrocephalus. A literature review and discussion regarding therapeutic options for this condition are presented.",exclude,"No consciousness relevance, no complexity measures and no neural data"
18686072,Cystothecostomy: a new technique to treat long segment spinal extradural arachnoid cyst.,British journal of neurosurgery,2008,"Pathogenesis and treatment of the spinal arachnoid cyst has not been well established. A novel method of treatment of a long segment spinal arachnoid cyst is being presented in a 9-year-old boy. He presented to us with a slowly progressive spastic paraparesis. MRI revealed dorsal epidural arachnoid cyst extending from T7 vertebral body to L1 body producing marked cord compression. In order to save the child from a long segment laminectomy or laminoplasty, a new minimally invasive technique was devised. In this technique L1 laminectomy was performed under local anaesthesia, and the cyst was communicated to thecal sac by making an interconnecting stoma. We named this procedure as cystothecostomy. There was gradual neurological recovery after the procedure.",exclude,"No consciousness relevance, no complexity measures and no neural data"
18823234,Theta phase synchrony and conscious target perception: impact of intensive mental training.,Journal of cognitive neuroscience,2009,"The information processing capacity of the human mind is limited, as is evidenced by the attentional blink-a deficit in identifying the second of two targets (T1 and T2) presented in close succession. This deficit is thought to result from an overinvestment of limited resources in T1 processing. We previously reported that intensive mental training in a style of meditation aimed at reducing elaborate object processing, reduced brain resource allocation to T1, and improved T2 accuracy [Slagter, H. A., Lutz, A., Greischar, L. L., Francis, A. D., Nieuwenhuis, S., Davis, J., et al. Mental training affects distribution of limited brain resources. PloS Biology, 5, e138, 2007]. Here we report EEG spectral analyses to examine the possibility that this reduction in elaborate T1 processing rendered the system more available to process new target information, as indexed by T2-locked phase variability. Intensive mental training was associated with decreased cross-trial variability in the phase of oscillatory theta activity after successfully detected T2s, in particular, for those individuals who showed the greatest reduction in brain resource allocation to T1. These data implicate theta phase locking in conscious target perception, and suggest that after mental training the cognitive system is more rapidly available to process new target information. Mental training was not associated with changes in the amplitude of T2-induced responses or oscillatory activity before task onset. In combination, these findings illustrate the usefulness of systematic mental training in the study of the human mind by revealing the neural mechanisms that enable the brain to successfully represent target information.",include,
18990620,Detrended fluctuation analysis of intracranial pressure predicts outcome following traumatic brain injury.,IEEE transactions on bio-medical engineering,2008,"Detrended fluctuation analysis (DFA) is a recently developed technique suitable for describing scaling behavior of variability in physiological signals. The purpose of this study is to explore applicability of DFA methods to intracranial pressure (ICP) signals recorded in patients with traumatic brain injury (TBI). In addition to establishing the degree of fit of the power-law scaling model of detrended fluctuations of ICP in TBI patients, we also examined the relationship of DFA coefficients (scaling exponent and intercept) to: 1) measures of initial neurological functioning; 2) measures of functional outcome at six month follow-up; and 3) measures of outcome, controlling for patient characteristics, and initial neurological status. In a sample of 147 moderate-to-severely injured TBI patients, we found that a higher DFA scaling exponent is significantly associated with poorer initial neurological functioning, and that lower DFA intercept and higher DFA scaling exponent jointly predict poorer functional outcome at six month follow-up, even after statistical control for covariates reflecting initial neurological condition. DFA describes properties of ICP signal in TBI patients that are associated with both initial neurological condition and outcome at six months postinjury.",exclude,"No consciousness relevance and no neural data, but uses a nonlinear measure DFA"
20421793,Artefact in the electroencephalographic monitoring in a patient with brain metastasis.,European journal of anaesthesiology,2010,"This European Journal of Anaesthesiology correspondence reports that EEG index monitors can produce inaccurate, low-value readings in patients with focal brain metastasis due to tumor-induced, low-amplitude slow waves being misinterpreted as deep anesthesia. Authors conclude that in patients with cerebral lesions, clinicians must obtain pre-induction baselines and verify findings with dual-hemispheric monitoring to interpret these values accurately.",maybe,
20626893,Investigating the synchronization of hippocampal neural network in response to acute nicotine exposure.,Journal of neuroengineering and rehabilitation,2010,"Previous studies suggested that gamma oscillations in the brain are associated with higher order cognitive function including selective visual attention, motor task planning, sensory perception, working memory and dreaming REM sleep. These oscillations are mainly observed in cortical regions and also occur in neocortical and subcortical areas and the hippocampus. In this paper, we investigate the influence of acute exposure to nicotine on the complexity of hippocampal gamma oscillations.Using the approximate entropy method, the influence of acute nicotine exposure on the hippocampal gamma oscillations was investigated. The hippocampal gamma oscillations have been generated in response to the 100 Hz stimulus and isolated using the visual inspection and spectral analysis method. Our central hypothesis is that acute exposure to nicotine significantly reduces the complexity of hippocampal gamma oscillations. We used brain-slice recordings and the approximate entropy method to test this hypothesis. The approximate entropy (complexity) values of the hippocampal gamma oscillations are estimated from the 14 hippocampal slices. Our results show that it takes at least 100 msec to see any hippocampal activities in response to the 100 Hz stimulus. These patterns noticeably changed after 100 msec until 300 msec after the stimulus Finally, they were less prominent after 300 msec. We have analyzed the isolated hippocampal gamma oscillations (between 150 and 250 msec after the stimulus) using the approximate entropy (ApEn) method. Our results showed that the ApEn (complexity) values of hippocampal gamma oscillations during nicotine exposure were reduced compared to those of hippocampal gamma oscillations during control, and washout. This reduction was much more significant in response to acute nicotine exposure (p < 0.05) compared to those during control and washout conditions. These results suggest that the neural firing becomes regular and the hippocampal networks become synchronized in response to nicotine exposure.",exclude,No consciousness relevance
20633658,Fractal-dimension analysis detects cerebral changes in preterm infants with and without intrauterine growth restriction.,NeuroImage,2010,"In the search for a useful parameter to detect and quantify subtle brain abnormalities in infants with intrauterine growth restriction (IUGR), we hypothesised that the analysis of the structural complexity of grey matter (GM) and white matter (WM) using the fractal dimension (FD), a measurement of the topological complexity of an object, could be established as a useful tool for quantitative studies of infant brain morphology. We studied a sample of 18 singleton IUGR premature infants, (12.72 months corrected age (CA), range: 12 months-14 months), 15 preterm infants matched one-to-one for gestational age (GA) at delivery (12.6 months; range: 12 months-14 months), and 15 neonates born at term (12.4 months; range: 11 months-14 months). The neurodevelopmental outcome was assessed in all subjects at 18 months CA according to the Bayley Scale for Infant and Toddler Development - Third edition (BSID-III). For MRI acquisition and processing, the infants were scanned at 12 months CA, in a TIM TRIO 3T scanner, sleeping naturally. Images were pre-processed using the SPM5 toolbox, the GM and WM segmented under the VBM5 toolbox, and the box-counting method was applied for FD calculation of normal and skeletonized segmented images. The results showed a significant decrease of the FD of the brain GM and WM in the IUGR group when compared to the preterm or at-term controls. We also identified a significant linear tendency of both GM and WM FD from IUGR to preterm and term groups. Finally, multiple linear analyses between the FD of the GM or WM and the neurodevelopmental scales showed a significant regression of the language and motor scales with the FD of the GM. In conclusion, a decreased FD of the GM and WM in IUGR infants could be a sensitive indicator for the investigation of structural brain abnormalities in the IUGR population at 12 months of age, which can also be related to functional disorders.",exclude,No consciousness relevance and no neural data
20634711,Mutual information analysis of EEG signals indicates age-related changes in cortical interdependence during sleep in middle-aged versus elderly women.,Journal of clinical neurophysiology : official publication of the American Electroencephalographic Society,2010,"Elderly subjects exhibit declining sleep efficiency parameters with longer time spent awake at night and greater sleep fragmentation. In this article, we report on the changes in cortical interdependence during sleep stages between 15 middle-aged (range: 42-50 years) and 15 elderly (range: 71-86 years) women subjects. Cortical interdependence assessed from EEG signals typically exhibits increasing levels of correlation because human subjects progress from wake to deeper stages of sleep. EEG signals acquired from previously existing polysomnogram datasets were subjected to mutual information analysis to detect changes in information transmission associated with change in sleep stage and to understand how age affects the interdependence values. We observed a significant reduction in the interdependence between central EEG signals of elderly subjects in nonrapid eye movement and rapid eye movement stage sleep in comparison with middle-aged subjects (age group effect: elderly versus middle aged P < 0.001, sleep stage effect: P < 0.001, interaction effect between age group and sleep stage: P = 0.007). A narrowband analysis revealed that the reduction in mutual information was present in delta, theta, and sigma frequencies. These findings suggest that the lowered cortical interdependence in sleep of elderly subjects may indicate independently evolving dynamic neural activities at multiple cortical sites. The loss of synchronization between neural activities during sleep in the elderly may make these women more susceptible to localized disturbances that could lead to frequent arousals.",include,
20644418,Microvascular decompression in the treatment of trigeminal neuralgia caused by vertebrobasilar ectasia.,Neurosurgery,2010,"BACKGROUND: Vertebrobasilar ectasia (VBE) is a rare cause of trigeminal neuralgia (TN). It occurs in about 2% of all patients. OBJECTIVE: This study reviewed the clinical features, radiological concomitants, and surgical findings of VBE and evaluate the microsurgical decompression procedure as a surgical line of treatment of the associated TN. METHODS: Ten patients with TN caused by VBE and treated by microvascular decompression are the subject of this study. The study consisted of 6 men and 4 women with a mean age of 54 years. The mean duration of symptoms was 4.5 years. TN was the only symptom in 6 patients; it was associated with hemifacial spasm in 4. Arterial hypertension was present in 6 patients. Multiplanar high-resolution magnetic resonance imaging showed the accurate location and course of the ectatic vessel. Magnetic resonance angiography and digital subtraction angiography confirmed the diagnosis. Surgery demonstrated fifth nerve compression by an ectatic and tortuous vertebrobasilar artery in all cases and seventh nerve compression in 4 cases. Teflon felt was placed between the ectatic artery and compressed nerves. RESULTS: There was complete resolution of TN in 8 patients (80%) and hemifacial spasm in 3 (75%) without medication. Four of 6 hypertensive patients (66.7%) achieved normotension without medication. There was no recurrence of symptoms in the mean follow-up period of 7.8 years. CONCLUSION: Microvascular decompression is recommended for the treatment of TN caused by VBE if medical treatment has failed, if the patient is suitable for general anesthesia, and if there is evidence of vascular compression of the trigeminal nerve on magnetic resonance imaging.",exclude,"No consciousness relevance, no complexity measures and no neural data"
21145644,Dissociative states and neural complexity.,Brain and cognition,2011,"Recent findings indicate that neural mechanisms of consciousness are related to integration of distributed neural assemblies. This neural integration is particularly vulnerable to past stressful experiences that can lead to disintegration and dissociation of consciousness. These findings suggest that dissociation could be described as a level of neural disintegration reflecting a number of independent processes by means of neural complexity. In the present study measurement of dissociation, traumatic stress symptoms and neural complexity calculated using nonlinear analysis of EEG [during rest conditions], and electrodermal activity (EDA) [during rest and Stroop task] were performed in 52 university students (mean age 24.1). Neural complexity has been described using pointwise correlation dimension (PD2) calculated from EEG and EDA records. While no significant relationship was found between EEG complexity and dissociative symptoms, statistically significant relationship between EDA complexity and dissociative symptoms during rest, but not during the Stroop task, has been found. These results indicate that electrodermal complexity during rest may reflect a level of dissociative symptoms.",include,
21705870,Performance of anesthetic depth indexes in rabbits under propofol anesthesia: prediction probabilities and concentration-effect relations.,Anesthesiology,2011,"BACKGROUND: The permutation entropy, the approximate entropy, and the index of consciousness are some of the most recently studied electroencephalogram-derived indexes. In this work, a thorough comparison of these indexes was performed using propofol anesthesia in a rabbit model. METHODS: Six rabbits were anesthetized with three propofol infusion rates: 70, 100, and 130 mg · kg⁻¹ · h⁻¹, each maintained for 30 min, in a random order for each animal. Data recording was performed in the awake animals 20, 25, and 30 min after each infusion rate was begun in the recovered animals and consisted of electroencephalogram recordings, evaluation of depth of anesthesia according to a clinical scale, and arterial blood samples for plasma propofol determination. Median and spectral edge frequencies were analyzed for single-scale permutation entropy and composite multiscale permutation entropy, approximate entropy, index of consciousness, and the spectral parameters. The spectral parameters and single-scale and multiscale permutation entropies were corrected for the presence of burst suppression. Performance of the indexes was compared by prediction probability and pharmacodynamic analysis. RESULTS: The single-scale and composite multiscale permutation entropies with a burst suppression correction showed better prediction probabilities than did the other electroencephalogram-derived parameters but not better than the electromyographic activity. CONCLUSION: Single-scale and multiscale permutation entropies may be promising measures of propofol anesthetic depth when corrected for burst suppression. Additional studies should investigate the information measured by electromyography algorithms from commercial monitors of anesthetic depth. The rabbit may be a promising animal model for electroencephalographic studies because it provides a good-quality signal.",include,
21911417,The effect of striatal dopaminergic grafts on the neuronal activity in the substantia nigra pars reticulata and subthalamic nucleus in hemiparkinsonian rats.,Brain : a journal of neurology,2011,"The electrophysiological correlates of parkinsonism in the basal ganglia have been well studied in patients with Parkinson's disease and animal models. Separately, striatal dopaminergic cell transplantation has shown promise in ameliorating parkinsonian motor symptoms. However, the effect of dopaminergic grafts on basal ganglia electrophysiology has not thoroughly been investigated. In this study, we transplanted murine foetal ventral mesencephalic cells into rats rendered hemiparkinsonian by 6-hydroxydopamine injection. Three months after transplantation, extracellular and local field potential recordings were taken under urethane anaesthesia from the substantia nigra pars reticulata and subthalamic nucleus along with cortical electroencephalograms and were compared to recordings from normal and hemiparkinsonian controls. Recordings from cortical slow-wave activity and global activation states were analysed separately. Rats with histologically confirmed xenografts showed behavioural improvement measured by counting apomorphine-induced rotations and with the extended body axis test. Firing rates in both nuclei were not significantly different between control and grafted groups. However, burst firing patterns in both nuclei in the slow-wave activity state were significantly reduced (P < 0.05) in rats with large surviving grafts, compared to hemiparkinsonian controls. The neuronal firing entropies and oscillations in both nuclei were restored to normal levels in the large-graft group. Electroencephalogram spike-triggered averages also showed normalization in the slow-wave activity state (P < 0.05). These results suggest that local continuous dopaminergic stimulation exerts a normalizing effect on the downstream parkinsonian basal ganglia firing patterns. This novel finding is relevant to future preclinical and clinical investigations of cell transplantation and the development of next-generation therapies for Parkinson's disease that ameliorate pathophysiological neural activity and provide optimal recovery of function.",exclude,No consciousness relevance
22255311,Monitoring the depth of anesthesia from rat EEG using modified Shannon entropy analysis.,Annual International Conference of the IEEE Engineering in Medicine and Biology Society. IEEE Engineering in Medicine and Biology Society. Annual International Conference,2011,"In this paper, an entropy based method for quantifying the depth of anesthesia from rat EEG is presented. The proposed index for the depth of anesthesia called modified Shannon entropy (MShEn) is based on Shannon entropy (ShEn) and spectral entropy (SpEn) which are widely used for analyzing non-stationary signals. Discrimination power (DP), as a performance indicator for indexes, is defined and used to derive the final index for the depth of anesthesia. For experiment, EEG from anesthetized rats are measured and analyzed by using MShEn. MShEn shows both high stability and high correlation with other indexes for depth of anesthesia.",include,
22427847,Visual feature integration indicated by pHase-locked frontal-parietal EEG signals.,PloS one,2012,"The capacity to integrate multiple sources of information is a prerequisite for complex cognitive ability, such as finding a target uniquely identifiable by the conjunction of two or more features. Recent studies identified greater frontal-parietal synchrony during conjunctive than non-conjunctive (feature) search. Whether this difference also reflects greater information integration, rather than just differences in cognitive strategy (e.g., top-down versus bottom-up control of attention), or task difficulty is uncertain. Here, we examine the first possibility by parametrically varying the number of integrated sources from one to three and measuring phase-locking values (PLV) of frontal-parietal EEG electrode signals, as indicators of synchrony. Linear regressions, under hierarchical false-discovery rate control, indicated significant positive slopes for number of sources on PLV in the 30-38 Hz, 175-250 ms post-stimulus frequency-time band for pairs in the sagittal plane (i.e., F3-P3, Fz-Pz, F4-P4), after equating conditions for behavioural performance (to exclude effects due to task difficulty). No such effects were observed for pairs in the transverse plane (i.e., F3-F4, C3-C4, P3-P4). These results provide support for the idea that anterior-posterior phase-locking in the lower gamma-band mediates integration of visual information. They also provide a potential window into cognitive development, seen as developing the capacity to integrate more sources of information.",maybe,
22558506,Percutaneous aspiration of lumbar zygapophyseal joint synovial cyst under fluoroscopic guidance -A case report-.,Korean journal of anesthesiology,2012,"A 51-year-old man with a 1-month history of lower back pain and radiating pain visited to our pain clinic. A magnetic resonance imaging (MRI) scan demonstrated a cyst like mass at the level of the L4-5 interspace and compression of the thecal sac and the nerve root on the right side. We performed percutaneous needle aspiration of the lumbar zygapophyseal joint synovial cyst under fluoroscopic guidance. The patient felt an immediate relief of symptoms after the aspiration, and had no signs or symptoms of recurrence at the follow-up 6 months later. No demonstrable lesion was found in the 6 months follow-up MRI.",exclude,"No consciousness relevance, no complexity measures and no neural data"
22784904,Percutaneous vertebroplasty for symptomatic osteoporotic vertebral compression fracture adjacent to lumbar instrumented circumferential fusion.,Orthopedics,2012,"The purpose of this study was to evaluate the efficacy and safety of percutaneous vertebroplasty for patients with symptomatic osteoporotic vertebral compression fractures adjacent to lumbar instrumented circumferential fusion. Between January 2005 and June 2010, eighteen patients in the authors' institution with lumbar instrumented circumferential fusion had adjacent symptomatic osteoporotic vertebral compression fractures. The patients received percutaneous vertebroplasty using polymethylmethacrylate bone cement augmentation. Radiographs and magnetic resonance imaging were used. The visual analog pain scale and modified Brodsky's criteria were used to compare clinical outcomes pre- and postoperatively. Minimum follow-up was 18 months. Dual-energy x-ray absorptiometry scan confirmed osteoporosis in all patients. The average interval between fusion surgery and sustaining osteoporotic vertebral compression fractures was 24.8 months. The average interval between sustaining osteoporotic vertebral compression fractures and undergoing percutaneous vertebroplasty was 49.3 days. One-level percutaneous vertebroplasty was performed in 13 patients, and 2 levels were performed in 5 patients. The patients' visual analog pain scale scores improved by an average of 53 points postoperatively. Fifteen patients returned to preinjury activities of daily living. The average restoration of the fractured vertebral body height was 12.1%. No major surgery-related complications, occurred except asymptomatic cement leakage in 3 patients. Elderly patients undergoing lumbar instrumented fusion surgery should be aware of the possibility of adjacent vertebral compression fractures. Percutaneous vertebroplasty is a minimally invasive and effective procedure to treat such adjacent segment disease.",exclude,"No consciousness relevance, no complexity measures and no neural data"
22996869,Percutaneous osteoplasty for the treatment of a painful osteochondral lesion of the talus: a case report and literature review.,Pain physician,2012,"An osteochondral lesion of the talus (OLT) is a lesion involving the talar articular cartilage and its subchondral bone. OLT is a known cause of chronic ankle pain after ankle sprains in the active population. The lesion causes deep ankle pain associated with weight-bearing, impaired function, limited range of motion, stiffness, catching, locking, and swelling. There are 2 common patterns of OLTs. Anterolateral talar dome lesions result from inversion and dorsiflexion injuries of the ankle at the area impacting against the fibula. Posteromedial lesions result from inversion, plantar flexion, and external rotation injuries of the ankle at the area impacting against the tibial ceiling of the ankle joint. Early diagnosis of an OLT is particularly important because the tibiotalar joint is exposed to more compressive load per unit area than any other joint in the body. Failure of diagnosis can lead to the evolution of a small, stable lesion into a larger lesion or an unstable fragment, which can result in chronic pain, joint instability, and premature osteoarthritis. A 43-year-old man, with a history of ankle sprain one year previously, visited our pain clinic for continuous right ankle pain after walking or standing for more than 30 minutes. There was a focal tenderness on the posteromedial area of the right talus. Imaging studies revealed a posteromedial OLT classified as having a geode form according to the FOG (fractures, osteonecroses, geodes) radiological classification and categorized as a stage 2a lesion on magnetic resonance imaging. The patient was scheduled for aspiration and osteoplasty with hydroxyapatite under arthroscopic and fluoroscopic guidance. A 26-gauge needle was inserted to infiltrate local anesthetics into the skin over the cyst and ankle joint. An arthroscope was placed into the joint to approach the OLT. The arthroscopic view showed that there was no connection between the OLT and the cyst of the talus body. A 13-gauge bone biopsy needle was inserted into the cyst, and aspiration was performed. Aspirated fluid from the cyst was originally white and clear; however, it changed to a blood-tinged, reddish color due to mixing with the incisional blood. After aspiration, contrast medium was injected, and the shape of the spread was observed. Bone cement comprising hydroxyapatite was injected to fill the bone defect of the cyst. A 1.5 mL volume of cement was injected into the talus under vigilant fluoroscopic and arthroscopic monitoring to prevent its dissemination into the joint. There was no cement leakage into the vessels or articular space. Postoperative fluoroscopy and computed tomography images showed bone cement filling of the defect. In the present case, arthroscopic and fluoroscopic guidance was used for aspiration of an OLT and for performing percutaneous osteoplasty with hydroxyapatite for one defect; this treatment decreased pain upon weight bearing and enabled a return to work without any restrictions one week after the procedure. The purpose of this report was to highlight the presence of OLT in chronic ankle pain and to review its management strategies.",exclude,"No consciousness relevance, no complexity measures and no neural data"
23185007,Hubs of brain functional networks are radically reorganized in comatose patients.,Proceedings of the National Academy of Sciences of the United States of America,2012,"Human brain networks have topological properties in common with many other complex systems, prompting the following question: what aspects of brain network organization are critical for distinctive functional properties of the brain, such as consciousness? To address this question, we used graph theoretical methods to explore brain network topology in resting state functional MRI data acquired from 17 patients with severely impaired consciousness and 20 healthy volunteers. We found that many global network properties were conserved in comatose patients. Specifically, there was no significant abnormality of global efficiency, clustering, small-worldness, modularity, or degree distribution in the patient group. However, in every patient, we found evidence for a radical reorganization of high degree or highly efficient ""hub"" nodes. Cortical regions that were hubs of healthy brain networks had typically become nonhubs of comatose brain networks and vice versa. These results indicate that global topological properties of complex brain networks may be homeostatically conserved under extremely different clinical conditions and that consciousness likely depends on the anatomical location of hub nodes in human brain networks.",include,
23555220,Neuronal avalanches differ from wakefulness to deep sleep--evidence from intracranial depth recordings in humans.,PLoS computational biology,2013,"Neuronal activity differs between wakefulness and sleep states. In contrast, an attractor state, called self-organized critical (SOC), was proposed to govern brain dynamics because it allows for optimal information coding. But is the human brain SOC for each vigilance state despite the variations in neuronal dynamics? We characterized neuronal avalanches--spatiotemporal waves of enhanced activity--from dense intracranial depth recordings in humans. We showed that avalanche distributions closely follow a power law--the hallmark feature of SOC--for each vigilance state. However, avalanches clearly differ with vigilance states: slow wave sleep (SWS) shows large avalanches, wakefulness intermediate, and rapid eye movement (REM) sleep small ones. Our SOC model, together with the data, suggested first that the differences are mediated by global but tiny changes in synaptic strength, and second, that the changes with vigilance states reflect small deviations from criticality to the subcritical regime, implying that the human brain does not operate at criticality proper but close to SOC. Independent of criticality, the analysis confirms that SWS shows increased correlations between cortical areas, and reveals that REM sleep shows more fragmented cortical dynamics.",include,
23618036,11 cm Haughton D left cervical aortic arch aneurysm.,Journal of cardiothoracic surgery,2013,"A 56 year old Caucasian man presented with sudden loss of consciousness while driving and was found to have an 11 cm Haughton D type left cervical aortic arch aneurysm with normal brachiocephalic branching and normal descending thoracic laterality but with considerable tortuosity and redundancy of aortic arch. The aneurysm arose between the left common carotid artery and the left subclavian artery. It compressed and stretched the left common carotid artery, compressed the pulmonary trunk and the left pulmonary artery, stretched the vagus, left recurrent laryngeal and left phrenic nerves and caused extreme deviation of trachea, severely compromising the tracheal lumen. Patient underwent successful interposition graft replacement of distal aortic arch under total circulatory arrest and selective unihemispherical cerebral perfusion.",exclude,"No consciousness relevance, no complexity measures and no neural data"
23702467,Thoracoscopic resection of a giant teratoma compressing the right heart.,Interactive cardiovascular and thoracic surgery,2013,"A 26-year old female had an incidental finding of a cystic mediastinal mass (10.8 × 9.4 × 10.0 cm) in the inferior-anterior mediastinum. It had compressed the superior vena cava, right atrium and right ventricle, and additional imaging studies could not exclude right heart involvement. She underwent exploration via right thoracoscopy (video-assisted thoracoscopy), and the right groin vessels were isolated for bypass, if needed. Examination of the mass revealed its extrapericardial origin from the thymus. Complete resection was achieved with minimally invasive techniques through a 2.5-cm incision using a three-port approach. She was discharged on postoperative day one. The interdisciplinary planning and cooperation in this case avoided thoracotomy or sternotomy and allowed for a safe and complete minimally invasive resection.",exclude,"No consciousness relevance, no complexity measures and no neural data"
24013572,Reconfiguration of network hub structure after propofol-induced unconsciousness.,Anesthesiology,2013,"INTRODUCTION: General anesthesia induces unconsciousness along with functional changes in brain networks. Considering the essential role of hub structures for efficient information transmission, the authors hypothesized that anesthetics have an effect on the hub structure of functional brain networks. METHODS: Graph theoretical network analysis was carried out to study the network properties of 21-channel electroencephalogram data from 10 human volunteers anesthetized on two occasions. The functional brain network was defined by Phase Lag Index, a coherence measure, for three states: wakefulness, loss of consciousness induced by the anesthetic propofol, and recovery of consciousness. The hub nodes were determined by the largest centralities. The correlation between the altered hub organization and the phase relationship between electroencephalographic channels was investigated. RESULTS: Topology rather than connection strength of functional networks correlated with states of consciousness. The average path length, clustering coefficient, and modularity significantly increased after administration of propofol, which disrupted long-range connections. In particular, the strength of hub nodes significantly decreased. The primary hub location shifted from the parietal to frontal region, in association with propofol-induced unconsciousness. The phase lead of frontal to parietal regions in the α frequency band (8-13 Hz) observed during wakefulness reversed direction after propofol and returned during recovery. CONCLUSIONS: Propofol reconfigures network hub structure in the brain and reverses the phase relationship between frontal and parietal regions. Changes in network topology are more closely associated with states of consciousness than connectivity and may be the primary mechanism for the observed loss of frontal to parietal feedback during general anesthesia.",include,
24015222,Characterizing Alzheimer's disease severity via resting-awake EEG amplitude modulation analysis.,PloS one,2013,"Changes in electroencephalography (EEG) amplitude modulations have recently been linked with early-stage Alzheimer's disease (AD). Existing tools available to perform such analysis (e.g., detrended fluctuation analysis), however, provide limited gains in discriminability power over traditional spectral based EEG analysis. In this paper, we explore the use of an innovative EEG amplitude modulation analysis technique based on spectro-temporal signal processing. More specifically, full-band EEG signals are first decomposed into the five well-known frequency bands and the envelopes are then extracted via a Hilbert transform. Each of the five envelopes are further decomposed into four so-called modulation bands, which were chosen to coincide with the delta, theta, alpha and beta frequency bands. Experiments on a resting-awake EEG dataset collected from 76 participants (27 healthy controls, 27 diagnosed with mild-AD, and 22 with moderate-AD) showed significant differences in amplitude modulations between the three groups. Most notably, i) delta modulation of the beta frequency band disappeared with an increase in disease severity (from mild to moderate AD), ii) delta modulation of the theta band appeared with an increase in severity, and iii) delta modulation of the beta frequency band showed to be a reliable discriminant feature between healthy controls and mild-AD patients. Taken together, it is hoped that the developed tool can be used to assist clinicians not only with early detection of Alzheimer's disease, but also to monitor its progression.",exclude,No consciousness relevance
24111180,Circadian variation of scalp EEG: a novel measure based on wavelet packet transform and differential entropy.,Annual International Conference of the IEEE Engineering in Medicine and Biology Society. IEEE Engineering in Medicine and Biology Society. Annual International Conference,2013,"We propose a novel entropy-based measure to quantify the circadian variations of scalp electroencephalogram (EEG) by analyzing waking epochs of nap opportunities under an ultradian sleep-wake cycle (USW) protocol. To compute this circadian measure for a nap opportunity, each waking epoch (~1 sec) is decomposed using wavelet packet transform and the relative energy for the desired frequency band (here, 10-12 Hz) is calculated. Then, in a bootstrapping procedure, a shape statistic (skewness or kurtosis) of the relative energy distribution, after each resampling, is computed. Finally, the probability density function of this statistic is estimated, and the corresponding differential entropy is considered as the circadian measure. This measure was evaluated using EEG recordings from 4 healthy subjects during a 72-h USW procedure. According to the results, the proposed measure showed a significant circadian variation both for individual and group data, with peak values occurring near the core body temperature minimum. The performance of the entropy-based measure was also compared with that of two other measures, namely mean energy logarithm and mean energy ratio, revealing the superiority of this measure.",include,
24148338,Spontaneous spinal epidural haematoma. A case report.,The neuroradiology journal,2010,"Spinal epidural haematomas are infrequent events caused mainly by trauma or are iatrogenic following invasive spinal procedures (lumbar puncture, surgery or peridural anaesthesia). Spontaneous spinal epidural haematoma is a rare entity requiring emergency intervention in most cases. The incidence is estimated at about two to six cases per year. Early recognition, accurate diagnosis and rapid treatment may result in decreased morbidity and improved outcome. Here, we describe the case of a 60-year-old man who presented sudden paraplegia. Magnetic resonance imaging of thoracolumbar spine demonstrated an epidural mass extending from T11 to L1, causing spinal cord compression. Emergent decompressive surgery was performed and the patient had a significant improvement of neurologic deficits.",exclude,"No consciousness relevance, no complexity measures and no neural data"
24436968,Ictal alterations of consciousness during ecstatic seizures.,Epilepsy & behavior : E&B,2014,"Patients with ecstatic epileptic seizures report an altered consciousness, which they describe as a sense of heightened perception of themselves – they “feel very present” – and an increased vividness of sensory perceptions. Recently, the anterior insula has been proposed as the region where these seizures originate, based on the results of ictal nuclear imaging in three patients, the first induction of ecstatic auras by electrical stimulation, and the functional characteristics of the anterior insula in neuroimaging literature. Specifically, the anterior insula is thought to play a key role in integrating information from within the body, the external world, as well as the emotional states. In addition, the anterior insula is thought to convert this integrated information into successive global emotional moments, thus enabling both the construct of a sentient self as well as a mechanism for predictive coding. As part of the salience network, this region is also involved in switching from mind wandering toward attentional and executive processing. In this review, we will summarize previous patient reports and recap how insular functioning may be involved in the phenomenon of ecstatic seizures. Furthermore, we will relate these hypotheses to the results from research on meditation and effects of drug abuse.",exclude,A review of neuroimaging findingd with no complexity-related measure
24872527,Acetylcholine functionally reorganizes neocortical microcircuits.,Journal of neurophysiology,2014,"Sensory information is processed and transmitted through the synaptic structure of local cortical circuits, but it is unclear how modulation of this architecture influences the cortical representation of sensory stimuli. Acetylcholine (ACh) promotes attention and arousal and is thought to increase the signal-to-noise ratio of sensory input in primary sensory cortices. Using high-speed two-photon calcium imaging in a thalamocortical somatosensory slice preparation, we recorded action potential activity of up to 900 neurons simultaneously and compared local cortical circuit activations with and without bath presence of ACh. We found that ACh reduced weak pairwise relationships and excluded neurons that were already unreliable during circuit activity. Using action potential activity from the imaged population, we generated functional wiring diagrams based on the statistical dependencies of activity between neurons. ACh pruned weak functional connections from spontaneous circuit activations and yielded a more modular and hierarchical circuit structure, which biased activity to flow in a more feedforward fashion. Neurons that were active in response to thalamic input had reduced pairwise dependencies overall, but strong correlations were conserved. This coincided with a prolonged period during which neurons showed temporally precise responses to thalamic input. Our results demonstrate that ACh reorganizes functional circuit structure in a manner that may enhance the integration and discriminability of thalamic afferent input within local neocortical circuitry.",maybe,
24878284,Intractable yawning associated with mature teratoma of the supramedial cerebellum.,Journal of neurosurgery,2014,"Yawning occurs in various conditions such as hypoxia, epilepsy, and sleep disorders including sleep apnea. Intractable yawning associated with a brain tumor has been rarely reported. A 19-year-old woman presented with intractable yawning. Magnetic resonance imaging showed a tumor in the supramedial cerebellum that compressed the dorsal side of the midbrain and upper pons. After subtotal removal of the tumor, the yawning completely disappeared. Postoperative MRI showed resolution of compression of the brainstem. The tumor was histologically diagnosed as a mature teratoma. The present case suggested that the intractable yawning resulted from the tumor compressing the dorsal side of the junction between the midbrain and pons.",exclude,"No consciousness relevance, no complexity measures and no neural data"
24943075,[Clinical manifestations of 16 patients with spontaneous spinal epidural hematoma -stroke mimic and pitfalls for diagnosis].,Rinsho shinkeigaku = Clinical neurology,2014,"Clinical manifestations of 16 patients with spontaneous spinal epidural hematoma were presented. We examined the point similar to that of stroke. During the initial visit of our hospital, the patients showed the hemiplegia in 10 cases (62.5%), Horner syndrome in 4 cases (25%), the painless onset in 1 case (6.3%). And one case showed the impairment of consciousness due to vagal reflex in severe pain onset, which was similar to those of subarachnoid hemorrhage. MRI images are useful to confirm the diagnosis. The frequent site of hematoma was the lower cervical spinal cord. The oval shaped hematomas shifted to the left or right in spinal canals, compressed spinal cords in axial image, which was a cause of hemiplegia. Many cases developed during active periods, and the hemorrhage might be relevant to oral antithrombotic agent, C hepatitis, and chronic renal failure. Rapidly progressive cases were indications for emergency surgery, but conservative therapy is also possible and was better prognosis.",exclude,"No consciousness relevance, no complexity measures and no neural data"
24945670,Conscious auditory perception related to long-range synchrony of gamma oscillations.,NeuroImage,2014,"While the role of synchronized oscillatory activity in the gamma-band frequency range for conscious perception is well established in the visual domain, there is limited evidence concerning neurophysiological mechanisms in conscious auditory perception. In the current study, we addressed this issue with 64-channel EEG and a dichotic listening (DL) task in twenty-five healthy participants. The typical finding of DL is a more frequent conscious perception of the speech syllable presented to the right ear (RE), which is attributed to the supremacy of the contralateral pathways running from the RE to the speech-dominant left hemisphere. In contrast, the left ear (LE) input initially accesses the right hemisphere and needs additional transfer via interhemispheric pathways before it is processed in the left hemisphere. Using lagged phase synchronization (LPS) analysis and eLORETA source estimation we examined the functional connectivity between right and left primary and secondary auditory cortices in the main frequency bands (delta, theta, alpha, beta, gamma) during RE/LE-reports. Interhemispheric LPS between right and left primary and secondary auditory cortices was specifically increased in the gamma-band range, when participants consciously perceived the syllable presented to the LE. Our results suggest that synchronous gamma oscillations are involved in interhemispheric transfer of auditory information.",include,
25163065,Frontal-temporal synchronization of EEG signals quantified by order patterns cross recurrence analysis during propofol anesthesia.,IEEE transactions on neural systems and rehabilitation engineering : a publication of the IEEE Engineering in Medicine and Biology Society,2015,"Characterizing brain dynamics during anesthesia is a main current challenge in anesthesia study. Several single channel electroencephalogram (EEG)-based commercial monitors like the Bispectral index (BIS) have suggested to examine EEG signal. But, the BIS index has obtained numerous critiques. In this study, we evaluate the concentration-dependent effect of the propofol on long-range frontal-temporal synchronization of EEG signals collected from eight subjects during a controlled induction and recovery design. We used order patterns cross recurrence plot and provide an index named order pattern laminarity (OPL) to assess changes in neuronal synchronization as the mechanism forming the foundation of conscious perception. The prediction probability of 0.9 and 0.84 for OPL and BIS specified that the OPL index correlated more strongly with effect-site propofol concentration. Also, our new index makes faster reaction to transients in EEG recordings based on pharmacokinetic and pharmacodynamic model parameters and demonstrates less variability at the point of loss of consciousness (standard deviation of 0.04 for OPL compared with 0.09 for BIS index). The result show that the OPL index can estimate anesthetic state of patient more efficiently than the BIS index in lightly sedated state with more tolerant of artifacts.",include,
25181991,Simulating bistable perception with interrupted ambiguous stimulus using self-oscillator dynamics with percept choice bifurcation.,Cognitive processing,2014,"A behavioral stochastic self-oscillator model is used for simulating interrupted ambiguous stimulus-induced percept reversals. The results provide further support for a dynamical systems foundation of cognitive and psychological problems as discussed in detail within the context of Gestalt psychology by Wagemans et al. (Concept Theor Found Psychol Bull 138(6):1218-1252, 2012), and for coordination dynamics of the brain (Kelso in Philos Trans R Soc B 367:906-918, 2012). Statistical evaluation of simulated reversal time series predicts a maximum of the percept reversal rate that conforms with a number of results in the literature. The macroscopic model is based on two inhibitorily coupled sets of three coupled nonlinear equations, one triplet for each percept. The derivation of our specific dynamics equations is based on a drastically simplified field theoretical approach using well-known phase synchronization for explaining brain dynamics on the macroscopic EEG level. The degree of coherence (contrast μ, 0 ≤ μ ≤ 1) of the superimposed fields required for onset of bistable dynamics is related to a phase synchronization index of EEG fields, and it is used in the present context as ambiguity control parameter. For quantitative agreement with the experimental data, the addition of a stochastic Langevin force term in the attention equation proved essential. Formal analysis leads to a quantification of well-known ""cognitive inertia"" and supports the interplay between percept choice (bifurcation) dynamics during stimulus onset and adaptive gain (attention fatigue) driven quasiperiodic percept reversals.",maybe,
25276220,A wavelet transform based method to determine depth of anesthesia to prevent awareness during general anesthesia.,Computational and mathematical methods in medicine,2014,"Awareness during general anesthesia for its serious psychological effects on patients and some juristically problems for anesthetists has been an important challenge during past decades. Monitoring depth of anesthesia is a fundamental solution to this problem. The induction of anesthesia alters frequency and mean of amplitudes of the electroencephalogram (EEG), and its phase couplings. We analyzed EEG changes for phase coupling between delta and alpha subbands using a new algorithm for depth of general anesthesia measurement based on complex wavelet transform (CWT) in patients anesthetized by Propofol. Entropy and histogram of modulated signals were calculated by taking bispectral index (BIS) values as reference. Entropies corresponding to different BIS intervals using Mann-Whitney U test showed that they had different continuous distributions. The results demonstrated that there is a phase coupling between 3 and 4 Hz in delta and 8-9 Hz in alpha subbands and these changes are shown better at the channel T 7 of EEG. Moreover, when BIS values increase, the entropy value of modulated signal also increases and vice versa. In addition, measuring phase coupling between delta and alpha subbands of EEG signals through continuous CWT analysis reveals the depth of anesthesia level. As a result, awareness during anesthesia can be prevented.",include,
25570470,The causal interaction within attention networks and emotion network: a fMRI study.,Annual International Conference of the IEEE Engineering in Medicine and Biology Society. IEEE Engineering in Medicine and Biology Society. Annual International Conference,2014,"fMRI studies have suggested that there are two different attention networks: the dorsal attention network (DAN) and the ventral attention network (VAN). The emotion network has also been discovered by some researches. The dorsal attention network controls goal-oriented top-down deployment of attention; the ventral attention network controls stimulus-driven bottom-up deployment of attention; the emotion network will feed back the stimulus especially fearful expressions from the environment. The interaction within these networks has been noticed but few studies have been carried out. The purpose of this study is to explore the interaction within these networks. The regions of interest were acquired by using the GLM analysis after which the granger causality among these ROIs was calculated. Connections among ROIs were considered as causal when their respective granger causality value is greater than the mean value of all granger causalities. According to the results, there is interaction within the three networks, which suggested that the ventral attention network may distract the dorsal attention network and that the emotion network may influence both attention networks.",maybe,
25636271,Difficulty-related changes in inter-regional neural synchrony are dissociated between target and non-target processing.,Brain research,2015,"The major purpose of this study was to explore the changes in the local/global gamma-band neural synchronies during target/non-target processing due to task difficulty under an auditory three-stimulus oddball paradigm. Multichannel event-related potentials (ERPs) were recorded from fifteen healthy participants during the oddball task. In addition to the conventional ERP analysis, we investigated the modulations in gamma-band activity (GBA) and inter-regional gamma-band phase synchrony (GBPS) for infrequent target and non-target processing due to task difficulty. The most notable finding was that the difficulty-related changes in inter-regional GBPS (33-35 Hz) at P300 epoch (350-600 ms) completely differed for target and non-target processing. As task difficulty increased, the GBPS significantly reduced for target processing but increased for non-target processing. This result contrasts with the local neural synchrony in gamma-bands, which was not affected by task difficulty. Another major finding was that the spatial patterns of functional connectivity were dissociated for target and non-target processing with regard to the difficult task. The spatial pattern for target processing was compatible with the top-down attention network, whereas that for the non-target corresponded to the bottom-up attention network. Overall, we found that the inter-regional gamma-band neural synchronies during target/non-target processing change significantly with task difficulty and that this change is dissociated between target and non-target processing. Our results indicate that large-scale neural synchrony is more relevant for the difference in information processing between target and non-target stimuli.",maybe,
25716830,Granger causality analysis in neuroscience and neuroimaging.,The Journal of neuroscience : the official journal of the Society for Neuroscience,2015,No abstract,maybe,
25741277,EEG entropy measures in anesthesia.,Frontiers in computational neuroscience,2015,"HIGHLIGHTS: ► Twelve entropy indices were systematically compared in monitoring depth of anesthesia and detecting burst suppression.► Renyi permutation entropy performed best in tracking EEG changes associated with different anesthesia states.► Approximate Entropy and Sample Entropy performed best in detecting burst suppression. OBJECTIVE: Entropy algorithms have been widely used in analyzing EEG signals during anesthesia. However, a systematic comparison of these entropy algorithms in assessing anesthesia drugs' effect is lacking. In this study, we compare the capability of 12 entropy indices for monitoring depth of anesthesia (DoA) and detecting the burst suppression pattern (BSP), in anesthesia induced by GABAergic agents. METHODS: Twelve indices were investigated, namely Response Entropy (RE) and State entropy (SE), three wavelet entropy (WE) measures [Shannon WE (SWE), Tsallis WE (TWE), and Renyi WE (RWE)], Hilbert-Huang spectral entropy (HHSE), approximate entropy (ApEn), sample entropy (SampEn), Fuzzy entropy, and three permutation entropy (PE) measures [Shannon PE (SPE), Tsallis PE (TPE) and Renyi PE (RPE)]. Two EEG data sets from sevoflurane-induced and isoflurane-induced anesthesia respectively were selected to assess the capability of each entropy index in DoA monitoring and BSP detection. To validate the effectiveness of these entropy algorithms, pharmacokinetic/pharmacodynamic (PK/PD) modeling and prediction probability (Pk) analysis were applied. The multifractal detrended fluctuation analysis (MDFA) as a non-entropy measure was compared. RESULTS: All the entropy and MDFA indices could track the changes in EEG pattern during different anesthesia states. Three PE measures outperformed the other entropy indices, with less baseline variability, higher coefficient of determination (R (2)) and prediction probability, and RPE performed best; ApEn and SampEn discriminated BSP best. Additionally, these entropy measures showed an advantage in computation efficiency compared with MDFA. CONCLUSION: Each entropy index has its advantages and disadvantages in estimating DoA. Overall, it is suggested that the RPE index was a superior measure. Investigating the advantages and disadvantages of these entropy indices could help improve current clinical indices for monitoring DoA.",include,
25818684,Putting the brakes on inhibitory models of frontal lobe function.,NeuroImage,2015,"There has been much recent debate regarding the neural basis of motor response inhibition. An influential hypothesis from the last decade proposes that a module within the right inferior frontal cortex (RIFC) of the human brain is dedicated to supporting response inhibition. However, there is growing evidence to support the alternative view that response inhibition is just one prominent example of the many cognitive control processes that are supported by the same set of 'domain general' functional networks. Here, I test directly between the modular and network accounts of motor response inhibition by applying a combination of data-driven, event-related and functional connectivity analyses to fMRI data from a variety of attention and inhibition tasks. The results demonstrate that there is no inhibitory module within the RIFC. Instead, response inhibition recruits a functionally heterogeneous ensemble of RIFC networks, which can be dissociated from each other in the context of other task demands.",maybe,
25837427,Large-Scale Persistent Network Reconfiguration Induced by Ketamine in Anesthetized Monkeys: Relevance to Mood Disorders.,Biological psychiatry,2016,"BACKGROUND: Ketamine is a highly attractive candidate for developing fast-onset antidepressant agents; however, the relevant brain circuits that underlie sustained, efficacious antidepressant effects remain largely unknown. METHODS: We used a holistic scheme combining whole-brain resting-state fMRI and graph theoretical analysis to examine the sustained effects on brain networks after administration of a single dose of ketamine and to identify the brain regions and circuits preferentially targeted by ketamine. Topological differences in functional networks of anesthetized macaque monkeys were compared between ketamine (.5 mg/kg) and saline treatment after 18 hours. RESULTS: We observed persistent global reconfiguration of small-world properties in response to ketamine intake, accompanied by large-scale downregulation of functional connectivity, most prominently in the orbital prefrontal cortex, the subgenual and posterior cingulate cortices, and the nucleus accumbens. Intriguingly, intrinsic connectivity with the medial prefrontal areas in the reward circuits were selectively downregulated. Global and regional regulations of the brain networks precisely opposed the maladaptive alterations in the depressed brain. CONCLUSIONS: Our results demonstrated that local synaptic plasticity triggered by blockade of N-methyl-D-aspartic acid receptors was capable of translating into prolonged network reconfiguration in the distributed cortico-limbic-striatal circuit, providing mechanistic insight into developing specific loci or circuit-targeted, long-term therapeutics.",exclude,"Uses Ketamine, but not in regards to altered state of consciousness, but as antidepressant network mechanism"
26358818,Assessment of Intramedullary Spinal Pressure in Small Breed Dogs With Thoracolumbar Disk Extrusion Undergoing Hemilaminectomy.,Veterinary surgery : VS,2015,"OBJECTIVE: To assess intramedullary spinal pressure (IMP) in small breed dogs with thoracolumbar disk extrusion. STUDY DESIGN: Prospective cohort study. ANIMALS: Small breed dogs (n = 14) with thoracolumbar disk extrusion undergoing hemilaminectomy and healthy chondrodystrophic laboratory dogs (control; n = 3) without spinal disease. METHODS: Diagnosis was based on clinical and neurological examinations and magnetic resonance imaging (MRI) and was confirmed intraoperatively. A standardized anesthesia protocol and surgical procedure were used to minimize factors that could influence IMP. Intramedullary pressure was measured through a minidurotomy at the site of spinal cord compression using a fiber optic catheter inserted perpendicular to the longitudinal axis of the spinal cord. Measurements were taken after hemilaminectomy and again after removal of extruded disk material. RESULTS: Affected dogs had significantly higher IMP compared to control dogs (P = .008) and IMP decreased significantly post-decompression compared with initial values (P < .001). No correlation was found between IMP and neurologic grade, degree of spinal cord compression on MRI, or signal intensity changes on MRI. CONCLUSION: Acute thoracolumbar disk extrusion is associated with increased IMP in small breed dogs and surgical decompression results in an immediate decrease of IMP.",exclude,"No consciousness relevance, no complexity measures and no neural data"
26431743,Spectral entropy in monitoring anesthetic depth.,Revista espanola de anestesiologia y reanimacion,2016,"Monitoring the brain response to hypnotics in general anesthesia, with the nociceptive and hemodynamic stimulus interaction, has been a subject of intense investigation for many years. Nowadays, monitors of depth of anesthesia are based in processed electroencephalogram by different algorithms, some of them unknown, to obtain a simplified numeric parameter approximate to brain activity state in each moment. In this review we evaluate if spectral entropy suitably reflects the brain electric behavior in response to hypnotics and the different intensity nociceptive stimulus effect during a surgical procedure.",maybe,
26552800,Functional neuroimaging of extraversion-introversion.,Neuroscience bulletin,2015,"Neuroimaging techniques such as functional magnetic resonance imaging and positron emission tomography have provided an unprecedented neurobiological perspective for research on personality traits. Evidence from task-related neuroimaging has shown that extraversion is associated with activations in regions of the anterior cingulate cortex, dorsolateral prefrontal cortex, middle temporal gyrus and the amygdala. Currently, resting-state neuroimaging is being widely used in cognitive neuroscience. Initial exploration of extraversion has revealed correlations with the medial prefrontal cortex, anterior cingulate cortex, insular cortex, and the precuneus. Recent research work has indicated that the long-range temporal dependence of the resting-state spontaneous oscillation has high test-retest reliability. Moreover, the long-range temporal dependence of the resting-state networks is highly correlated with personality traits, and this can be used for the prediction of extraversion. As the long-range temporal dependence reflects real-time information updating in individuals, this method may provide a new approach to research on personality traits.",exclude,No consciousness relevance
26630426,New Magnetic Resonance Imaging Features Predictive for Post-Treatment Ambulatory Function: Imaging Analysis of Metastatic Spinal Cord Compression.,Spine,2016,"STUDY DESIGN: This is a retrospective, single-institute, radiographical study. OBJECTIVE: The study aimed to determine the correlation of magnetic resonance imaging (MRI) findings observed in metastatic spinal cord compression (MSCC) with post-treatment ambulatory status. SUMMARY OF BACKGROUND DATA: Previous studies have reported various predictors of ambulatory outcome in patients with MSCC, but the relationship between the MRI features and post-treatment ambulatory function remains to be elucidated. METHODS: Fifty-six hospitalized patients with MSCC and risk of MSCC were examined using MRI before therapeutic intervention. Circumferential ratio of cord compression (CRCC), clock position of compression, cross-sectional area (CSA), and change in signal intensity of the spinal cord were recorded. Each imaging feature was analyzed statistically regarding unassisted ambulatory status at the time of hospital discharge as the endpoint. RESULTS: CRCC showed a prognostic value for post-treatment ambulatory function. More than half of CRCC predicted poor functional prognosis with statistical significance. However, the site of cord compression expressed by clock position on axial plane showed no relationship with functional prognosis. CSA of the spinal cord was enlarged in 23% of patients at the level of MSCC, which indicated that cord compression could also be formed by a relative relationship between cord swelling and surrounding mass effect. The said patients showed a better functional outcome. High intensity of the spinal cord on T2-weighted sagittal image was not useful because of lack of inter-rater reliability. CONCLUSION: CRCC on axial T2 image can guide clinicians to identify cancer patients at risk of paraplegia because of MSCC. More than half of CRCC entails urgent treatment despite preserved ambulatory function. Furthermore, some cases of MSCC accompany increased cord CSA. The measurement is also a useful guide to balance the risk and benefit of systemic steroid therapy. MRI is the key imaging modality in the risk assessment of MSCC. LEVEL OF EVIDENCE: 4.",exclude,"No consciousness relevance, no complexity measures and no neural data"
26643354,Is There a Nonadditive Interaction Between Spontaneous and Evoked Activity? Phase-Dependence and Its Relation to the Temporal Structure of Scale-Free Brain Activity.,"Cerebral cortex (New York, N.Y. : 1991)",2017,"The aim of our study was to use functional magnetic resonance imaging to investigate how spontaneous activity interacts with evoked activity, as well as how the temporal structure of spontaneous activity, that is, long-range temporal correlations, relate to this interaction. Using an extremely sparse event-related design (intertrial intervals: 52-60 s), a novel blood oxygen level-dependent signal correction approach (accounting for spontaneous fluctuations using pseudotrials) and phase analysis, we provided direct evidence for a nonadditive interaction between spontaneous and evoked activity. We demonstrated the discrepancy between the present and previous observations on why a linear superposition between spontaneous and evoked activity can be seen by using co-occurring signals from homologous brain regions. Importantly, we further demonstrated that the nonadditive interaction can be characterized by phase-dependent effects of spontaneous activity, which is closely related to the degree of long-range temporal correlations in spontaneous activity as indexed by both power-law exponent and phase-amplitude coupling. Our findings not only contribute to the understanding of spontaneous brain activity and its scale-free properties, but also bear important implications for our understanding of neural activity in general.",maybe,
26708099,Evaluation of upper airway collapsibility using real-time MRI.,Journal of magnetic resonance imaging : JMRI,2016,"PURPOSE: To develop and demonstrate a real-time MRI method for assessing upper airway collapsibility in sleep apnea. MATERIALS AND METHODS: Data were acquired on a clinical 3 Tesla scanner using a radial CAIPIRIHNA sequence with modified golden angle view ordering and reconstructed using parallel imaging and compressed sensing with temporal finite difference sparsity constraint. Segmented airway areas together with synchronized facemask pressure were used to calculate airway compliance and projected closing pressure, Pclose , at four axial locations along the upper airway. This technique was demonstrated in five adolescent obstructive sleep apnea (OSA) patients, three adult OSA patients and four healthy volunteers. Heart rate, oxygen saturation, facemask pressure, and abdominal/chest movements were monitored in real-time during the experiments to determine sleep/wakefulness. RESULTS: Student's t-tests showed that both compliance and Pclose were significantly different between healthy controls and OSA patients (P < 0.001). The results also suggested that a narrower airway site does not always correspond to higher collapsibility. CONCLUSION: With the proposed methods, both compliance and Pclose can be calculated and used to quantify airway collapsibility in OSA with an awake scan of 30 min total scan room time. J. Magn. Reson. Imaging 2016;44:158-167.",exclude,"No consciousness relevance, no complexity measures and no neural data"
27211834,Impact brain apnoea - A forgotten cause of cardiovascular collapse in trauma.,Resuscitation,2016,"OBJECTIVE: Early death following cranial trauma is often considered unsurvivable traumatic brain injury (TBI). However, Impact Brain Apnoea (IBA), the phenomenon of apnoea following TBI, may be a significant and preventable contributor to death attributed to primary injury. This paper reviews the history of IBA, cites case examples and reports a survey of emergency responder experience. METHODS: Literature and narrative review and focused survey of pre-hospital physicians. RESULTS: IBA was first reported in the medical literature in 1705 but has been demonstrated in multiple animal studies and is frequently anecdotally witnessed in the pre-hospital arena following human TBI. It is characterised by the cessation of spontaneous breathing following a TBI and is commonly accompanied by a catecholamine surge witnessed as hypertension followed by cardiovascular collapse. This contradicts the belief that isolated traumatic brain injury cannot be the cause of shock, raising the possibility that brain injury may be misinterpreted and therefore mismanaged in patients with isolated brain injury. Current trauma management techniques (e.g. rolling patients supine, compression only cardiopulmonary resuscitation) could theoretically compound hypoxia and worsen the effects of IBA. Anecdotal examples from clinicians attending head injured patients within a few minutes of injury are described. Proposals for the study and intervention for IBA using advances in remote technology are discussed. CONCLUSION: IBA is a potential cause of early death in some head injured patients. The precise mechanisms in humans are poorly understood but it is likely that early, simple interventions to prevent apnoea could improve clinical outcomes.",exclude,"No consciousness relevance, no complexity measures and no neural data"
27221095,[Critical care management of intracerebral hemorrhage].,"Medizinische Klinik, Intensivmedizin und Notfallmedizin",2018,"BACKGROUND: Intracerebral hemorrhage accounts for up to 20 % percent of all ischemic strokes. In addition to a higher mortality, they are often associated with severe neurological impairment for those affected. OBJECTIVES: Review of the current literature and guidelines addressing the critical care management of spontaneous intracerebral hemorrhage, including treatments to reduce primary and secondary neurological damage. RESULTS: Acute blood pressure lowering to less than 140 mmHg should be aspired immediately after intensive care admission. During the following days blood pressure variability should be minimized. Preexisting oral anticoagulation should be immediately reversed, while hemostatic therapy not associated with reversal of antithrombotic therapy should not be applied. Surgery for patients with impaired consciousness should be discussed. Use of pneumatic compression in immobile patients is recommended. Developing intracranial hypertension should be treated with combined physical and pharmacological measures in a stepwise approach. Administration of glucocorticoids is currently not recommended. CONCLUSIONS: Critical care management of spontaneous hemorrhage demands a multimodal, graded approach for reduction of both primary and secondary neurological damage.",exclude,"No consciousness relevance, no complexity measures and no neural data"
27225613,Sciatic neuropathy developed after injection during curettage.,Agri : Agri (Algoloji) Dernegi'nin Yayin organidir = The journal of the Turkish Society of Algology,2016,"Intramuscular injections are likely the most common cause of sciatic nerve injury in developing countries. Less common causes include piriformis syndrome, primary tumors of the sciatic nerve, metastatic tumors invading or compressing the nerve, endometriosis, vascular malformations, and prolonged immobilization or positioning. While the most reliable diagnostic and prognostic methods include nerve conduction studies and electromyography, magnetic resonance imaging has been suggested as an alternative method of determining type of lesion, establishing location, and investigating level of nerve involvement. A case of sciatic neuropathy that developed after intramuscular injection, with patient in prolonged lithotomy position and under sedation, is described.",exclude,"No consciousness relevance, no complexity measures and no neural data"
27375144,Acute infarction of corpus callosum due to transient obstructive hydrocephalus.,Neurologia i neurochirurgia polska,2016,"Acute ischemia of the corpus callosum (CC) is not a well-known feature in patients with acute hydrocephalus. Herein, we describe a case with acute CC infarction due to another rare entity; transient obstructive hydrocephalus. A 66-year-old male was admitted with sudden onset right-sided hemiparesia. CT demonstrated a hematoma on the left basal ganglia with extension to all ventricles. The following day, the patient's neurological status progressed to coma and developed bilateral pyramidal signs. MRI demonstrated obstructive hydrocephalus and acute diffuse infarction accompanied by elevation of the CC. On the same day there was improvement in his neurological status with significant decrease in ventricular size and complete resolution of the clot in the third ventricle. The mechanism of signal abnormalities is probably related with the neural compression of the CC against the falx. Presumably, the clot causing obstruction in the third ventricle dissolved or decayed by the help of fibrinolytic activity of CSF, which was raised after IVH and caused spontaneous improvement of hydrocephalus. Bilateral neurological symptoms suggest diffuse axonal damage and normalization of the intracranial pressure should be performed on the early onset of clinical detorioration in order to prevent axonal injury.",exclude,"No consciousness relevance, no complexity measures and no neural data"
27384424,Polygenic Risk of Psychosis and Ventral Striatal Activation During Reward Processing in Healthy Adolescents.,JAMA psychiatry,2016,"IMPORTANCE: Psychotic disorders are characterized by attenuated activity in the brain's valuation system in key reward processing areas, such as the ventral striatum (VS), as measured with functional magnetic resonance imaging. OBJECTIVE: To examine whether common risk variants for psychosis are associated with individual variation in the VS. DESIGN, SETTING, AND PARTICIPANTS: A cross-sectional study of a large cohort of adolescents from the IMAGEN study (a European multicenter study of reinforcement sensitivity in adolescents) was performed from March 1, 2008, through December 31, 2011. Data analysis was conducted from October 1, 2015, to January 9, 2016. Polygenic risk profile scores (RPSs) for psychosis were generated for 1841 healthy adolescents. Sample size and characteristics varied across regression analyses, depending on mutual information available (N = 1524-1836). MAIN OUTCOMES AND MEASURES: Reward-related brain function was assessed with blood oxygen level dependency (BOLD) in the VS using the monetary incentive delay (MID) task, distinguishing reward anticipation and receipt. Behavioral impulsivity, IQ, MID task performance, and VS BOLD were regressed against psychosis RPS at 4 progressive P thresholds (P < .01, P < .05, P < .10, and P < .50 for RPS models 1-4, respectively). RESULTS: In a sample of 1841 healthy adolescents (mean age, 14.5 years; 906 boys and 935 girls), we replicated an association between increasing psychosis RPS and reduced IQ (matrix reasoning: corrected P = .003 for RPS model 2, 0.4% variance explained), supporting the validity of the psychosis RPS models. We also found a nominally significant association between increased psychosis RPS and reduced MID task performance (uncorrected P = .03 for RPS model 4, 0.2% variance explained). Our main finding was a positive association between psychosis RPS and VS BOLD during reward anticipation at all 4 psychosis RPS models and for 2 P thresholds for reward receipt (RPS models 1 and 3), correcting for the familywise error rate (0.8%-1.9% variance explained). CONCLUSIONS AND RELEVANCE: These findings support an association between psychosis RPS and VS BOLD in adolescents. Genetic risk for psychosis may shape an individual's response to rewarding stimuli.",exclude,"No consciousness relevance, no complexity measures"
27472071,Bedside quantitative electroencephalography improves assessment of consciousness in comatose subarachnoid hemorrhage patients.,Annals of neurology,2016,"OBJECTIVE: Accurate behavioral assessments of consciousness carry tremendous significance in guiding management, but are extremely challenging in acutely brain-injured patients. We evaluated whether electroencephalography (EEG) and multimodality monitoring parameters may facilitate assessment of consciousness in patients with subarachnoid hemorrhage. METHODS: A retrospective analysis was performed of 83 consecutively treated adults with subarachnoid hemorrhage. All patients were initially comatose and had invasive brain monitoring placed. Behavioral assessments were performed during daily interruption of sedation and categorized into 3 groups based on their best examination as (1) comatose, (2) arousable (eye opening or attending toward a stimulus), and (3) aware (command following). EEG features included spectral power and complexity measures. Comparisons were made using bootstrapping methods and partial least squares regression. RESULTS: We identified 389 artifact-free EEG clips following behavioral assessments. Increasing central gamma, posterior alpha, and diffuse theta-delta oscillations differentiated patients who were arousable from those in coma. Command following was characterized by a further increase in central gamma and posterior alpha, as well as an increase in alpha permutation entropy. These EEG features together with basic neurological examinations (eg, pupillary light reflex) contributed heavily to a linear model predicting behavioral state, whereas brain physiology measures (eg, brain oxygenation), structural injury, and clinical course added less. INTERPRETATION: EEG measures of behavioral states provide distinctive signatures that complement behavioral assessments of patients with subarachnoid hemorrhage shortly after the injury. Our data support the hypothesis that impaired connectivity of cortex with both central thalamus and basal forebrain underlies decreasing levels of consciousness. Ann Neurol 2016;80:541-553.",include,
27531671,Diminished supraspinal pain modulation in patients with mild traumatic brain injury.,Molecular pain,2016,"BACKGROUND: Chronic pain conditions are highly prevalent in patients with mild traumatic brain injury. Supraspinal diffuse axonal injury is known to dissociate brain functional connectivity in these patients. The effect of this dissociated state on supraspinal pain network is largely unknown. A functional magnetic resonance imaging study was conducted to compare the supraspinal pain network in patients with mild traumatic brain injury to the gender and age-matched healthy controls with the hypothesis that the functional connectivities of the medial prefrontal cortices, a supraspinal pain modulatory region to other pain-related sensory discriminatory and affective regions in the mild traumatic brain injury subjects are significantly reduced in comparison to healthy controls. RESULTS: The mild traumatic brain injury group (N = 15) demonstrated significantly (P < 0.01, cluster threshold > 150 voxels) less activities in the thalamus, pons, anterior cingulate cortex, insula, dorsolateral prefrontal cortex, and medial prefrontal cortices than the healthy control group (N = 15). Granger Causality Analyses (GCA) indicated while the left medial prefrontal cortices of the healthy control group cast a noticeable degree of outward (to affect) causality inference to multiple pain processing related regions, this outward inference pattern was not observed in the mild traumatic brain injury group. On the other hand, only patients' bilateral anterior cingulate cortex received multiple inward (to be affected) causality inferences from regions including the primary and secondary somatosensory cortices and the inferior parietal lobe. Resting state functional connectivity analyses indicated that the medial prefrontal cortices of the mild traumatic brain injury group demonstrated a significantly (P < 0.01, F = 3.6, cluster size > 150 voxels) higher degree of functional connectivity to the inferior parietal lobe, premotor and secondary somatosensory cortex than the controls. Conversely, the anterior cingulate cortex of the healthy group demonstrated significantly (P < 0.01, F = 3.84, cluster size > 150 voxels) less degree of functional connectivities to the inferior parietal lobe and secondary somatosensory cortex than their mild traumatic brain injury counterparts. CONCLUSIONS: In short, the current study demonstrates that patients with mild traumatic brain injury and headaches appear to have an altered state of supraspinal modulatory and affective functions related to pain perception.",exclude,No consciousness relevance
27604722,Lateral (Parasagittal) Fluid Percussion Model of Traumatic Brain Injury.,"Methods in molecular biology (Clifton, N.J.)",2016,"Fluid percussion was first conceptualized in the 1940s and has evolved into one of the leading laboratory methods for studying experimental traumatic brain injury (TBI). Over the decades, fluid percussion has been used in numerous species and today is predominantly applied to the rat. The fluid percussion technique rapidly injects a small volume of fluid, such as isotonic saline, through a circular craniotomy onto the intact dura overlying the brain cortex. In brief, the methods involve surgical production of a circular craniotomy, attachment of a fluid-filled conduit between the dura overlying the cortex and the outlet port of the fluid percussion device. A fluid pulse is then generated by the free-fall of a pendulum striking a piston on the fluid-filled cylinder of the device. The fluid enters the cranium, producing a compression and displacement of the brain parenchyma resulting in a sharp, high magnitude elevation of intracranial pressure that is propagated diffusely through the brain. This results in an immediate and transient period of traumatic unconsciousness as well as a combination of focal and diffuse damage to the brain, which is evident upon histological and behavioral analysis. Numerous studies have demonstrated that the rat fluid percussion model reproduces a wide range of pathological features associated with human TBI.",exclude,"No consciousness relevance, no complexity measures and no neural data"
27607439,Attention Network Dysfunction in Bulimia Nervosa - An fMRI Study.,PloS one,2016,"OBJECTIVE: Recent evidence has suggested an increased rate of comorbid ADHD and subclinical attentional impairments in bulimia nervosa (BN) patients. However, little is known regarding the underlying neural mechanisms of attentional functions in BN. METHOD: Twenty BN patients and twenty age- and weight-matched healthy controls (HC) were investigated using a modified version of the Attention Network Task (ANT) in an fMRI study. This design enabled an investigation of the neural mechanisms associated with the three attention networks involved in alerting, reorienting and executive attention. RESULTS: The BN patients showed hyperactivation in parieto-occipital regions and reduced deactivation of default-mode-network (DMN) areas during alerting compared with HCs. Posterior cingulate activation during alerting correlated with the severity of eating-disorder symptoms within the patient group. Conversely, BN patients showed hypoactivation during reorienting and executive attention in anterior cingulate regions, the temporo-parietal junction (TPJ) and parahippocampus compared with HCs, which was negatively associated with global ADHD symptoms and impulsivity, respectively. DISCUSSION: Our findings demonstrate altered brain mechanisms in BN associated with all three attentional networks. Failure to deactivate the DMN and increased parieto-occipital activation required for alerting might be associated with a constant preoccupation with food or body image-related thoughts. Hypoactivation of executive control networks and TPJ might increase the likelihood of inattentive and impulsive behaviors and poor emotion regulation. Thus, dysfunction in the attentional network in BN goes beyond an altered executive attentional domain and needs to be considered in the diagnosis and treatment of BN.",exclude,"No consciousness relevance, no complexity measures"
27859029,Reactivation of seizure-related changes to interictal spike shape and synchrony during postseizure sleep in patients.,Epilepsia,2017,"OBJECTIVE: Local field potentials (LFPs) arise from synchronous activation of millions of neurons, producing seemingly consistent waveform shapes and relative synchrony across electrodes. Interictal spikes (IISs) are LFPs associated with epilepsy that are commonly used to guide surgical resection. Recently, changes in neuronal firing patterns observed in the minutes preceding seizure onset were found to be reactivated during postseizure sleep, a process called seizure-related consolidation (SRC), due to similarities with learning-related consolidation. Because IISs arise from summed neural activity, we hypothesized that changes in IIS shape and relative synchrony would be observed in the minutes preceding seizure onset and would be reactivated preferentially during postseizure slow-wave sleep (SWS). METHODS: Scalp and intracranial recordings were obtained continuously across multiple days from clinical macroelectrodes implanted in patients undergoing treatment for intractable epilepsy. Data from scalp electrodes were used to stage sleep. Data from intracranial electrodes were used to detect IISs using a previously established algorithm. Partial correlations were computed for sleep and wake periods before and after seizures as a function of correlations observed in the minutes preceding seizures. Magnetic resonance imaging (MRI) and computed tomography (CT) scans were co-registered with electroencephalography (EEG) to determine the location of the seizure-onset zone (SOZ). RESULTS: Changes in IIS shape and relative synchrony were observed on a subset of macroelectrodes minutes before seizure onset, and these changes were reactivated preferentially during postseizure SWS. Changes in synchrony were greatest for pairs of electrodes where at least one electrode was located in the SOZ. SIGNIFICANCE: These data suggest preseizure changes in neural activity and their subsequent reactivation occur across a broad spatiotemporal scale: from single neurons to LFPs, both within and outside the SOZ. The preferential reactivation of seizure-related changes in IISs during postseizure SWS adds to a growing body of literature suggesting that pathologic neural processes may utilize physiologic mechanisms of synaptic plasticity.",maybe,
27869561,Successful drug-coated balloon angioplasty and single anti-platelet therapy to treat an ischaemic stroke patient with haemorrhage and acute coronary syndrome.,Acute cardiac care,2016,"A 55-year-old male presented with two challenging problems, i.e. acute coronary syndrome (ACS) and a major bleeding episode. He first presented with ischaemic stroke and was treated with thrombolysis. However this was complicated by haemorrhagic transformation. He subsequently developed ACS with urgent coronary angiography demonstrating a critical stenosis in the proximal left anterior descending artery. Percutaneous coronary intervention (PCI) was deemed necessary but we were mindful of causing bleeding complications from the use of anti-thrombotic therapy. Despite the complexities, we used a novel approach in terms of PCI strategy and anti-platelet regimen (drug-coated balloon angioplasty and a single anti-platelet therapy) and achieved a successful outcome.",exclude,"No consciousness relevance, no complexity measures and no neural data"
29112542,European guidelines on perioperative venous thromboembolism prophylaxis: Neurosurgery.,European journal of anaesthesiology,2018,": Although there are numerous publications addressing venous thromboembolism and its prevention in neurosurgery, there are relatively few high-quality studies to guide decisions regarding thromboprophylaxis. In patients undergoing craniotomy, we recommend that if intermittent pneumatic compression (IPC) is used, it should be applied before the surgical procedure or on admission (Grade 1C). In craniotomy patients at particularly high risk for venous thromboembolism, we suggest considering the initiation of mechanical thromboprophylaxis with IPC preoperatively with addition of low molecular weight heparin (LMWH) postoperatively when the risk of bleeding is presumed to be decreased (Grade 2C). In patients with non-traumatic intracranial haemorrhage, we suggest thromboprophylaxis with IPC (Grade 2C). For patients who have had non-traumatic intracranial haemorrhage, we suggest giving consideration to commencement of LMWH or low-dose unfractionated heparin when the risk of bleeding is presumed to be low (Grade 2C). We suggest continuing thromboprophylaxis until full mobilisation of the patient (Grade 2C). For patients undergoing spinal surgery with no additional risk factors, we suggest no active thromboprophylaxis intervention apart from early mobilisation (Grade 2C). For patients undergoing spinal surgery with additional risk factors, we recommend starting mechanical thromboprophylaxis with IPC (Grade 1C), and we suggest the addition of LMWH postoperatively when the risk of bleeding is presumed to be decreased (Grade 2C).",exclude,"No consciousness relevance, no complexity measures and no neural data"
29136106,Cell-Type Specific Burst Firing Interacts with Theta and Beta Activity in Prefrontal Cortex During Attention States.,"Cerebral cortex (New York, N.Y. : 1991)",2018,"Population-level theta and beta band activity in anterior cingulate and prefrontal cortices (ACC/PFC) are prominent signatures of self-controlled, adaptive behaviors. But how these rhythmic activities are linked to cell-type specific activity has remained unclear. Here, we suggest such a cell-to-systems level linkage. We found that the rate of burst spiking events is enhanced particularly during attention states and that attention-specific burst spikes have a unique temporal relationship to local theta and beta band population-level activities. For the 5-10 Hz theta frequency range, bursts coincided with transient increases of local theta power relative to nonbursts, particularly for bursts of putative interneurons. For the 16-30 Hz beta frequency, bursts of putative interneurons phase synchronized stronger than nonbursts, and were associated with larger beta power modulation. In contrast, burst of putative pyramidal cells showed similar beta power modulation as nonbursts, but were accompanied by stronger beta power only when they occurred early in the beta cycle. These findings suggest that in the ACC/PFC during attention states, mechanisms underlying burst firing are intimately linked to narrow band population-level activities, providing a cell-type specific window into rhythmic inhibitory gating and the emergence of rhythmically coherent network states during goal directed behavior.",maybe,
29363595,Basal forebrain contributes to default mode network regulation.,Proceedings of the National Academy of Sciences of the United States of America,2018,"The default mode network (DMN) is a collection of cortical brain regions that is active during states of rest or quiet wakefulness in humans and other mammalian species. A pertinent characteristic of the DMN is a suppression of local field potential gamma activity during cognitive task performance as well as during engagement with external sensory stimuli. Conversely, gamma activity is elevated in the DMN during rest. Here, we document that the rat basal forebrain (BF) exhibits the same pattern of responses, namely pronounced gamma oscillations during quiet wakefulness in the home cage and suppression of this activity during active exploration of an unfamiliar environment. We show that gamma oscillations are localized to the BF and that gamma-band activity in the BF has a directional influence on a hub of the rat DMN, the anterior cingulate cortex, during DMN-dominated brain states. The BF is well known as an ascending, activating, neuromodulatory system involved in wake-sleep regulation, memory formation, and regulation of sensory information processing. Our findings suggest a hitherto undocumented role of the BF as a subcortical node of the DMN, which we speculate may be important for switching between internally and externally directed brain states. We discuss potential BF projection circuits that could underlie its role in DMN regulation and highlight that certain BF nuclei may provide potential target regions for up- or down-regulation of DMN activity that might prove useful for treatment of DMN dysfunction in conditions such as epilepsy or major depressive disorder.",maybe,
29386261,Timescales of Intrinsic BOLD Signal Dynamics and Functional Connectivity in Pharmacologic and Neuropathologic States of Unconsciousness.,The Journal of neuroscience : the official journal of the Society for Neuroscience,2018,"Environmental events are processed on multiple timescales via hierarchical organization of temporal receptive windows (TRWs) in the brain. The dependence of neural timescales and TRWs on altered states of consciousness is unclear. States of reduced consciousness are marked by a shift toward slowing of neural dynamics (<1 Hz) in EEG/ECoG signals. We hypothesize that such prolongation of intrinsic timescales are also seen in blood-oxygen-level-dependent (BOLD) signals. To test this hypothesis, we measured the timescales of intrinsic BOLD signals using mean frequency (MF) and temporal autocorrelation (AC) in healthy volunteers (n = 23; male/female 14/9) during graded sedation with propofol. We further examined the relationship between the intrinsic timescales (local/voxel level) and its regional connectivity (across neighboring voxels; regional homogeneity, ReHo), global (whole-brain level) functional connectivity (GFC), and topographical similarity (Topo). Additional results were obtained from patients undergoing deep general anesthesia (n = 12; male/female: 5/7) and in patients with disorders of consciousness (DOC) (n = 21; male/female: 14/7). We found that MF, AC, and ReHo increased, whereas GFC and Topo decreased, during propofol sedation. The local alterations occur before changes of distant connectivity. Conversely, all of these parameters decreased in deep anesthesia and in patients with DOC. We conclude that propofol synchronizes local neuronal interactions and prolongs the timescales of intrinsic BOLD signals. These effects may impede communication among distant brain regions. Furthermore, the intrinsic timescales exhibit distinct dynamic signatures in sedation, deep anesthesia, and DOC. These results improve our understanding of the neural mechanisms of unconsciousness in pharmacologic and neuropathologic states.SIGNIFICANCE STATEMENT Information processing in the brain occurs through a hierarchy of temporal receptive windows (TRWs) in multiple timescales. Anesthetic drugs induce a reversible suppression of consciousness and thus offer a unique opportunity to investigate the state dependence of neural timescales. Here, we demonstrate for the first time that sedation with propofol is accompanied by the prolongation of the timescales of intrinsic BOLD signals presumably reflecting enlarged TRWs. We show that this is accomplished by an increase of local and regional signal synchronization, effects that may disrupt information exchange among distant brain regions. Furthermore, we show that the timescales of intrinsic BOLD signals exhibit distinct dynamic signatures in sedation, deep anesthesia, and disorders of consciousness.",include,
29486984,Cardiac autonomic responses to nociceptive stimuli in patients with chronic disorders of consciousness.,Clinical neurophysiology : official journal of the International Federation of Clinical Neurophysiology,2018,"OBJECTIVES: Patients with chronic disorders of consciousness (DOC) may show alterations of autonomic function; however, in this clinical population, no data are available on the specific effects of nociceptive stimuli on cardiac autonomic control. Thus, we aimed at investigating the effects of a noxious stimulation on heart rate variability (HRV) in a population of patients with chronic DOC, taking into account different states of consciousness (vegetative state/unresponsive wakefulness syndrome, VS/UWS and minimally conscious state, MCS). METHODS: We enrolled twenty-four DOC patients (VS/UWS, n = 12 and MCS, n = 12). ECG and respiration were recorded during baseline, immediately after the nociceptive stimulus and, finally, during the recovery period. Linear and nonlinear HRV measures were used to evaluate the cardiac autonomic control. RESULTS: In DOC patients, nonlinear HRV analysis showed that nociceptive stimuli are able to elicit a change of autonomic function characterized by an increased sympathetic and a reduced vagal modulation. A significant reduction of autonomic complexity has also been detected. More interestingly, VS/UWS patients showed a less complex dynamics compared to MCS patients. CONCLUSIONS: Cardiac autonomic responses are able to significantly differentiate the autonomic function between VS/UWS and MCS patients. SIGNIFICANCE: Nonlinear HRV analysis may represent a useful tool to characterize the cardiac autonomic responses to nociceptive stimuli in a chronic DOC population.",include,
29730541,Stroke causes a transient imbalance of interhemispheric information flow in EEG during non-REM sleep.,Clinical neurophysiology : official journal of the International Federation of Clinical Neurophysiology,2018,"OBJECTIVE: Large-scale connectivity, especially interhemispheric connections, plays a crucial role for recovery after stroke. Here we used methods from information theory to characterize interhemispheric information flow in wake- and sleep-EEG after cerebral ischemia. METHODS: 34 patients with unilateral ischemic stroke were included. Symbolic Transfer Entropy (STE) was applied between bipolar EEG signals on the left and the right cerebral hemisphere during polysomnographic recordings in the acute phase and 3 months after stroke. RESULTS: In the acute phase, we found a sleep stage-dependent preferred interhemispheric asymmetry: during non-REM sleep the information flow was predominantly directed from the contralesional toward the ipsilesional hemisphere. This effect was greatly reduced in a follow-up recording 3 months after stroke onset. CONCLUSION: Our findings are consistent with functional imaging studies showing a transient hyperactivity of contralesional areas after stroke. We conclude that STE is a robust method for detecting post-stroke connectivity reorganizations, and that sleep stages have to be taken into account when assessing functional connectivity. SIGNIFICANCE: EEG is more widely available than functional MRI. Future studies will have to confirm whether EEG derived STE can be useful in a clinical setting during rehabilitation after stroke.",maybe,
30091718,Age-related network topological difference based on the sleep ECG signal.,Physiological measurement,2018,"OBJECTIVE: Age has been shown to be a crucial factor for the EEG and fMRI small-world networks during sleep. However, the characteristics of the age-related network based on the sleep ECG signal and how the network changes during different sleep stages are poorly understood. This study focuses on exploring the age-related scale-free and small-world network properties of the ECG signal from male subjects during distinct sleep stages, including the wakeful (W), light sleep (LS), deep sleep (DS) and rapid eye movement (REM) stages. APPROACH: The subjects are divided into two age groups: a younger (age  ⩽  40, n  =  11) group and an older group (age  >  40, n  =  25). MAIN RESULTS: For the scale-free network analysis, our results reveal a distinctive pattern of the scale free network topologies between the two age groups, including the mean degree ([Formula: see text]), the clustering coefficient ([Formula: see text]), and the path length ([Formula: see text]) features, such as the slope distribution of [Formula: see text] in the younger group increased from 1.99 during W to above 2.05 during DS. In addition, the results indicate that the small-world properties can be found across all sleep stages in both age groups. However, the small-world index in the LS and REM stages significantly decreased with age (p  =  0.0006 and p  =  0.05, respectively). SIGNIFICANCE: The comparison analysis result indicates that the network topology variations in the sleep ECG signals are prone to show age-relevant differences that could be used for sleep stage classification and sleep disorder diagnosis.",maybe,
30428706,Association Between Positive Occipital Sharp Transients of Sleep and Lambda Waves.,Clinical EEG and neuroscience,2019,"Positive occipital sharp transients of sleep (POSTS) and lambda waves have similar morphology and location. We studied a possible association between these 2 normal EEG patterns. We reviewed a series of consecutive unselected ambulatory EEGs during a 3-month period (October 16, 2017 to January 19, 2018) and identified records with POSTS and records with lambda waves. Statistical analysis was performed using a chi-square test. A total of 140 ambulatory EEGs were reviewed. Duration of EEGs ranged from 24 to 168 hours (mean 76 hours). The population was 34% males, with ages ranging from 3 to 93 years (mean 48 years). Of the 140 records, 30 were abnormal, including 20 with epileptiform abnormalities. A chi-square test for independence (with Yates continuity correction) indicated a significant association between POSTS and lambda waves, χ2(1, n = 140) = 69.208, p < .001, φ = 0.72. In addition, 100% of records with lambda waves had POSTS, and 72% of records with POSTS had lambda waves. There is a high association between lambda waves and POSTS. This suggests a strong similarity between the 2 waveforms, and possibly a common occipital generator.",exclude,No complexity measures
30552479,Microvascular obstruction extent predicts major adverse cardiovascular events in patients with acute myocardial infarction and preserved ejection fraction.,European radiology,2019,"OBJECTIVES: To investigate the prognostic role of early post-infarction cardiac magnetic resonance (CMR) on long-term risk stratification of ST segment elevation myocardial infarction (STEMI) patients with preserved left ventricular ejection fraction (LVEF). METHODS: Seventy-seven STEMI patients treated by primary percutaneous coronary intervention (PCI) and LVEF > 50% at CMR were included. The median time between STEMI and CMR was 5 days (IQR 2-8). LV volumes and function, area at risk (on T2 weighted images), infarcted myocardium (on late enhanced images), intramyocardial hemorrhage, and early and late microvascular obstruction (MVO) were detected and measured. CMR tissue determinants were correlated with the incidence of major adverse cardiovascular events (MACEs) over a 5-year follow-up. RESULTS: During median follow-up of 4 years (range 3 to 5 years), eight (10%) patients experienced MACE, yielding an annualized event rate of 2.1%. All CMR tissue markers were not significantly different between MACE and no-MACE patients, except for the presence of late MVO (50% vs. 16%, respectively; p = 0.044) and its extent (2.30 ± 1.64 g vs. 0.18 ± 0.12 g, respectively; p = 0.000). From receiver-operating characteristic (ROC) curve (area under the curve 0.89; 95% confidence interval, 0.75-1.0; p = 0.000), late MVO extent > 0.385 g was a strong independent predictor of MACE at long-term follow-up (sensitivity = 87%, specificity = 90%; hazard ratio = 2.24; 95% confidence interval, 1.51-3.33; p = 0.000). CONCLUSIONS: Late MVO extent after primary PCI on CMR seems to be a strong predictor of MACE at 5-year follow-up in patients with LVEF > 50%. Noticeably, late MVO extent > 0.385 g provided relevant prognostic insights leading to improved long-term risk stratification. KEY POINTS: • Tissue markers provided by cardiac magnetic resonance aid in prognostic stratification after myocardial infarction • The occurrence of late microvascular obstruction after acute myocardial infarction increases risk of major adverse events at 5-year follow-up. • The greater microvascular obstruction extent on late gadolinium enhanced images is related to an increased risk of adverse events in patients with myocardial infarction and preserved left ventricular function.",exclude,"No consciousness relevance, no complexity measures and no neural data"
30618577,"Sleep, Wake, and Critical Brain States: Corollaries From Brain Dynamics.",Frontiers in neuroscience,2018,No abstract,maybe,
30949021,Graph Theoretical Characteristics of EEG-Based Functional Brain Networks in Patients With Epilepsy: The Effect of Reference Choice and Volume Conduction.,Frontiers in neuroscience,2019,"It is well-established that both volume conduction and the choice of recording reference (montage) affect the correlation measures obtained from scalp EEG, both in the time and frequency domains. As a result, a number of correlation measures have been proposed aiming to reduce these effects. In our previous work, we have showed that scalp-EEG based functional brain networks in patients with epilepsy exhibit clear periodic patterns at different time scales and that these patterns are strongly correlated to seizure onset, particularly at shorter time scales (around 3 and 5 h), which has important clinical implications. In the present work, we use the same long-duration clinical scalp EEG data (multiple days) to investigate the extent to which the aforementioned results are affected by the choice of reference choice and correlation measure, by considering several widely used montages as well as correlation metrics that are differentially sensitive to the effects of volume conduction. Specifically, we compare two standard and commonly used linear correlation measures, cross-correlation in the time domain, and coherence in the frequency domain, with measures that account for zero-lag correlations: corrected cross-correlation, imaginary coherence, phase lag index, and weighted phase lag index. We show that the graphs constructed with corrected cross-correlation and WPLI are more stable across different choices of reference. Also, we demonstrate that all the examined correlation measures revealed similar periodic patterns in the obtained graph measures when the bipolar and common reference (Cz) montage were used. This includes circadian-related periodicities (e.g., a clear increase in connectivity during sleep periods as compared to awake periods), as well as periodicities at shorter time scales (around 3 and 5 h). On the other hand, these results were affected to a large degree when the average reference montage was used in combination with standard cross-correlation, coherence, imaginary coherence, and PLI, which is likely due to the low number of electrodes and inadequate electrode coverage of the scalp. Finally, we demonstrate that the correlation between seizure onset and the brain network periodicities is preserved when corrected cross-correlation and WPLI were used for all the examined montages. This suggests that, even in the standard clinical setting of EEG recording in epilepsy where only a limited number of scalp EEG measurements are available, graph-theoretic quantification of periodic patterns using appropriate montage, and correlation measures corrected for volume conduction provides useful insights into seizure onset.",maybe,
31091474,Assessing spatiotemporal variability of brain spontaneous activity by multiscale entropy and functional connectivity.,NeuroImage,2019,"Brain signaling occurs across a wide range of spatial and temporal scales, and analysis of brain signal variability and synchrony has attracted recent attention as markers of intelligence, cognitive states, and brain disorders. However, current technologies to measure brain signals in humans have limited resolutions either in space or in time and cannot fully capture spatiotemporal variability, leaving it untested whether temporal variability and spatiotemporal synchrony are valid and reliable proxy of spatiotemporal variability in vivo. Here we used optical voltage imaging in mice under anesthesia and wakefulness to monitor cortical voltage activity at both high spatial and temporal resolutions to investigate functional connectivity (FC, a measure of spatiotemporal synchronization), Multi-Scale Entropy (MSE, a measure of temporal variability), and their relationships to Regional Entropy (RE, a measure of spatiotemporal variability). We observed that across cortical space, MSE pattern can largely explain RE pattern at small and large temporal scales with high positive and negative correlation respectively, while FC pattern strongly negatively associated with RE pattern. The time course of FC and small scale MSE tightly followed that of RE, while large scale MSE was more loosely coupled to RE. fMRI and EEG data simulated by reducing spatiotemporal resolution of the voltage imaging data or considering hemodynamics yielded MSE and FC measures that still contained information about RE based on the high resolution voltage imaging data. This suggested that MSE and FC could still be effective measures to capture spatiotemporal variability under limitation of imaging modalities applicable to human subjects. Our results support the notion that FC and MSE are effective biomarkers for brain states, and provide a promising viewpoint to unify these two principal domains in human brain data analysis.",include,
31478876,Inference on Long-Range Temporal Correlations in Human EEG Data.,IEEE journal of biomedical and health informatics,2020,"Detrended Fluctuation Analysis (DFA) is a statistical estimation algorithm used to assess long-range temporal dependence in neural time series. The algorithm produces a single number, the DFA exponent, that reflects the strength of long-range temporal correlations in the data. No methods have been developed to generate confidence intervals for the DFA exponent for a single time series segment. Thus, we present a statistical measure of uncertainty for the DFA exponent in electroencephalographic (EEG) data via application of a moving-block bootstrap (MBB). We tested the effect of three data characteristics on the DFA exponent: (1) time series length, (2) the presence of artifacts, and (3) the presence of discontinuities. We found that signal lengths of ∼5 minutes produced stable measurements of the DFA exponent and that the presence of artifacts positively biased DFA exponent distributions. In comparison, the impact of discontinuities was small, even those associated with artifact removal. We show that it is possible to combine a moving block bootstrap with DFA to obtain an accurate estimate of the DFA exponent as well as its associated confidence intervals in both simulated data and human EEG data. We applied the proposed method to human EEG data to (1) calculate a time-varying estimate of long-range temporal dependence during a sleep-wake cycle of a healthy infant and (2) compare pre- and post-treatment EEG data within individual subjects with pediatric epilepsy. Our proposed method enables dynamic tracking of the DFA exponent across the entire recording period and permits within-subject comparisons, expanding the utility of the DFA algorithm by providing a measure of certainty and formal tests of statistical significance for the estimation of long-range temporal dependence in neural data.",include,
31573056,Comparison of high versus low frequency cerebral physiology for cerebrovascular reactivity assessment in traumatic brain injury: a multi-center pilot study.,Journal of clinical monitoring and computing,2020,"Current accepted cerebrovascular reactivity indices suffer from the need of high frequency data capture and export for post-acquisition processing. The role for minute-by-minute data in cerebrovascular reactivity monitoring remains uncertain. The goal was to explore the statistical time-series relationships between intra-cranial pressure (ICP), mean arterial pressure (MAP) and pressure reactivity index (PRx) using both 10-s and minute data update frequency in TBI. Prospective data from 31 patients from 3 centers with moderate/severe TBI and high-frequency archived physiology were reviewed. Both 10-s by 10-s and minute-by-minute mean values were derived for ICP and MAP for each patient. Similarly, PRx was derived using 30 consecutive 10-s data points, updated every minute. While long-PRx (L-PRx) was derived via similar methodology using minute-by-minute data, with L-PRx derived using various window lengths (5, 10, 20, 30, 40, and 60 min; denoted L-PRx_5, etc.). Time-series autoregressive integrative moving average (ARIMA) and vector autoregressive integrative moving average (VARIMA) models were created to analyze the relationship of these parameters over time. ARIMA modelling, Granger causality testing and VARIMA impulse response function (IRF) plotting demonstrated that similar information is carried in minute mean ICP and MAP data, compared to 10-s mean slow-wave ICP and MAP data. Shorter window L-PRx variants, such as L-PRx_5, appear to have a similar ARIMA structure, have a linear association with PRx and display moderate-to-strong correlations (r ~ 0.700, p < 0.0001 for each patient). Thus, these particular L-PRx variants appear closest in nature to standard PRx. ICP and MAP derived via 10-s or minute based averaging display similar statistical time-series structure and co-variance patterns. PRx and L-PRx based on shorter windows also behave similarly over time. These results imply certain L-PRx variants may carry similar information to PRx in TBI.",exclude,No consciousness relevance
31712616,Permutation entropy in intraoperative ECoG of brain tumour patients in awake tumour surgery- a robust parameter to separate consciousness from unconsciousness.,Scientific reports,2019,"Awake craniotomies represent an essential opportunity in the case of lesions in eloquent areas. Thus, optimal surveillance of the patient during different stages of sedation, as well as the detection of seizure activity during brain surgery, remains difficult, as skin electrodes for electroencephalographic (EEG) analysis are not applicable in most cases. We assessed the applicability of ECoG to monitor different stages of sedation, as well as the influence of different patient characteristics, such as tumour volume, size, entity, and age or gender on permutation entropy (PeEn). We conducted retrospective analysis of the ECoG data of 16 patients, who underwent awake craniotomies because of left-sided brain tumours at our centre between 2014 and 2016. PeEn could be easily calculated and compared using frontal and parietal cortical electrodes. A comparison of PeEn scores showed significantly higher values in awake patients than in patients under anaesthesia (p ≤ 0.004) and significantly higher ones in the state of transition than under general anaesthesia (p = 0.023). PeEn scores in frontal and parietal leads did not differ significantly, making them both applicable for continuous surveillance during brain surgery. None of the following clinical characteristics showed significant correlation with PeEn scores: tumour volume, WHO grade, first or recurrent tumour, gender, and sex. Being 50 years or older led to significantly lower values in parietal leads but not in frontal leads. ECoG and a consecutive analysis of PeEn are feasible and suitable for the continuous surveillance of patients during awake craniotomies. Hence, the analysis is not influenced by patients' clinical characteristics.",include,
31744382,Signal Information Prediction of Mortality Identifies Unique Patient Subsets after Severe Traumatic Brain Injury: A Decision-Tree Analysis Approach.,Journal of neurotrauma,2020,"Nonlinear physiological signal features that reveal information content and causal flow have recently been shown to be predictors of mortality after severe traumatic brain injury (TBI). The extent to which these features interact together, and with traditional measures to describe patients in a clinically meaningful way remains unclear. In this study, we incorporated basic demographics (age and initial Glasgow Coma Scale [GCS]) with linear and non-linear signal information based features (approximate entropy [ApEn], and multivariate conditional Granger causality [GC]) to evaluate their relative contributions to mortality using cardio-cerebral monitoring data from 171 severe TBI patients admitted to a single neurocritical care center over a 10 year period. Beyond linear modelling, we employed a decision tree analysis approach to define a predictive hierarchy of features. We found ApEn (p = 0.009) and GC (p = 0.004) based features to be independent predictors of mortality at a time when mean intracranial pressure (ICP) was not. Our combined model with both signal information-based features performed the strongest (area under curve = 0.86 vs. 0.77 for linear features only). Although low ""intracranial"" complexity (ApEn-ICP) outranked both age and GCS as crucial drivers of mortality (fivefold increase in mortality where ApEn-ICP <1.56, 36.2% vs. 7.8%), decision tree analysis revealed clear subsets of patient populations using all three predictors. Patients with lower ApEn-ICP who were >60 years of age died, whereas those with higher ApEn-ICP and GCS ≥5 all survived. Yet, even with low initial intracranial complexity, as long as patients maintained robust GC and ""extracranial"" complexity (ApEn of mean arterial pressure), they all survived. Incorporating traditional linear and novel, non-linear signal information features, particularly in a framework such as decision trees, may provide better insight into ""health"" status. However, caution is required when interpreting these results in a clinical setting prior to external validation.",maybe,
31866667,Bifocal Tibial Kaposiform Hemangioendothelioma Responsive to Vincristine Therapy: A Case Report.,The American journal of case reports,2019,"BACKGROUND Kaposiform hemangioendothelioma is a rare locally aggressive vascular endothelial-derived spindle cells neoplasm. Herein, we report a rare case of bifocal tibial kaposiform hemangioendothelioma. CASE REPORT A 9-year-old female presented with a 2-year history of pain and swelling in the left leg. The patient had a high plasma level of the D-dimer and fibrinogen. Radiography revealed a centric lytic lesion on the left proximal tibial metaphysis and an eccentric lateral distal tibial metaphyseal. Histopathologic examination of the sample taken from the distal tibia revealed a dense spindle cell tumor with lobular architecture composed of compact spindle cells compressing small slit-like vascular spaces, forming glomeruloid nests. No necrosis was identified. Based on these findings and the positive immunohistochemical staining for CD31, CD34, and D2-40, the patient was diagnosed with kaposiform hemangioendothelioma. Treatment was started by using vincristine chemotherapy, after which the patient developed temporary peroneal neuropathy, which improved over the next 3 months. CONCLUSIONS Bifocal tibial kaposiform hemangioendothelioma lesions are unique in pediatric patients and can be successfully treated with vincristine chemotherapy. In these cases, the treating physician should be aware of peroneal neuropathy as a potential complication of vincristine administration.",exclude,"No consciousness relevance, no complexity measures and no neural data"
32135262,Memory in time: Neural tracking of low-frequency rhythm dynamically modulates memory formation.,NeuroImage,2020,"Time is a critical component of episodic memory. Yet it is currently unclear how different types of temporal signals are represented in the brain and how these temporal signals support episodic memory. The current study investigated whether temporal cues provided by low-frequency environmental rhythms influence memory formation. Specifically, we tested the hypothesis that neural tracking of low-frequency rhythm serves as a mechanism of selective attention that dynamically biases the encoding of visual information at specific moments in time. Participants incidentally encoded a series of visual objects while passively listening to background, instrumental music with a steady beat. Objects either appeared in-synchrony or out-of-synchrony with the background beat. Participants were then given a surprise subsequent memory test (in silence). Results revealed significant neural tracking of the musical beat at encoding, evident in increased electrophysiological power and inter-trial phase coherence at the perceived beat frequency (1.25 ​Hz). Importantly, enhanced neural tracking of the background rhythm at encoding was associated with superior subsequent memory for in-synchrony compared to out-of-synchrony objects at test. Together, these results provide novel evidence that the brain spontaneously tracks low-frequency musical rhythm during naturalistic listening situations, and that the strength of this neural tracking is associated with the effects of rhythm on higher-order cognitive processes such as episodic memory.",maybe,
32283181,Internal Jugular Vein Compression Collar Mitigates Histopathological Alterations after Closed Head Rotational Head Impact in Swine: A Pilot Study.,Neuroscience,2020,"Recently, there has been increased concern about microstructural brain changes after head trauma. Clinical studies have investigated a neck collar that applies gentle bilateral jugular vein compression, designed to increase intracranial blood volume and brain stiffness during head trauma, which neuroimaging has shown to result in a reduction in brain microstructural alterations after a season of American football and soccer. Here, we utilized a swine model of mild traumatic brain injury to investigate the effects of internal jugular vein (IJV) compression on histopathological outcomes after injury. Animals were randomized to collar treatment (n = 8) or non-collar treatment (n = 6), anesthetized and suspended such that the head was supported by breakable tape. A custom-built device was used to impact the head, thus allowing the head to break the tape and rotate along the sagittal plane. Accelerometer data were collected for each group. Sham injured animals (n = 2) were exposed to anesthesia only. Following single head trauma, animals were euthanized and brains collected for histology. Whole slide immunohistochemistry was analyzed using Qupath software. There was no difference in linear or rotational acceleration between injured collar and non-collar animals (p > 0.05). Injured animals demonstrated higher levels of the phosphorylated tau epitope AT8 (p < 0.05) and the inflammatory microglial marker IBA1 (p < 0.05) across the entire brain, but the effect of injury was markedly reduced by collar treatment (p < 0.05) The current results indicate that internal jugular venous compression protects against histopathological alterations related to closed head trauma exposure.",exclude,"No consciousness relevance, no complexity measures and no neural data"
32389872,Decompensation of a Thoracic Meningioma Below the Operated Level: A Dramatic and Unexpected Complication.,World neurosurgery,2020,"BACKGROUND: Paraplegia after lumbar spinal surgery has been previously described. It was generally provoked by a missed thoracic compression because of degenerative processes, arachnoid cyst, and spinal cord tumor such as meningioma. We describe here a case of a patient with neurofibromatosis type 2 (NF-2) with multiple spinal meningiomas that developed postoperative paraplegia because of decompensation of spinal cord compression below and far from the operated level. CASE DESCRIPTION: A 54-year-old woman with NF-2 was followed-up for multiple spinal meningiomas (C7-T1, T6-7, T9-10 levels). Surgery for the symptomatic and larger lesion (C7-T1) was scheduled. Postoperatively, the patient was found to have paraplegia with sensor anesthesia below the level of the T6 vertebra. An urgent spinal magnetic resonance imaging (MRI) scan was performed revealing the absence of complication at the operated level (C7-T1) but the appearance of a marked intramedullary hyperintensity at the T6-7 level. An urgent T6-7 laminectomy and removal of the meningioma was performed. The postoperative phase was marked by a poor recuperation. Spinal MRI scan at 3 months clearly showed a severely injured spinal cord at the T6-7 level consistent with the neurologic status of the patient. CONCLUSIONS: We report here the first case of acute neurologic deterioration after decompensation of a spinal cord compression below the operated level in spinal intradural surgery. Neurosurgeons must be aware of this possible complication when treating patients with multiple spinal meningiomas.",exclude,"No consciousness relevance, no complexity measures and no neural data"
32403093,Auditory attention tracking states in a cocktail party environment can be decoded by deep convolutional neural networks.,Journal of neural engineering,2020,"OBJECTIVE: A deep convolutional neural network (CNN) is a method for deep learning (DL). It has a powerful ability to automatically extract features and is widely used in classification tasks with scalp electroencephalogram (EEG) signals. However, the small number of samples and low signal-to-noise ratio involved in scalp EEG with low spatial resolution constitute a limitation that might restrict potential brain-computer interface (BCI) applications that are based on the CNN model. In the present study, a novel CNN model with source-spatial feature images (SSFIs) as the input is proposed to decode auditory attention tracking states in a cocktail party environment. APPROACH: We first extract SSFIs using rhythm entropy and weighted minimum norm estimation. Next, we develop a CNN model with three convolutional layers. Furthermore, we estimate the performance of the proposed model via generalized performance, alternative models that deleted or replaced a model's component, and loss curves. Finally, we use a deep transfer model with fine-tuning for a low (poor) behavioral performance group (L-group). MAIN RESULTS: Based on cortical activity reconstructions from the scalp EEGs, the classification accuracy (CA) of the proposed model is 80.4% (chance level: 52.5%), which is superior to that achieved by scalp EEG. Additionally, the performance of the proposed model is more stable when compared to alternative models that delete or replace specific model components. The proposed model identifies the difference between two auditory attention tracking states (successful versus unsuccessful) at an early stage with a short time window (250 ms after target offset). Furthermore, we propose a deep transfer learning model to improve the classification for the L-group. With this model, the CA of the L-group significantly increase by 5.3%. SIGNIFICANCE: Our proposed model improves the performance of a decoder for auditory attention tracking, which could be suitable for relieving the difficulty with the attentional modulation of individual's neural responses. It provides a novel communication channel with auditory cognitive BCI for patients with attention and hearing impairment.",maybe,
32551137,"High-voltage, diffuse delta rhythms coincide with wakeful consciousness and complexity in Angelman syndrome.",Neuroscience of consciousness,2020,"Abundant evidence from slow wave sleep, anesthesia, coma, and epileptic seizures links high-voltage, slow electroencephalogram (EEG) activity to loss of consciousness. This well-established correlation is challenged by the observation that children with Angelman syndrome (AS), while fully awake and displaying volitional behavior, display a hypersynchronous delta (1-4 Hz) frequency EEG phenotype typical of unconsciousness. Because the trough of the delta oscillation is associated with down-states in which cortical neurons are silenced, the presence of volitional behavior and wakefulness in AS amidst diffuse delta rhythms presents a paradox. Moreover, high-voltage, slow EEG activity is generally assumed to lack complexity, yet many theories view functional brain complexity as necessary for consciousness. Here, we use abnormal cortical dynamics in AS to assess whether EEG complexity may scale with the relative level of consciousness despite a background of hypersynchronous delta activity. As characterized by multiscale metrics, EEGs from 35 children with AS feature significantly greater complexity during wakefulness compared with sleep, even when comparing the most pathological segments of wakeful EEG to the segments of sleep EEG least likely to contain conscious mentation and when factoring out delta power differences across states. These findings (i) warn against reverse inferring an absence of consciousness solely on the basis of high-amplitude EEG delta oscillations, (ii) corroborate rare observations of preserved consciousness under hypersynchronization in other conditions, (iii) identify biomarkers of consciousness that have been validated under conditions of abnormal cortical dynamics, and (iv) lend credence to theories linking consciousness with complexity.",include,
32921270,Capability of processed EEG parameters to monitor conscious sedation in endoscopy is similar to general anaesthesia.,United European gastroenterology journal,2021,"BACKGROUND: Reliable and safe sedation is a prerequisite for endoscopic interventions. The current standard is rather safe, yet, an objective device to measure sedation depth is missing. To date, anaesthesia monitors based on processed electroencephalogram (EEG) have not been utilised in conscious sedation. OBJECTIVE: To investigate EEG parameters to differentiate consciousness in endoscopic propofol sedation. METHODS: In total, 171 patients aged 21-83 years (ASA I-III) undergoing gastrointestinal and bronchial endoscopy were enrolled. Standard monitoring and a frontotemporal two-channel EEG were recorded. The state of consciousness was identified by repeated requests to squeeze the investigator's hand. RESULTS: In total, 1132 state-of-consciousness (SOC) transitions were recorded in procedures ranging from 5 to 69 min. Thirty-four EEG parameters from the frequency domain, time-frequency domain and complexity measures were calculated. Area under the curve ranged from 0.51 to 0.82 with complexity and optimised frequency domain parameters yielding the best results. CONCLUSION: Prediction of the SOC with processed EEG parameters is feasible, and the results for sedation in endoscopic procedures are similar to those reported from general anaesthesia. These results are insufficient for a clinical application, but prediction capability may be increased with optimisation and modelling.",include,
33248950,Injury volume extracted from MRI predicts neurologic outcome in acute spinal cord injury: A prospective TRACK-SCI pilot study.,Journal of clinical neuroscience : official journal of the Neurosurgical Society of Australasia,2020,"Conventional MRI measures of traumatic spinal cord injury severity largely rely on 2-dimensional injury characteristics such as intramedullary lesion length and cord compression. Recent advances in spinal cord (SC) analysis have led to the development of a robust anatomic atlas incorporated into an open-source platform called the Spinal Cord Toolbox (SCT) that allows for quantitative volumetric injury analysis. In the current study, we evaluate the prognostic value of volumetric measures of spinal cord injury on MRI following registration of T2-weighted (T2w) images and segmented lesions from acute SCI patients with a standardized atlas. This IRB-approved prospective cohort study involved the image analysis of 60 blunt cervical SCI patients enrolled in the TRACK-SCI clinical research protocol. Axial T2w MRI data obtained within 24 h of injury were processed using the SCT. Briefly, SC MRIs were automatically segmented using the sct_deepseg_sc tool in the SCT and segmentations were manually corrected by a neuro-radiologist. Lesion volume data were used as predictor variables for correlation with lower extremity motor scores at discharge. Volumetric MRI measures of T2w signal abnormality comprising the SCI lesion accurately predict lower extremity motor scores at time of patient discharge. Similarly, MRI measures of injury volume significantly correlated with motor scores to a greater degree than conventional 2-D metrics of lesion size. The volume of total injury and of injured spinal cord motor regions on T2w MRI is significantly and independently associated with neurologic outcome at discharge after injury.",exclude,"No consciousness relevance, no complexity measures and no neural data"
33285360,ERP markers of action planning and outcome monitoring in human - robot interaction.,Acta psychologica,2021,"The present study aimed to examine event-related potentials (ERPs) of action planning and outcome monitoring in human-robot interaction. To this end, participants were instructed to perform costly actions (i.e. losing points) to stop a balloon from inflating and to prevent its explosion. They performed the task alone (individual condition) or with a robot (joint condition). Similar to findings from human-human interactions, results showed that action planning was affected by the presence of another agent, robot in this case. Specifically, the early readiness potential (eRP) amplitude was larger in the joint, than in the individual, condition. The presence of the robot affected also outcome perception and monitoring. Our results showed that the P1/N1 complex was suppressed in the joint, compared to the individual condition when the worst outcome was expected, suggesting that the presence of the robot affects attention allocation to negative outcomes of one's own actions. Similarly, results also showed that larger losses elicited smaller feedback-related negativity (FRN) in the joint than in the individual condition. Taken together, our results indicate that the social presence of a robot may influence the way we plan our actions and also the way we monitor their consequences. Implications of the study for the human-robot interaction field are discussed.",exclude,"No consciousness relevance, no complexity measures"
33479280,"A set of composite, non-redundant EEG measures of NREM sleep based on the power law scaling of the Fourier spectrum.",Scientific reports,2021,"Features of sleep were shown to reflect aging, typical sex differences and cognitive abilities of humans. However, these measures are characterized by redundancy and arbitrariness. Our present approach relies on the assumptions that the spontaneous human brain activity as reflected by the scalp-derived electroencephalogram (EEG) during non-rapid eye movement (NREM) sleep is characterized by arrhythmic, scale-free properties and is based on the power law scaling of the Fourier spectra with the additional consideration of the rhythmic, oscillatory waves at specific frequencies, including sleep spindles. Measures derived are the spectral intercept and slope, as well as the maximal spectral peak amplitude and frequency in the sleep spindle range, effectively reducing 191 spectral measures to 4, which were efficient in characterizing known age-effects, sex-differences and cognitive correlates of sleep EEG. Future clinical and basic studies are supposed to be significantly empowered by the efficient data reduction provided by our approach.",include,
33504952,Out-of-step: brain-heart desynchronization in anxiety disorders.,Molecular psychiatry,2021,"Imaging studies in anxiety disorders (AD) show abnormal functional connectivity primarily in the salience network (SN), somatomotor network (SMN), and default mode network (DMN). However, it is not clear how precisely these network changes occur including their relation to psychopathological symptoms. Here, we show that the functional networks affected in AD overlap with cortical regions that receive visceral inputs (the so-called central/visceral autonomic network). Focusing on cardiac afferents, we suggest that network changes in AD may be due to reduced phase synchronization between ongoing neural and cardiac activity. This neuro-cardiac desynchronization occurs due to the abnormal phase resetting of neural activity at the onset of each heartbeat, as measured by a lower intertrial coherence and heartbeat-evoked potential. Biochemically, cardiac afferents reach subcortical serotonergic raphe nuclei and noradrenergic locus coeruleus (among others) which, in turn, are known to reciprocally modulate the DMN and SMN/SN on the cortical level. Consistent with the network changes in AD, decreases in serotonergic and noradrenergic activity are known to increase connectivity in both SMN and SN while, at the same time, they decrease DMN connectivity. SMN and SN increases, in turn, lead to increased emotional arousal/anxiety and bodily awareness whereas decreased DMN connectivity leads to an unstable sense-of-self in AD. Finally, we integrate our proposal with interoceptive predictive processing models suggesting neuro-cardiac desynchronization as a mechanism for ""noisy"" bottom-up information leading to a persistently uncertain bodily state in top-down models. In sum, integrating theories on active interference and hyperarousal, we propose a precise neuro-cardiac and biochemically -driven mechanisms for key psychopathological symptoms of AD.",maybe,
33577934,How hot is the hot zone? Computational modelling clarifies the role of parietal and frontoparietal connectivity during anaesthetic-induced loss of consciousness.,NeuroImage,2021,"In recent years, specific cortical networks have been proposed to be crucial for sustaining consciousness, including the posterior hot zone and frontoparietal resting state networks (RSN). Here, we computationally evaluate the relative contributions of three RSNs - the default mode network (DMN), the salience network (SAL), and the central executive network (CEN) - to consciousness and its loss during propofol anaesthesia. Specifically, we use dynamic causal modelling (DCM) of 10 min of high-density EEG recordings (N = 10, 4 males) obtained during behavioural responsiveness, unconsciousness and post-anaesthetic recovery to characterise differences in effective connectivity within frontal areas, the posterior 'hot zone', frontoparietal connections, and between-RSN connections. We estimate - for the first time - a large DCM model (LAR) of resting EEG, combining the three RSNs into a rich club of interconnectivity. Consistent with the hot zone theory, our findings demonstrate reductions in inter-RSN connectivity in the parietal cortex. Within the DMN itself, the strongest reductions are in feed-forward frontoparietal and parietal connections at the precuneus node. Within the SAL and CEN, loss of consciousness generates small increases in bidirectional connectivity. Using novel DCM leave-one-out cross-validation, we show that the most consistent out-of-sample predictions of the state of consciousness come from a key set of frontoparietal connections. This finding also generalises to unseen data collected during post-anaesthetic recovery. Our findings provide new, computational evidence for the importance of the posterior hot zone in explaining the loss of consciousness, highlighting also the distinct role of frontoparietal connectivity in underpinning conscious responsiveness, and consequently, suggest a dissociation between the mechanisms most prominently associated with explaining the contrast between conscious awareness and unconsciousness, and those maintaining consciousness.",include,
33839834,Comparison of Waveforms Between Noninvasive and Invasive Monitoring of Intracranial Pressure.,Acta neurochirurgica. Supplement,2021,"Intracranial pressure (ICP) is an important invasive monitoring parameter in management of patients with acute brain injury and compromised compliance. This study aimed to compare waveforms obtained from standard ICP monitoring and noninvasive ICP monitoring (nICP) methods.We analyzed continuous arterial blood pressure (ABP) waves, ICP (with standard monitoring), and nICP recorded simultaneously. All signal recordings were sliced into data chunks, each 1 min in duration, and from the mean pulse, we determined the time to peak (Tp) and the ratio between tidal and percussion waves (P2/P1). We also calculated the Isomap projection of the pulses into a bidimensional space-K1 and K2. The defined nICP and ICP parameters were compared using a unilateral Wilcoxon-Mann-Whitney test. The Pearson correlation coefficient and normalized mutual information were used to verify the association between parameters.In total, 1504 min of monitoring from ten patients were studied. Nine of the patients were male. The mean age of the patients was 58.4 ± 10.4 years, and they had an initial Glasgow Coma Scale of 9 ± 4, a mean Simplified Acute Physiology Score (SAPS II) of 45.6, and an intensive care unit stay of 44 ± 45 days. With the exception of Tp, all parameters showed a weak linear association but presented a strong nonlinear association.Mutual information analysis and a bigger sample size would be helpful to build more refined models and to improve understanding of the waveform relationships.",exclude,No consciousness relevance
34011293,Spinal arteriovenous malformation in a pediatric patient with a history of congenital syphilis: a case report.,BMC pediatrics,2021,"BACKGROUND: Spinal arteriovenous malformations in children are extremely rare and pose great risk for intraoperative hemorrhage. Congenital syphilis sometimes presents with vascular symptoms, however, there is little published on patients with a history of congenital syphilis presenting with spinal arteriovenous malformations. CASE PRESENTATION: A 15-month-old female with a history of congenital syphilis presented with urinary retention, fever, and subacute onset of paraplegia. MRI showed a lesion at T8-L1, angiogram was performed which confirmed the presence of a complex type IVc arteriovenous malformation and fistula from Artery of Adamkiewicz at L1-L2. It also showed peri medullary dilated veins and a pseudoaneurysm that compressed the spinal cord at T8-T10. Somatosensory evoked potentials and motor-evoked potentials were not recordable on the bilateral lower extremities prior to surgery. Once the patient was optimized for surgery, osteoplastic laminotomies from T6-T12 were performed. The dura was opened and the intradural, intramesenchymal hematoma was evacuated. There were two episodes of brisk arterial bleeding with hypotension during resection of the hematoma. The patient was taken to the angiography suite from the OR to successfully coil the large aneurysm. Intraoperative spinal cord monitoring remained undetectable in the bilateral lower extremities. The patient's paraplegia remained unchanged from preoperative presentation. CONCLUSION: Congenital syphilis may present with vascular changes that might impact surgical approaches and treatment outcomes in patients with spinal arteriovenous malformations. Preparation for massive transfusion and intraoperative monitoring are imperative in ensuring a safe perioperative experience.",exclude,"No consciousness relevance, no complexity measures and no neural data"
34080050,Acute-onset paraplegia as an unexpected complication under general anesthesia in supine position during abdominal endovascular aneurysm repair: a case report.,JA clinical reports,2021,"BACKGROUND: Acute onset paraplegia after endovascular aneurysm repair (EVAR) is a rare but well-known complication. We here show a 79-year-old woman with paraplegia caused by static and dynamic spinal cord insult not by ischemia after EVAR. CASE PRESENTATION: The patient underwent EVAR for abdominal aortic aneurism under general anesthesia in the supine position. She had a medical history of lumbar canal stenosis. After the surgery, we recognized severe paraplegia and sensory disorder of lower limbs. Although the possibility of spinal cord ischemia was considered at that time, postoperative magnetic resonance imaging (MRI) revealed burst fracture of vertebra and compressed spinal cord. CONCLUSIONS: Patients with spinal canal stenosis can cause extrinsic spinal cord injury even with weak external forces. Thus, even after EVAR, it is important to consider extrinsic factors as the cause of paraplegia.",exclude,"No consciousness relevance, no complexity measures and no neural data"
34454371,"Examining self-reported social functioning, sleep quality, and psychotic-like experiences in college students.",Journal of psychiatric research,2021,"Impairments in social and role functioning have been associated with the prodromal phase of psychosis. Additionally, sleep disturbances impacting daily functioning have been detected across the schizophrenia spectrum. Relationships between social functioning, sleep quality, and psychotic-like experiences (PLEs) in undergraduate-level student populations are less understood. The current project aimed to investigate whether self-reported measures of sleep quality would moderate the relationship between social functioning and PLE endorsement in a community sample of 3042 undergraduate student participants between the ages of 18-35. Participants completed the Social Functioning Scale, the Pittsburgh Sleep Quality Index, and the Prodromal Questionnaire, which indexed PLEs. Bivariate correlations revealed significant associations between social functioning, sleep, and PLEs. As expected, poor sleep and poor social functioning were associated with increased endorsement of PLEs. Contrary to expectation, poor sleep quality was associated with better social functioning. In hierarchical multiple regression models, the interaction between social functioning and sleep was not associated with PLE endorsement. Results indicated that both poor sleep and poor social functioning were significantly associated with PLEs when included in the same model. These findings suggest that poor social functioning and disrupted sleep may act additively to influence PLEs, and that they are both important contributors to psychotic symptoms. Due to deleterious effects of poor sleep on physical and emotional health, these findings provide impetus to further investigate relationships between sleep quality, social functioning, and PLEs using such high-resolution methods as actigraphy, mobile sensing, ecological momentary assessment, and neuroimaging.",exclude,"No consciousness relevance, no complexity measures and no neural data"
34482485,Neuroimaging findings in leukoencephalopathy with calcifications and cysts: case report and review of the literature.,Neurological sciences : official journal of the Italian Neurological Society and of the Italian Society of Clinical Neurophysiology,2021,"Leukoencephalopathy with cerebral calcifications and cysts (LCC) is a neurological disorder characterized by the radiological triad of white matter abnormalities, intracranial calcifications and cystic lesions variable in size resulting from a diffuse cerebral microangiopathy. Typically, progressive focal neurological deficits and seizures are the first clinical manifestation, but the severity of symptoms can vary according to the size and location of the cystic lesions holding compressive effects on the surrounding brain tissue. The most common histopathological finding is diffuse microangiopathy, which might be associated to pathogenic mutations in SNORD118 gene causing Labrune syndrome. Similar neuroradiological appearances have been found in the Coats plus syndrome, a systemic disorder caused by a genetic diffuse microangiopathy that affects not only the brain but also the retina and multiple organs, with a more complex clinical picture that address the diagnosis; biallelic mutations in CTC1 gene, encoding the conserved telomere maintenance component 1 (CTC1), are responsible of this systemic disorder. The aim of this contribution is to review the existing literature focusing on the neuroimaging characteristics by reporting cases in which radiological findings were highly suggestive for LCC.",exclude,"No consciousness relevance, no complexity measures and no neural data"
34689628,Causality of cortical and cardiovascular activity during cyclic alternating pattern in non-rapid eye movement sleep.,"Philosophical transactions. Series A, Mathematical, physical, and engineering sciences",2021,"The dynamic interplay between central and autonomic nervous system activities plays a pivotal role in orchestrating sleep. Macrostructural changes such as sleep-stage transitions or phasic, brief cortical events elicit fluctuations in neural outflow to the cardiovascular system, but the causal relationships between cortical and cardiovascular activities underpinning the microstructure of sleep are largely unknown. Here, we investigate cortical-cardiovascular interactions during the cyclic alternating pattern (CAP) of non-rapid eye movement sleep in a diverse set of overnight polysomnograms. We determine the Granger causality in both 507 CAP and 507 matched non-CAP sequences to assess the causal relationships between electroencephalography (EEG) frequency bands and respiratory and cardiovascular variables (heart period, respiratory period, pulse arrival time and pulse wave amplitude) during CAP. We observe a significantly stronger influence of delta activity on vascular variables during CAP sequences where slow, low-amplitude EEG activation phases (A1) dominate than during non-CAP sequences. We also show that rapid, high-amplitude EEG activation phases (A3) provoke a more pronounced change in autonomic activity than A1 and A2 phases. Our analysis provides the first evidence on the causal interplay between cortical and cardiovascular activities during CAP. Granger causality analysis may also be useful for probing the level of decoupling in sleep disorders. This article is part of the theme issue 'Advanced computation in cardiovascular physiology: new challenges and opportunities'.",include,
34826242,The contribution of low contrast-preferring neurons to information representation in the primary visual cortex after learning.,Science advances,2021,"Animals exhibit improved perception of lower-contrast visual objects after training. We explored this neuronal mechanism using multiple single-unit recordings from deep layers of the primary visual cortex (V1) of trained rats during orientation discrimination. We found that the firing rates of a subset of neurons increased by reducing luminance contrast, being at least above basal activities at low contrast. These low contrast–preferring neurons were rare during passive viewing without training or anesthesia after training. They fired more frequently in correct-choice than incorrect-choice trials. At single-neuron and population levels, they efficiently represented low-contrast orientations. Following training, in addition to generally enhanced excitation, the phase synchronization of spikes to beta oscillations at high contrast was stronger in putative inhibitory than excitatory neurons. The change in excitation-inhibition balance might contribute to low-contrast preference. Thus, low-contrast preference in V1 activity is strengthened in an experience-dependent manner, which may contribute to low-contrast visual discrimination.",maybe,
34861495,Alcohol use in emerging adults associated with lower rich-club connectivity and greater connectome network disorganization.,Drug and alcohol dependence,2022,"BACKGROUND: Emerging adulthood is a critical neurodevelopmental stage, with alcohol use during this period consistently associated with brain abnormalities and damage in anatomical structure and white matter integrity. However, it is less clear how alcohol use is associated with the brain's structural organization (i.e., white matter connections between anatomical regions). Recent connectome research has focused on rich-club regions, a collection of highly-interconnected hubs that are critical in brain communication and global network organization and disproportionately vulnerable to insults. METHODS: For the first time, we examined alcohol use associations with structural rich-club and connectome organization in emerging adults (N = 66). RESULTS: Greater lifetime drinks and current monthly drinks were significantly associated with lower rich-club organization (rs =-0.38, ps < 0.003) and lower rich-club connectivity (rs <-0.34, ps < 0.007). Additionally, rich-club connectivity was significantly more negatively correlated with alcohol use than connectivity among non-rich-club regions (ps < 0.035). Examining overall structural organization, greater lifetime drinks and current monthly drinks were significantly associated with lower network density (i.e., lower network resilience; rs <-0.36, ps = 0.004). Additionally, greater lifetime drinks and current monthly drinks were significantly associated with higher network segregation (i.e., network's tendency to divide into subnetworks; rs >0.33, ps<0.008). Alcohol use was not significantly associated with network integration (i.e., network's efficiency in combining information across the brain; ps > 0.064). CONCLUSIONS: Results provide novel evidence that alcohol use is associated with decreased rich-club connectivity and structural network disorganization. Given that both are critical in global brain communication, these results highlight the importance of examining alcohol use and brain relationships in emerging adulthood.",maybe,
35179104,Analysis of fMRI Signals from Working Memory Tasks and Resting-State of Brain: Neutrosophic-Entropy-Based Clustering Algorithm.,International journal of neural systems,2022,"This study applies a neutrosophic-entropy-based clustering algorithm (NEBCA) to analyze the fMRI signals. We consider the data obtained from four different working memory tasks and the brain's resting state for the experimental purpose. Three non-overlapping clusters of data related to temporal brain activity are determined and statistically analyzed. Moreover, we used the Uniform Manifold Approximation and Projection (UMAP) method to reduce system dimensionality and present the effectiveness of NEBCA. The results show that using NEBCA, we are able to distinguish between different working memory tasks and resting-state and identify subtle differences in the related activity of brain regions. By analyzing the statistical properties of the entropy inside the clusters, the various regions of interest (ROIs), according to Automated Anatomical Labeling (AAL) atlas crucial for clustering procedure, are determined. The inferior occipital gyrus is established as an important brain region in distinguishing the resting state from the tasks. Moreover, the inferior occipital gyrus and superior parietal lobule are identified as necessary to correct the data discrimination related to the different memory tasks. We verified the statistical significance of the results through the two-sample t-test and analysis of surrogates performed by randomization of the cluster elements. The presented methodology is also appropriate to determine the influence of time of day on brain activity patterns. The differences between working memory tasks and resting-state in the morning are related to a lower index of small-worldness and sleep inertia in the first hours after waking. We also compared the performance of NEBCA to two existing algorithms, KMCA and FKMCA. We showed the advantage of the NEBCA over these algorithms that could not effectively accumulate fMRI signals with higher variability.",include,
35223085,Decoding rapidly presented visual stimuli from prefrontal ensembles without report nor post-perceptual processing.,Neuroscience of consciousness,2022,"The role of the primate prefrontal cortex (PFC) in conscious perception is debated. The global neuronal workspace theory of consciousness predicts that PFC neurons should contain a detailed code of the current conscious contents. Previous research showed that PFC is indeed activated in paradigms of conscious visual perception, including no-report paradigms where no voluntary behavioral report of the percept is given, thus avoiding a conflation of signals related to visual consciousness with signals related to the report. Still, it has been argued that prefrontal modulation could reflect post-perceptual processes that may be present even in the absence of report, such as thinking about the perceived stimulus, therefore reflecting a consequence rather than a direct correlate of conscious experience. Here, we investigate these issues by recording neuronal ensemble activity from the macaque ventrolateral PFC during briefly presented visual stimuli, either in isolated trials in which stimuli were clearly perceived or in sequences of rapid serial visual presentation (RSVP) in which perception and post-perceptual processing were challenged. We report that the identity of each stimulus could be decoded from PFC population activity even in the RSVP condition. The first visual signals could be detected at 60 ms after stimulus onset and information was maximal at 150 ms. However, in the RSVP condition, 200 ms after the onset of a stimulus, the decoding accuracy quickly dropped to chance level and the next stimulus started to be decodable. Interestingly, decoding in the ventrolateral PFC was stronger compared to posterior parietal cortex for both isolated and RSVP stimuli. These results indicate that neuronal populations in the macaque PFC reliably encode visual stimuli even under conditions that have been shown to challenge conscious perception and/or substantially reduce the probability of post-perceptual processing in humans. We discuss whether the observed activation reflects conscious access, phenomenal consciousness, or merely a preconscious bottom-up wave.",include,
35290487,Leptomeningeal and subependymal seeding of diffuse intrinsic pontine glioma: a case report.,Child's nervous system : ChNS : official journal of the International Society for Pediatric Neurosurgery,2022,"DIPG (diffuse intrinsic pontine glioma) is a deadly cancerous tumor of the brainstem that spreads across the pons. The tumor's infiltrative nature, as well as the tumor's critical pathway and nuclei compression, contributes to the tumor's extremely poor prognosis and limited existing therapeutic options. A previous study revealed that in 40 patients with brainstem glioma, 13 (33%) patients had leptomeningeal spreading. In this paper, we reported a 7-year-old female patient who presented with a history of decreased consciousness and weakness of the right limb. Her magnetic resonance imaging (MRI) revealed a pontine mass. She was given 35 fractions of 54 Gy whole-brain radiotherapy. The post-radiotherapy MRI evaluation showed multiple nodules in periventricular region, and was suggestive of leptomeningeal and subependymal seeding of the pontine glioma in the lateral ventricles. This case report elucidated the leptomeningeal seeding in a pediatric patient with diffuse intrinsic pontine glioma.",exclude,"No consciousness relevance, no complexity measures and no neural data"
35326288,Entropy Metrics Correlating with Higher Residual Functioning in Patients with Chronic Disorders of Consciousness.,Brain sciences,2022,"To test the ability of different entropy measures to classify patients with different conditions of chronic disorder of consciousness, we applied the Lempel-Ziv complexity, the amplitude coalition entropy (ACE), and the synchrony coalition entropy (SCE) to the EEG signals recorded in 32 patients, clinically evaluated using the coma recovery scale revised (CRS-R). All the entropy measures indicated that differences found in the theta and alpha bands can distinguish patients in a minimal consciousness state (MCS) with respect to those in a vegetative state/unresponsive wakefulness state (VS/UWS). These differences were significant comparing the entropy measure performed on the anterior region of the left hemisphere and midline region. The values of theta-alpha entropy positively correlated with those of the CRS-R scores. Among the entropy measures, ACE most often highlighted significant differences. The higher values found in MCS were for the less impaired patients, according to their CRS-R, suggest that the preservation of signal entropy on the anterior region of the dominant hemisphere correlates with better preservation of consciousness, even in chronic conditions.",include,
35343241,Cross-Scale Dynamicity of Entropy and Connectivity in the Sleeping Brain.,Brain connectivity,2022,"Introduction: The concept of local sleep refers to the phenomenon of local brain activity that modifies neural networks during unresponsive global sleep. Such network rewiring may differ across spatial scales; however, the global and local alterations in brain systems remain elusive in human sleep. Materials and Methods: We examined cross-scale changes of brain networks in sleep. Functional magnetic resonance imaging data were acquired from 28 healthy participants during nocturnal sleep. We adopted both metrics of connectivity (functional connectivity [FC] and regional homogeneity [ReHo]) and complexity (multiscale entropy) to explore the global and local functionality of the neural assembly across nonrapid eye movement sleep stages. Results: Long-range FC decreased with sleep depth, whereas local ReHo peaked at the N2 stage and reached its lowest level at the N3 stage. Entropy exhibited a general decline at the local scale (Scale 1) as sleep deepened, whereas the coarse-scale entropy (Scale 3) was consistent across stages. Discussion: The negative correlation between Scale-1 entropy and ReHo reflects the enhanced signal regularity and synchronization in sleep, identifying the information exchange at the local scale. The N2 stage showed a distinctive pattern toward local information processing with scrambled long-distance information exchange, indicating a specific time window for network reorganization. Collectively, the multidimensional metrics indicated an imbalanced global-local relationship among brain functional networks across sleep-wake stages.",include,
35930855,Relational local electroencephalography representations for sleep scoring.,Neural networks : the official journal of the International Neural Network Society,2022,"Computational sleep scoring from multimodal neurophysiological time-series (polysomnography PSG) has achieved impressive clinical success. Models that use only a single electroencephalographic (EEG) channel from PSG have not yet received the same clinical recognition, since they lack Rapid Eye Movement (REM) scoring quality. The question whether this lack can be remedied at all remains an important one. We conjecture that predominant Long Short-Term Memory (LSTM) models do not adequately represent distant REM EEG segments (termed epochs), since LSTMs compress these to a fixed-size vector from separate past and future sequences. To this end, we introduce the EEG representation model ENGELBERT (electroEncephaloGraphic Epoch Local Bidirectional Encoder Representations from Transformer). It jointly attends to multiple EEG epochs from both past and future. Compared to typical token sequences in language, for which attention models have originally been conceived, overnight EEG sequences easily span more than 1000 30 s epochs. Local attention on overlapping windows reduces the critical quadratic computational complexity to linear, enabling versatile sub-one-hour to all-day scoring. ENGELBERT is at least one order of magnitude smaller than established LSTM models and is easy to train from scratch in a single phase. It surpassed state-of-the-art macro F1-scores in 3 single-EEG sleep scoring experiments. REM F1-scores were pushed to at least 86%. ENGELBERT virtually closed the gap to PSG-based methods from 4-5 percentage points (pp) to less than 1 pp F1-score.",maybe,
36034131,"The effect of age on electroencephalogram measures of anesthesia hypnosis: A comparison of BIS, Alpha Power, Lempel-Ziv complexity and permutation entropy during propofol induction.",Frontiers in aging neuroscience,2022,"BACKGROUND: Improving anesthesia administration for elderly population is of particular importance because they undergo considerably more surgical procedures and are at the most risk of suffering from anesthesia-related complications. Intraoperative brain monitors electroencephalogram (EEG) have proved useful in the general population, however, in elderly subjects this is contentious. Probably because these monitors do not account for the natural differences in EEG signals between young and older patients. In this study we attempted to systematically characterize the age-dependence of different EEG measures of anesthesia hypnosis. METHODS: We recorded EEG from 30 patients with a wide age range (19-99 years old) and analyzed four different proposed indexes of depth of hypnosis before, during and after loss of behavioral response due to slow propofol infusion during anesthetic induction. We analyzed Bispectral Index (BIS), Alpha Power and two entropy-related EEG measures, Lempel-Ziv complexity (LZc), and permutation entropy (PE) using mixed-effect analysis of variances (ANOVAs). We evaluated their possible age biases and their trajectories during propofol induction. RESULTS: All measures were dependent on anesthesia stages. BIS, LZc, and PE presented lower values at increasing anesthetic dosage. Inversely, Alpha Power increased with increasing propofol at low doses, however this relation was reversed at greater effect-site propofol concentrations. Significant group differences between elderly patients (>65 years) and young patients were observed for BIS, Alpha Power, and LZc, but not for PE. CONCLUSION: BIS, Alpha Power, and LZc show important age-related biases during slow propofol induction. These should be considered when interpreting and designing EEG monitors for clinical settings. Interestingly, PE did not present significant age differences, which makes it a promising candidate as an age-independent measure of hypnotic depth to be used in future monitor development.",include,
36161147,Effects of 24-h acute total sleep deprivation on physiological coupling in healthy young adults.,Frontiers in neuroscience,2022,"Sleep deprivation is associated with dysregulation of the autonomic nervous system, adverse cardiovascular events, cognitive and complex motor performance impairment. Less is known about the effects of acute total sleep deprivation (ATSD) on physiological coupling. We aimed to determine the effects of 24-h ATSD on the physiological coupling between complex subsystems by evaluating the cardiorespiratory, cardiovascular and cortico-cardiac interactions. This study enrolled 38 young healthy participants aged 23.2 ± 2.4 years. Multiple synchronous physiological signals including electrocardiography, photoplethysmography, bio-electrical impedance, electroencephalography, and continuous hemodynamic data, were performed over a baseline night after regular sleep and after a night with 24-h ATSD in the supine position. The magnitude squared coherence, phase synchronization index, and heartbeat evoked potential amplitudes, were obtained from 10-min synchronous physiological recordings to estimate the coupling strength between two time series. Parameters of hemodynamic characteristics and heart rate variability were also calculated to quantify autonomic regulation. Results indicated that the magnitude squared coherence (0.38 ± 0.17 vs. 0.29 ± 0.12, p = 0.015) between respiration and heart rate variability along with the magnitude squared coherence (0.36 ± 0.18 vs. 0.27 ± 0.13, p = 0.012) between respiration and pulse transit time were significantly decreased after 24-h ATSD. There were no significant differences (all p > 0.05) in phase synchronization indices, heartbeat evoked potential amplitudes as well as other analyzed measurements between baseline and 24-h ATSD states. We conclude that exposure to 24-h ATSD appears to weaken the cardiorespiratory and respiratory-cardiovascular coupling strength of young healthy adults. These findings suggest that physiological coupling analysis may serve as a complementary approach for characterizing and understanding the complex effects of sleep deprivation.",include,
36288946,Weakly Correlated Local Cortical State Switches under Anesthesia Lead to Strongly Correlated Global States.,The Journal of neuroscience : the official journal of the Society for Neuroscience,2022,"During recovery from anesthesia, brain activity switches abruptly between a small set of discrete states. Surprisingly, this switching also occurs under constant doses of anesthesia, even in the absence of stimuli. These metastable states and the transitions between them are thought to form a ""scaffold"" that ultimately guides the brain back to wakefulness. The processes that constrain cortical activity patterns to these states and govern how states are coordinated between different cortical regions are unknown. If state transitions were driven by subcortical modulation, different cortical sites should exhibit near-synchronous state transitions. Conversely, spatiotemporal heterogeneity would suggest that state transitions are coordinated through corticocortical interactions. To differentiate between these hypotheses, we quantified synchrony of brain states in male rats exposed to a fixed isoflurane concentration. States were defined from spectra of local field potentials recorded across layers of visual and motor cortices. A transition synchrony measure shows that most state transitions are highly localized. Furthermore, while most pairs of cortical sites exhibit statistically significant coupling of both states and state transition times, coupling strength is typically weak. States and state transitions in the thalamic input layer (L4) are particularly decoupled from those in supragranular and infragranular layers. This suggests that state transitions are not imposed on the cortex by broadly projecting modulatory systems. Although each pairwise interaction is typically weak, we show that the multitude of such weak interactions is sufficient to confine global activity to a small number of discrete states.SIGNIFICANCE STATEMENT The brain consistently recovers to wakefulness after anesthesia, but this process is poorly understood. Previous work revealed that, during recovery from anesthesia, corticothalamic activity falls into one of several discrete patterns. The neuronal mechanisms constraining the cortex to just a few discrete states remain unknown. Global states could be coordinated by fluctuations in subcortical nuclei that project broadly to the cortex. Alternatively, these states may emerge from interactions within the cortex itself. Here, we provide evidence for the latter possibility by demonstrating that most pairs of cortical sites exhibit weak coupling. We thereby lay groundwork for future investigations of the specific cellular and network mechanisms of corticocortical activity state coupling.",include,
36379187,Network alterations in eating epilepsy during resting state and during eating using Magnetoencephalography.,Epilepsy & behavior : E&B,2022,"OBJECTIVE: Eating epilepsy presents various imaging and electrophysiological features along with various seizure triggers. As such, network changes in eating epilepsy have not been comprehensively explored. This study was conducted to illustrate resting state network changes in eating epilepsy and to study the changes in network configurations during eating. METHODS: Magnetoencephalography recordings of nineteen patients with drug-resistant eating epilepsy were compared with healthy controls during resting state. A subgroup of nine patients and 12 controls had MEG recordings during eating. Network changes were analyzed using phase lag index across 5 frequency bands [delta, theta, alpha, beta, and gamma] using clustering coefficient (CC), betweenness centrality (BC), path length (PL), modularity (Q), and small worldness (SW). RESULTS: During the resting state, PL was decreased in patients with epilepsy in the delta, theta, and gamma band. Q was lower in patients with epilepsy in the beta and gamma bands. During eating, in patients with epilepsy, PL and SW were increased in all frequency bands, and Q was decreased in the beta band and increased in the rest of the frequency bands. Patients with mixed types of seizures showed higher PL in all bands except alpha, higher Q in all bands, and higher SW in the alpha and beta bands. Node-wise changes in CC and BC implicated changes in DMN and 'eating' networks. CONCLUSION: Reflex Eating epilepsy presents with a hyperconnected network that exacerbates during eating. The cause of seizure onset and loss of consciousness in eating epilepsy might be due to aberrant network interaction between the regions of the brain involved with eating, such as the sensorimotor cortex, lateral parietal cortex, and insula with the limbic cortex and default mode network across multiple frequency bands.",include,
36601627,Electroencephalographic characteristics of children and adolescents with chronic musculoskeletal pain.,Pain reports,2022,"INTRODUCTION: The pathophysiology of pediatric musculoskeletal (MSK) pain is unclear, contributing to persistent challenges to its management. OBJECTIVES: This study hypothesizes that children and adolescents with chronic MSK pain (CPs) will show differences in electroencephalography (EEG) features at rest and during thermal pain modalities when compared with age-matched controls. METHODS: One hundred forty-two CP patients and 45 age-matched healthy controls (HCs) underwent a standardized thermal tonic heat and cold stimulations, while a 21-electrode headset collected EEG data. Cohorts were compared with respect to their EEG features of spectral power, peak frequency, permutation entropy, weight phase-lag index, directed phase-lag index, and node degree at 4 frequency bands, namely, delta (1-4 Hz), theta (4-8 Hz), alpha (8-13 Hz), and beta (13-30 Hz), at rest and during the thermal conditions. RESULTS: At rest, CPs showed increased global delta (P = 0.0493) and beta (P = 0.0002) power in comparison with HCs. These findings provide further impetus for the investigation and prevention of long-lasting developmental sequalae of early life chronic pain processes. Although no cohort differences in pain intensity scores were found during the thermal pain modalities, CPs and HCs showed significant difference in changes in EEG spectral power, peak frequency, permutation entropy, and network functional connectivity at specific frequency bands (P < 0.05) during the tonic heat and cold stimulations. CONCLUSION: This suggests that EEG can characterize subtle differences in heat and cold pain sensitivity in CPs. The complementation of EEG and evoked pain in the clinical assessment of pediatric chronic MSK pain can better detect underlying pain mechanisms and changes in pain sensitivity.",maybe,
36699209,Catastrophic and Critical Intraoperative Events during Pediatric Craniofacial Surgery.,Plastic and reconstructive surgery. Global open,2023,"UNLABELLED: Pediatric craniofacial surgery performed in tertiary care centers by dedicated teams is associated with high levels of safety and low rates of mortality. However, catastrophic and life-threatening events may occur as a result of surgical management of these complex patients. This study reviewed the incidence and acute outcomes of catastrophic and critical events during craniofacial surgery at a single high-volume center. METHODS: The data reviewed included the operative procedures of two senior craniofacial surgeons over an 18-year period at a tertiary care pediatric craniofacial center. Catastrophic or critical intraoperative events were defined as events requiring the activation of an emergency code during surgery. The operative details and acute outcomes were reviewed and analyzed. RESULTS: This study reviewed 7214 procedures performed between January 2002 and January 2019. There were 2072 (29%) cases classified as major craniofacial procedures (transcranial, mixed trans-and-extracranial, or major extracranial facial osteotomies), and code events occurred in 14 cases (0.67%; one in 148 patients): venous air embolism (n = 4), cardiac complications (n = 3), major hemorrhage (n = 3), trigeminocardiac reflex (n = 2), acute intracranial hypertension (n = 1), and acute airway obstruction (n = 1). Two cases (14%) experienced a critical event that was anesthesia-related. Cardiac arrest requiring compressions and/or defibrillation was necessary for eight patients. There were no mortalities. Surgery was curtailed in seven cases and successfully completed in seven patients. CONCLUSIONS: Catastrophic life-threatening events during pediatric craniofacial surgery are, fortunately, rare. In our institution, experienced teams in the management of catastrophic and critical intraoperative events during major pediatric craniofacial procedures resulted in no mortalities.",exclude,"No consciousness relevance, no complexity measures and no neural data"
36748402,Electrophysiological correlates of dispositional mindfulness: A quantitative and complexity EEG study.,"British journal of psychology (London, England : 1953)",2023,"While growing evidence supports that dispositional mindfulness relates to psychological health and cognitive enhancement, to date there have been only a few attempts to characterize its neural underpinnings. In the present study, we aimed at exploring the electrophysiological (EEG) signature of dispositional mindfulness using quantitative and complexity measures of EEG during resting state and while performing a learning task. Hundred twenty participants were assessed with the Five Facet Mindfulness Questionnaire and underwent 5 min eyes-closed resting state and 5 min at task EEG recording. We hypothesized that high mindfulness individuals would show patterns of brain activity related to (a) lower involvement of the default mode network (DMN) at rest (reduced frontal gamma power) and (b) a state of 'task readiness' reflected in a more similar pattern from rest to task (reduced overall q-EEG power at rest but not at task), as compared to their low mindfulness counterparts. Dispositional mindfulness was significantly linked to reduced frontal gamma power at rest and lower overall power during rest but not at task. In addition, we found a trend towards higher entropy during task performance in mindful individuals, which has recently been reported during mindfulness meditation. Altogether, our results add to those from expert meditators to show that high (dispositional) mindfulness seems to have a specific electrophysiological pattern characteristic of less involvement of the DMN and mind-wandering processes.",include,
37131550,Catheter Embolization of an Orbital Arteriovenous Fistula in a Patient With Wyburn-Mason Syndrome.,Cureus,2023,"A 24-year-old female presented to the emergency department with swelling of the forehead and oculus sinister. A soft, compressible glabellar swelling with proptosis of the oculus sinister was noted on clinical examination. Cerebral angiography revealed a left medial orbital wall arteriovenous fistula with feeders from the left internal maxillary artery, left superficial temporal artery, and left ophthalmic artery. During the cerebral angiography, a diffuse intracranial venous anomaly and left basal ganglia arteriovenous malformations were also noted. A diagnosis of Wyburn-Mason syndrome was made, and the patient underwent catheter embolization of the orbital arteriovenous fistula. After glue embolization of the left external carotid artery feeders, the patient experienced a 50% reduction in glabellar swelling in the immediate postoperative period. Glue embolization of the left ophthalmic artery feeder was planned after six months during the follow-up period.",exclude,"No consciousness relevance, no complexity measures and no neural data"
37265664,STSNet: a novel spatio-temporal-spectral network for subject-independent EEG-based emotion recognition.,Health information science and systems,2023,"How to use the characteristics of EEG signals to obtain more complementary and discriminative data representation is an issue in EEG-based emotion recognition. Many studies have tried spatio-temporal or spatio-spectral feature fusion to obtain higher-level representations of EEG data. However, these studies ignored the complementarity between spatial, temporal and spectral domains of EEG signals, thus limiting the classification ability of models. This study proposed an end-to-end network based on ManifoldNet and BiLSTM networks, named STSNet. The STSNet first constructed a 4-D spatio-temporal-spectral data representation and a spatio-temporal data representation based on EEG signals in manifold space. After that, they were fed into the ManifoldNet network and the BiLSTM network respectively to calculate higher-level features and achieve spatio-temporal-spectral feature fusion. Finally, extensive comparative experiments were performed on two public datasets, DEAP and DREAMER, using the subject-independent leave-one-subject-out cross-validation strategy. On the DEAP dataset, the average accuracy of the valence and arousal are 69.38% and 71.88%, respectively; on the DREAMER dataset, the average accuracy of the valence and arousal are 78.26% and 82.37%, respectively. Experimental results show that the STSNet model has good emotion recognition performance.",maybe,
37287794,Systems-level analysis of local field potentials reveals differential effects of lysergic acid diethylamide and ketamine on neuronal activity and functional connectivity.,Frontiers in neuroscience,2023,"Psychedelic substances have in recent years attracted considerable interest as potential treatments for several psychiatric conditions, including depression, anxiety, and addiction. Imaging studies in humans point to a number of possible mechanisms underlying the acute effects of psychedelics, including changes in neuronal firing rates and excitability as well as alterations in functional connectivity between various brain nodes. In addition, animal studies using invasive recordings, have suggested synchronous high-frequency oscillations involving several brain regions as another key feature of the psychedelic brain state. To better understand how the imaging data might be related to high-resolution electrophysiological measurements, we have here analyzed the aperiodic part of the local field potential (LFP) in rodents treated with a classic psychedelic (LSD) or a dissociative anesthetic (ketamine). In addition, functional connectivity, as quantified by mutual information measures in the LFP time series, has been assessed with in and between different structures. Our data suggest that the altered brain states of LSD and ketamine are caused by different underlying mechanisms, where LFP power shifts indicate increased neuronal activity but reduced connectivity following ketamine, while LSD also leads to reduced connectivity but without an accompanying change in LFP broadband power.",include,
37371355,Is Hypnotic Induction Necessary to Experience Hypnosis and Responsible for Changes in Brain Activity?,Brain sciences,2023,"The relevance of formal hypnotic induction to the experience of trance and its neural correlates is not clear, in that hypnotizability, beliefs and expectation of hypnosis may play a major role. The aim of the study was assessing the EEG brain activity of participants with high (highs) or low hypnotizability scores (lows), aware of their hypnotizability level and informed that the session will include simple relaxation, formal hypnotic induction and neutral hypnosis. A total of 16 highs and 15 lows (according to the Stanford Hypnotic Susceptibility Scale, form A) were enrolled. Their EEGs were recorded during consecutive conditions of open/closed-eyes relaxation, hypnotic induction, neutral hypnosis and post hypnosis not interrupted by interviews. The studied variables were theta, alpha and gamma power spectral density (PSD), and the Determinism (DET) and Entropy (ENT) of the EEG signal Multidimensional Recurrence Plot (mRP). Highs reported significantly greater changes in their state of consciousness than lows across the session. The theta, alpha and gamma PSD did not exhibit condition-related changes in both groups. The Alpha PSD was larger in highs than in lows on midline sites, and the different sides/regions' theta and gamma PSD were observed in the two groups independently from conditions. ENT showed no correlation with hypnotizability, while DET positively correlated with hypnotizability during hypnosis. In conclusion, the relevance of formal hypnotic induction to the experience of trance may be scarce in highs, as they are aware of their hypnotizability scores and expecting hypnosis. Cognitive processing varies throughout the session depending on the hypnotizability level.",include,
37418618,Glossopharyngeal Neuralgia Characterized by Otalgia: A Retrospective Study.,The Journal of craniofacial surgery,2023,"Glossopharyngeal neuralgia (GPN) is an uncommon facial pain syndrome and is characterized by paroxysms of excruciating pain in the distributions of the auricular and pharyngeal branches of cranial nerves IX and X. Glossopharyngeal neuralgia characterized by otalgia alone is rare. Herein, the authors analyzed 2 patients with GPN with otalgia as the main clinical manifestation. The clinical features and prognosis of this rare group of patients with GPN were discussed. They both presented with paroxysmal pain in the external auditory meatus and preoperative magnetic resonance imaging suggested the vertebral artery were closely related to the glossopharyngeal nerves. In both patients, compression of the glossopharyngeal nerve was confirmed during microvascular decompression, and the symptoms were relieved immediately after surgery. At 11 to 15 months follow-up, there was no recurrence of pain. A variety of reasons can cause otalgia. The possibility of GPN is a clinical concern in patients with otalgia as the main complaint. The authors think the involvement of the glossopharyngeal nerve fibers in the tympanic plexus via Jacobson nerve may provide an important anatomic basis for GPN with predominant otalgia. Surface anesthesia test of the pharynx and preoperative magnetic resonance imaging is helpful for diagnosis. Microvascular decompression is effective in the treatment of GPN with predominant otalgia.",exclude,"No consciousness relevance, no complexity measures and no neural data"
37493690,Early development of the functional brain network in newborns.,Brain structure & function,2023,"During the prenatal period and the first postnatal years, the human brain undergoes rapid growth, which establishes a preliminary infrastructure for the subsequent development of cognition and behavior. To understand the underlying processes of brain functioning and identify potential sources of developmental disorders, it is essential to uncover the developmental rules that govern this critical period. In this study, graph theory modeling and network science analysis were employed to investigate the impact of age, gender, weight, and typical and atypical development on brain development. Local and global topologies of functional connectomes obtained from rs-fMRI data were collected from 421 neonates aged between 31 and 45 postmenstrual weeks who were in natural sleep without any sedation. The results showed that global efficiency, local efficiency, clustering coefficient, and small-worldness increased with age, while modularity and characteristic path length decreased with age. The normalized rich-club coefficient displayed a U-shaped pattern during development. The study also examined the global and local impacts of gender, weight, and group differences between typical and atypical cases. The findings presented some new insights into the maturation of functional brain networks and their relationship with cognitive development and neurodevelopmental disorders.",maybe,
37516341,An autonomic mode of brain activity.,Progress in neurobiology,2023,"The relevance of interactions between autonomic and central nervous systems remains unclear for human brain function and health, particularly when both systems are challenged under sleep deprivation (SD). We measured brain activity (with fMRI), pulse and respiratory signals, and baseline brain amyloid beta burden (with PET) in healthy participants. We found that SD relative to rested wakefulness (RW) resulted in a significant increase in synchronized low frequency (LF, < 0.1 Hz) activity in an autonomically-related network (AN), including dorsal attention, visual, and sensorimotor regions, which we previously found to have consistent temporal coupling with LF pulse signal changes (regulated by sympathetic tone). SD resulted in a significant phase coherence between the LF component of the pulse signal and a medial network with peak effects in the midbrain reticular formation, and between LF component of the respiratory variations (regulated by respiratory motor output) and a cerebellar network. The LF power of AN during SD was significantly and independently correlated with pulse-medial network and respiratory-cerebellar network phase coherences (total adjusted R2 = 0.78). Higher LF power of AN during SD (but not RW) was associated with lower amyloid beta burden (Cohen's d = 0.8). In sum, SD triggered an autonomic mode of synchronized brain activity that was associated with distinct autonomic-central interactions. Findings highlight the direct relevance of global cortical synchronization to brain clearance mechanisms.",include,
37895516,Deep-Learning-Based Classification of Cyclic-Alternating-Pattern Sleep Phases.,"Entropy (Basel, Switzerland)",2023,"Determining the cyclic-alternating-pattern (CAP) phases in sleep using electroencephalography (EEG) signals is crucial for assessing sleep quality. However, most current methods for CAP classification primarily rely on classical machine learning techniques, with limited implementation of deep-learning-based tools. Furthermore, these methods often require manual feature extraction. Herein, we propose a fully automatic deep-learning-based algorithm that leverages convolutional neural network architectures to classify the EEG signals via their time-frequency representations. Through our investigation, we explored using time-frequency analysis techniques and found that Wigner-based representations outperform the commonly used short-time Fourier transform for CAP classification. Additionally, our algorithm incorporates contextual information of the EEG signals and employs data augmentation techniques specifically designed to preserve the time-frequency structure. The model is developed using EEG signals of healthy subjects from the publicly available CAP sleep database (CAPSLPDB) on Physionet. An experimental study demonstrates that our algorithm surpasses existing machine-learning-based methods, achieving an accuracy of 77.5% on a balanced test set and 81.8% when evaluated on an unbalanced test set. Notably, the proposed algorithm exhibits efficiency and scalability, making it suitable for on-device implementation to enhance CAP identification procedures.",maybe,
38098565,Epidermal cyst protruding from the occipital region of the scalp: a case report.,Annals of medicine and surgery (2012),2023,"INTRODUCTION AND IMPORTANCE: Epidermal cysts are the most common subcutaneous tumor typically observed on the scalp, face, neck, back, or trunk. Epidermal cysts conventionally range in size from 1 to 5 cm, with sizes greater than 5 cm rarely reported. CASE PRESENTATION: Here, we present a case of a 58-year-old female housewife who presented to our surgery outpatient department (OPD) with a history of a mass in the left occipital region. The mass was first noticed 3 years back and was small and associated with mild itching. The mass progressively increased in size over the course of 3 years. Her present complaint was a painful mass associated with itching, headache, and pus discharge when compressed. The pain was relieved by taking medication. CLINICAL DISCUSSION: The epidermal cyst was confirmed on biopsy, and subsequent excision of the cyst was done under general anesthesia; the occipital bone was eroded by the inferior part of the cyst - reconstruction of scalp defect done by rotational scalp flap. CONCLUSION: Epidermal cysts, being a slow-growing benign tumor, can pose diagnostic difficulties, especially when located in the scalp area. In addition to that, when cranial bones and intracranial structures are affected by the cyst, they can even lead to complications and interventional difficulties.",exclude,"No consciousness relevance, no complexity measures and no neural data"
38105924,Effect of sleep deprivation and NREM sleep stage on physiological brain pulsations.,Frontiers in neuroscience,2023,"INTRODUCTION: Sleep increases brain fluid transport and the power of pulsations driving the fluids. We investigated how sleep deprivation or electrophysiologically different stages of non-rapid-eye-movement (NREM) sleep affect the human brain pulsations. METHODS: Fast functional magnetic resonance imaging (fMRI) was performed in healthy subjects (n = 23) with synchronous electroencephalography (EEG), that was used to verify arousal states (awake, N1 and N2 sleep). Cardiorespiratory rates were verified with physiological monitoring. Spectral power analysis assessed the strength, and spectral entropy assessed the stability of the pulsations. RESULTS: In N1 sleep, the power of vasomotor (VLF < 0.1 Hz), but not cardiorespiratory pulsations, intensified after sleep deprived vs. non-sleep deprived subjects. The power of all three pulsations increased as a function of arousal state (N2 > N1 > awake) encompassing brain tissue in both sleep stages, but extra-axial CSF spaces only in N2 sleep. Spectral entropy of full band and respiratory pulsations decreased most in N2 sleep stage, while cardiac spectral entropy increased in ventricles. DISCUSSION: In summary, the sleep deprivation and sleep depth, both increase the power and harmonize the spectral content of human brain pulsations.",include,
38116114,Percutaneous ballon compression for recurrent TN -a retrospective study of 33 cases.,Frontiers in neurology,2023,"OBJECTIVE: To investigate the clinical efficacy of percutaneous microballoon compression in the treatment of recurrent TN. METHODS: This retrospective study included 33 patients who underwent percutaneous microballoon compression for the treatment of recurrent TN from March 2019 to May 2022. Postoperative pain recurrence and facial numbness were assessed according to the Barrow Neurological Institute (BNI) pain score. Patients' anxiety and sleep status during follow-up were assessed according to the Self-rating Anxiety Scale (SAS) and Pittsburgh Sleep Quality Index (PSQI). RESULTS: All patients (33 cases) were followed up for 12-38 months, with an average follow-up time of 23 months. On postoperative day 1, 31 patients (93.9%) reported no pain, and 2 patients were given drug treatment for pain relief, The total efficacy was 93.9%. Moreover, 2 patients (6.1%) reported significant pain relief 2 weeks postoperatively. There are many complications during and after PBC. The incidence of the trigeminocardiac reflex (TCR) during surgery was 100%, and the incidence of facial numbness, masseter muscle weakness, labial herpes and headache was 97, 60.6, 12.1 and 3%. No patient experienced severe facial numbness, hearing impairment, diplopia, injury to cranial nerves, Meningitis, intracranial haemorrhage or keratitis. 1 patient had recurrence of pain at 6 months post-op, which was relieved by oral medication. 81.8% suffered from anxiety and 54.5% had poor sleep quality before surgery. After the period of PBC, SAS and PSQI scores decreased continuously. There were significant improvements in anxiety and sleep status postoperatively compared with preoperatively. CONCLUSION: PBC is a safe and effective option for the treatment of recurrent TN. The arduous and demanding nature of the clinical course subjects the patient to severe pain, mental, and physical stress. Thankfully, it significantly improves the symptoms of anxiety, depression, and sleep quality.",exclude,"No consciousness relevance, no complexity measures and no neural data"
38136525,From Black Holes Entropy to Consciousness: The Dimensions of the Brain Connectome.,"Entropy (Basel, Switzerland)",2023,"It has been shown that the theory of relativity can be applied physically to the functioning brain, so that the brain connectome should be considered as a four-dimensional spacetime entity curved by brain activity, just as gravity curves the four-dimensional spacetime of the physical world. Following the most recent developments in modern theoretical physics (black hole entropy, holographic principle, AdS/CFT duality), we conjecture that consciousness can naturally emerge from this four-dimensional brain connectome when a fifth dimension is considered, in the same way that gravity emerges from a 'flat' four-dimensional quantum world, without gravitation, present at the boundaries of a five-dimensional spacetime. This vision makes it possible to envisage quantitative signatures of consciousness based on the entropy of the connectome and the curvature of spacetime estimated from data obtained by fMRI in the resting state (nodal activity and functional connectivity) and constrained by the anatomical connectivity derived from diffusion tensor imaging.",include,
38983371,"Study protocol for ""Psilocybin in patients with fibromyalgia: brain biomarkers of action"".",Frontiers in psychiatry,2024,"BACKGROUND: Chronic pain is a leading cause of disability worldwide. Fibromyalgia is a particularly debilitating form of widespread chronic pain. Fibromyalgia remains poorly understood, and treatment options are limited or moderately effective at best. Here, we present a protocol for a mechanistic study investigating the effects of psychedelic-assisted-therapy in a fibromyalgia population. The principal focus of this trial is the central mechanism(s) of psilocybin-therapy i.e., in the brain and on associated mental schemata, primarily captured by electroencephalography (EEG) recordings of the acute psychedelic state, plus pre and post Magnetic Resonance Imaging (MRI). METHODS: Twenty participants with fibromyalgia will complete 8 study visits over 8 weeks. This will include two dosing sessions where participants will receive psilocybin at least once, with doses varying up to 25mg. Our primary outcomes are 1) Lempel-Ziv complexity (LZc) recorded acutely using EEG, and the 2) the (Brief Experiential Avoidance Questionnaire (BEAQ) measured at baseline and primary endpoint. Secondary outcomes will aim to capture broad aspects of the pain experience and related features through neuroimaging, self-report measures, behavioural paradigms, and qualitative interviews. Pain Symptomatology will be measured using the Brief Pain Inventory Interference Subscale (BPI-IS), physical and mental health-related function will be measured using the 36-Item Short Form Health Survey (SF-36). Further neurobiological investigations will include functional MRI (fMRI) and diffusion tensor imaging (changes from baseline to primary endpoint), and acute changes in pre- vs post-acute spontaneous brain activity - plus event-related potential functional plasticity markers, captured via EEG. DISCUSSION: The results of this study will provide valuable insight into the brain mechanisms involved in the action of psilocybin-therapy for fibromyalgia with potential implications for the therapeutic action of psychedelic-therapy more broadly. It will also deliver essential data to inform the design of a potential subsequent RCT.",include,
39049937,Prolonged Disease Course Leads to Impaired Brain Function in Anxiety Disorder: A Resting State EEG Study.,Neuropsychiatric disease and treatment,2024,"OBJECTIVE: Anxiety disorder (AD) is a common disabling disease. The prolonged disease course may lead to impaired cognitive performance, brain function, and a bad prognosis. Few studies have examined the effect of disease course on brain function by electroencephalogram (EEG). METHODS: Resting-state EEG analysis was performed in 34 AD patients. The 34 patients with AD were divided into two groups according to the duration of their illness: anxious state (AS) and generalized anxiety disorder (GAD). Then, EEG features, including univariate power spectral density (PSD), fuzzy entropy (FE), and multivariable functional connectivity (FC), were extracted and compared between AS and GAD. These features were evaluated by three previously validated machine learning methods to test the accuracy of classification in AS and GAD. RESULTS: Significant decreased PSD and FE in GAD were detected compared with AS, especially in the Alpha 2 band. In addition, FC analysis indicated that GAD patients' connection between the left and right hemispheres decreased. Based on machine learning, AS and GAD are classified on a six-month criterion with the highest classification accuracy of up to 0.99 ± 0.0015. CONCLUSION: The brain function of patients is more severely impaired in AD patients with longer illness duration. Resting-state EEG demonstrated to be a promising examination in the classification in GAD and AS using machine learning methods with better classification accuracy.",maybe,
39075138,Analyzing brain-activation responses to auditory stimuli improves the diagnosis of a disorder of consciousness by non-linear dynamic analysis of the EEG.,Scientific reports,2024,"Although auditory stimuli benefit patients with disorders of consciousness (DOC), the optimal stimulus remains unclear. We explored the most effective electroencephalography (EEG)-tracking method for eliciting brain responses to auditory stimuli and assessed its potential as a neural marker to improve DOC diagnosis. We collected 58 EEG recordings from patients with DOC to evaluate the classification model's performance and optimal auditory stimulus. Using non-linear dynamic analysis (approximate entropy [ApEn]), we assessed EEG responses to various auditory stimuli (resting state, preferred music, subject's own name [SON], and familiar music) in 40 patients. The diagnostic performance of the optimal stimulus-induced EEG classification for vegetative state (VS)/unresponsive wakefulness syndrome (UWS) and minimally conscious state (MCS) was compared with the Coma Recovery Scale-Revision in 18 patients using the machine learning cascade forward backpropagation neural network model. Regardless of patient status, preferred music significantly activated the cerebral cortex. Patients in MCS showed increased activity in the prefrontal pole and central, occipital, and temporal cortices, whereas those in VS/UWS showed activity in the prefrontal and anterior temporal lobes. Patients in VS/UWS exhibited the lowest preferred music-induced ApEn differences in the central, middle, and posterior temporal lobes compared with those in MCS. The resting state ApEn value of the prefrontal pole (0.77) distinguished VS/UWS from MCS with 61.11% accuracy. The cascade forward backpropagation neural network tested for ApEn values in the resting state and preferred music-induced ApEn differences achieved an average of 83.33% accuracy in distinguishing VS/UWS from MCS (based on K-fold cross-validation). EEG non-linear analysis quantifies cortical responses in patients with DOC, with preferred music inducing more intense EEG responses than SON and familiar music. Machine learning algorithms combined with auditory stimuli showed strong potential for improving DOC diagnosis. Future studies should explore the optimal multimodal sensory stimuli tailored for individual patients.Trial registration: The study is registered in the Chinese Registry of Clinical Trials (Approval no: KYLL-2023-414, Registration code: ChiCTR2300079310).",include,
39326323,Preoperative [18F]fluoro-PEG-folate PET/CT in advanced stage epithelial ovarian cancer: A safety and feasibility study.,Nuclear medicine and biology,2024,"PURPOSE: The selection for either primary or interval cytoreductive surgery (CRS) in patients with epithelial ovarian cancer (EOC) is currently based on imaging techniques like computed tomography (CT), [18F]fluorodeoxyglucose-positron emission tomography ([18F]FDG-PET), diffusion-weighted magnetic resonance imaging (DW-MRI) and/or diagnostic laparoscopy, but these have limitations. Folate receptor (FR)-targeted PET/CT imaging, using [18F]fluoro-PEG-folate, could improve preoperative assessment, potentially reducing unnecessary laparotomies. This paper presents the first experience with [18F]fluoro-PEG-folate PET/CT imaging in advanced stage EOC, focusing on safety, tolerability, and feasibility for reflecting the extent of disease. METHODS: Tolerability and safety were monitored after administration of the [18F]fluoro-PEG-folate tracer by measurements of vital function parameters (blood pressure, heart rate, peripheral oxygen saturation, respiratory rate, and temperature). In addition, (serious) adverse events were recorded. Disease burden was quantified using the Peritoneal Cancer Index (PCI) score on preoperative [18F]fluoro-PEG-folate PET/CT and during surgery. PCI scores were compared with intraoperative findings, considering histopathologic results as the gold standard. Tissue specimens were stained for FRα and FRβ. Relative uptake of the radiotracer by EOC lesions and other tissues was quantified using body weighted standardized uptake values (SUV). RESULTS: The study was terminated prematurely during the interim analysis after inclusion of eight patients of whom five had completed the study protocol. Although [18F]fluoro-PEG-folate demonstrated safety, efficacy for tumor-specific imaging was limited. Despite clear FRα overexpression, low tracer uptake was observed in EOC lesions, contrasting with high uptake in healthy tissues, posing challenges in specificity and accurately assessing tumor burden. CONCLUSIONS: Overall, while [18F]fluoro-PEG-folate was well-tolerated, its clinical utility in the preoperative assessment of the extent of disease in EOC was limited. This highlights the need for further research in developing targeted imaging agents for optimal detection of EOC metastases. TRIAL REGISTRATION: Clinicaltrials.gov, NCT05215496. Registered 31 January 2022.",exclude,"No consciousness relevance, no complexity measures and no neural data"
39390109,EEG synchronization patterns during a Go/No-Go task in individuals with aphasia in subacute and chronic phases of stroke.,Scientific reports,2024,"Stroke and subsequent neuroregenerative processes cause changes in neural organization of attentional functions. In this study, we attempted to identify differences in neural synchronization patterns during a visual Go/No-Go task in people with post-stroke aphasia in both subacute and chronic stroke phases. To identify neuronal underpinnings of the behavioral differences we investigated pairwise connectivity patterns using corrected imaginary phase locking value and graph-theoretic measures (efficiency, modularity and clustering coefficient) at global and local level in subacute (n = 13) and chronic stroke phases (n = 14) during a Go/No-Go task. We observed significantly lower phase synchronization in the Subacute Group in the alpha band in the connections spanning frontal and central areas of both hemispheres alongside lower local efficiency and clustering coefficient in the left frontal region. Additionally, we observed higher modularity in the beta band in the unaffected right parietal region in the Subacute Group which may denote inhibition of motor and attention functions. Those mechanisms could serve to align cognitive abilities between the damaged and healthy hemispheres, harmonizing the activity of the neuronal networks of both hemispheres disrupted by the effects of the stroke. Our findings have potential implications for rehabilitation therapies, which should take into account the pattern of connectivity changes during different phases of reovery.",maybe,
39465779,An unusual case of recurrent traumatic spinal epidural hematoma accompanied by osteoporotic vertebral compression fractures: Case report.,Medicine,2024,"RATIONALE: Traumatic spinal epidural hematoma (SEH) is a rare clinical condition. Here, we present an extraordinary case of recurrent SEH accompanied by thoracolumbar spine fractures resulting from minor trauma, and provide evidence-based recommendations for the surgical management strategies in this unique scenario. PATIENT CONCERNS: A 71-year-old female patient presented with back pain after a fall. Magnetic resonance imaging revealed an SEH with L2 vertebral compression fracture. Following unsuccessful conservative treatment, percutaneous vertebroplasty was performed at the 2nd lumbar vertebra under local anesthesia. Two years later, the patient experienced another fall and was diagnosed with spinal hematoma with L1 vertebral compression fractures. DIAGNOSES: The patient was diagnosed with recurrent osteoporotic vertebral compression fracture accompanying SEH. OUTCOMES: After 1 week of conservative treatment, notable improvement of limbs numbness was observed. The patient ultimately underwent L1 vertebroplasty surgery. The patient was discharged smoothly on the third postoperative day and made a full recovery after 4 months. LESSONS: SEH is a rare clinical finding that can occur even after a minor trauma in the elderly. It is worth noting that osteoporotic vertebral compression fractures with asymptomatic or stable intraspinal hematoma, is not considered to be a contraindication for percutaneous vertebroplasty. And percutaneous vertebroplasty is a safe and effective treatment for osteoporotic compression fractures with asymptomatic SEH.",exclude,"No consciousness relevance, no complexity measures and no neural data"
39714568,EEG brain networks modulation during sleep onset: the effects of aging.,GeroScience,2025,"The aim of the present study is to investigate differences in brain networks modulation during the pre- and post-sleep onset period, both within and between two groups of young and older individuals. Thirty-six healthy elderly and 40 young subjects participated. EEG signals were recorded during pre- and post-sleep onset periods and functional connectivity analysis, specifically focusing on the small world (SW) index, applied to EEG data (i.e., frequency bands) was examined. Significant differences in SW values were found between the pre-sleep and post-sleep onset phases in both young and older groups, with a reduction in the SW index in the theta band common to both groups. Additionally, an increase in the SW index in the beta band was exclusive to the elderly group during the post-sleep onset period, while an increase in the sigma band was exclusive to the young group. Furthermore, differences between the young and elderly groups were found during both phases, including a decrease in the SW index within the delta band, an increment in the sigma and beta bands in the elderly compared to the young group during the pre-sleep onset period, and a notable absence of sigma band modulation in the elderly group during the post-sleep onset condition. These findings provide insights into age-related changes in sleep-related brain network dynamics and their potential impact on sleep quality and cognitive functions, prompting interventions aimed at supporting healthy aging and addressing age-related cognitive decline.",include,
39726756,The impact of sleep disorders on brain network connectivity in postpartum women: a functional near-infrared spectroscopy-based study.,Frontiers in neurology,2024,"Sleep disorder is an important risk factor for postpartum depression. Although previous research has explored brain activity in postpartum depression, it has not fully revealed how insomnia affect mood by altering interactions between brain regions. This study aim to investigate the relationship between insomnia and depressive status in postpartum women, utilizing functional near-infrared spectroscopy (fNIRS) to explore brain network topological properties. Among 143 postpartum women, 40 were diagnosed with insomnia and 103 without. The results indicated that the Edinburgh Postnatal Depression Scale (EPDS) scores were significantly higher in the insomnia group compared to the control group. Compared with the control group, the insomnia group showed significantly increased connection strength of triangularis Broca's between middle and superior temporal gyrus and left between right dorsolateral prefrontal cortex (p < 0.001). Brain network topological analysis revealed that the small-world properties, clustering coefficient (p = 0.009), and local efficiency (p = 0.009) were significantly lower in the insomnia group compared to the control group. Notably, the local efficiency and clustering coefficient of the left temporal pole were significantly reduced and negatively correlated with EPDS scores. These findings elucidate how insomnia may exacerbate postpartum depression through changes in brain network properties. While the observed alterations in connectivity suggest a correlation, causation cannot be definitively established. Improving sleep quality remains a promising intervention, but further research is needed to clarify causal links and therapeutic targets.",maybe,
39778774,An EEG-based emotion recognition method by fusing multi-frequency-spatial features under multi-frequency bands.,Journal of neuroscience methods,2025,"BACKGROUND: Recognition of emotion changes is of great significance to a person's physical and mental health. At present, EEG-based emotion recognition methods are mainly focused on time or frequency domains, but rarely on spatial information. Therefore, the goal of this study is to improve the performance of emotion recognition by integrating frequency and spatial domain information under multi-frequency bands. NEW METHODS: Firstly, EEG signals of four frequency bands are extracted, and then three frequency-spatial features of differential entropy (DE) symmetric difference (SD) and symmetric quotient (SQ) are separately calculated. Secondly, according to the distribution of EEG electrodes, a series of brain maps are constructed by three frequency-spatial features for each frequency band. Thirdly, a Multi-Parallel-Input Convolutional Neural Network (MPICNN) uses the constructed brain maps to train and obtain the emotion recognition model. Finally, the subject-dependent experiments are conducted on DEAP and SEED-IV datasets. RESULTS: The experimental results of DEAP dataset show that the average accuracy of four-class emotion recognition, namely, high-valence high-arousal, high-valence low-arousal, low-valence high-arousal and low-valence low-arousal, reaches 98.71 %. The results of SEED-IV dataset show the average accuracy of four-class emotion recognition, namely, happy, sad, neutral and fear reaches 92.55 %. COMPARISON WITH EXISTING METHODS: This method has a best classification performance compared with the state-of-the-art methods on both four-class emotion recognition datasets. CONCLUSIONS: This EEG-based emotion recognition method fused multi-frequency-spatial features under multi-frequency bands, and effectively improved the recognition performance compared with the existing methods.",maybe,
39799823,Modulation mode of amygdala morphology and cognitive function under acute sleep deprivation in healthy male.,Sleep medicine,2025,"The amygdala plays a crucial role in various behavioral functions and psychiatric conditions, with its morphology showing alterations in sleep disorders. While the impact of chronic sleep disorders on amygdala morphology has been studied, the effects of acute sleep deprivation (ASD) remain largely unexplored. The present study aimed to investigate the modulation between amygdala sub-region volumes and spatial working memory (SWM) performance under ASD conditions. Twenty-eight healthy male participants underwent MRI scanning and performed SWM tasks before and after 24 h of ASD. Amygdala sub-region volumes were segmented into nine sub-regions, and Granger causality analysis was employed to examine the relationship between amygdala morphology and SWM performance. Results revealed significant decreases in SWM accuracy and increases in reaction time following ASD. Localized changes in amygdala sub-regions were observed, with increased left cortico-amygdaloid transition area (CAT) volume and decreased right paralaminar nucleus (PL) volume. Granger causality analysis uncovered a bidirectional modulation between centromedial and cortical-like nuclei, and a progressive involvement of amygdala sub-regions in modulating SWM performance as task difficulty increased. These findings demonstrate a complex interplay between sleep, amygdala morphology, and cognitive function, suggesting that the amygdala plays a crucial role in modulating cognitive performance under ASD conditions. The differential involvement of amygdala sub-regions across varying cognitive loads indicates a flexible and adaptive system attempting to maintain performance in the face of sleep loss.",maybe,
39881126,From relaxed beliefs under psychedelics (REBUS) to revised beliefs after psychedelics (REBAS).,Scientific reports,2025,"The Relaxed Beliefs Under pSychedelics (REBUS) model proposes that serotonergic psychedelics decrease the precision weighting of neurobiologically-encoded beliefs. We conducted a preliminary examination of two psychological assumptions of REBUS: (a) psychedelics foster acute relaxation and post-acute revision of confidence in mental-health-relevant beliefs; which (b) facilitate positive therapeutic outcomes and are associated with the entropy of EEG signals. Healthy individuals (N = 11) were administered 1 mg and 25 mg psilocybin 4-weeks apart. Confidence ratings for personally held beliefs were obtained before, during, and 4-weeks post-psilocybin. Acute entropy and subjective experiences were measured, as was well-being (before and 4-weeks post-psilocybin). Confidence in negative self-beliefs decreased following 25 mg psilocybin. Entropy and subjective effects under 25 mg psilocybin correlated with decreases in negative self-belief confidence (acutely and at 4-weeks). Particularly strong evidence was seen for a relationship between decreases in negative self-belief confidence and increases in well-being. We report the first empirical evidence that the relaxation and revision of negative self-belief confidence mediates psilocybin's positive psychological outcomes, and provide tentative evidence for a neuronal mechanism, namely, increased neuronal entropy. Replication within larger and clinical samples is necessary. We also introduce a new measure for examining the robustness of these preliminary findings and the utility of the REBUS model.",include,
39952989,Individual differences in wellbeing are supported by separable sets of co-active self- and visual-attention-related brain networks.,Scientific reports,2025,"How does the brain support 'wellbeing'? Because it is a multidimensional construct, it is likely the product of multiple co-active brain networks that vary across individuals. This is perhaps why prior neuroimaging studies have found inconsistent anatomical associations with wellbeing. Furthermore, these used 'laboratory-style' or 'resting-state' methods not amenable to finding manifold networks. To address these issues, we had participants watch a full-length romantic comedy-drama film during functional magnetic resonance imaging. We hypothesised that individual differences in wellbeing measured before scanning would be correlated with individual differences in brain networks associated with 'embodied' and 'narrative' self-related processing. Indeed, searchlight spatial inter-participant representational similarity and subsequent analyses revealed seven sets of co-activated networks associated with individual differences in wellbeing. Two were 'embodied self' related, including brain regions associated with autonomic and affective processing. Three sets were 'narrative self' related, involving speech, language, and autobiographical memory-related regions. Finally, two sets of visual-attention-related networks emerged. These results suggest that the neurobiology of wellbeing in the real world is supported by diverse but functionally definable and separable sets of networks. This has implications for psychotherapy where individualised interventions might target, e.g., neuroplasticity in language-related narrative over embodied self or visual-attentional related processes.",maybe,
40048826,Detection of freely moving thoughts using SVM and EEG signals.,Journal of neural engineering,2025,"Objective.Freely moving thought is a type of thinking that shifts from one topic to another without any overarching direction or aim. The ability to detect when freely moving thought occurs may help us promote its beneficial outcomes, such as for creative thinking and positive mood. Thus far, no studies have used machine learning to detect freely moving thought on the basis of 'objective' (e.g. neural or behavioral) data.Approach.Our study addresses this gap, using event-related potential (ERP) and spectral features of electroencephalogram (EEG) signals as well as behavioral measures during a simple attention task and machine learning to detect freely moving thought. EEG features were first examined with both inter-subject and intra-subject strategies. Specifically, the statistical and entropy features of the P3 ERP and alpha spectral measures were entered as inputs to the support vector machine. The best combination of EEG features achieving higher classification performance in both strategies were then selected to combine with behavioral features to further enhance classification performance.Main results.Our best performing model has a Matthew's correlation coefficient and area under the curve of 0.3105 and 0.6665 for inter-subject models and 0.2815 and 0.6407 for intra-subject models respectively.Significance.The above chance level performance in both strategies using EEG and behavioral features shows great promise for machine learning approaches to detect freely moving thought and highlights their potential for real-time prediction in the real world. This has important implications for enhancing creative processes and mood associated with freely moving thought.",include,
40056784,Predictive value of resting-state fMRI graph measures in hypoxic encephalopathy after cardiac arrest.,NeuroImage. Clinical,2025,"INTRODUCTION: Current multimodal prediction models can determine the prognosis of about half of comatose cardiac arrest patients. We investigated whether whole-brain graph-theoretical measures from early resting-state functional magnetic resonance imaging (fMRI) three days after cardiac arrest discriminate between good and poor outcome and improve outcome prediction. METHODS: We conducted a prospective cohort study on comatose cardiac arrest patients on intensive care units. Resting-state fMRI three days after cardiac arrest was used to quantify whole-brain functional connectivity, global efficiency, clustering coefficient, and modularity. Neurological outcome at six months was classified as good or poor (Cerebral Performance Category 1-2 vs 3-5). Logistic regression models were used to examine between-group differences and study the additional value of graph-theoretical measures to clinical and EEG-based prediction. RESULTS: In seventy included patients (good outcome n = 44, poor n = 26), whole-brain functional connectivity and clustering coefficient (but not global efficiency and modularity) were significantly lower in patients with poor outcome. Connectivity of nodes in posterior brain areas most prominently correlated with outcome. Clustering coefficient showed strong correlation with whole-brain functional connectivity. Patients with continuous EEG patterns differed in whole-brain functional connectivity levels from those with suppressed or epileptiform patterns. Combining functional connectivity or graph measures with clinical and EEG-based predictors slightly improved outcome prediction. CONCLUSION: fMRI-based whole-brain functional connectivity is a sensitive measure for encephalopathy severity after cardiac arrest, according to relations with established EEG categories and discrimination between good and poor outcome. Additional predictive values for outcome seem small. Graph measures do not provide complementary information.",include,
40223247,Toward an Automatic Classification of the Different Stages of Sleep: Exploring Patterns of Neural Activity in the Subthalamic Nucleus.,The European journal of neuroscience,2025,"Sleep disorders substantially impact quality of life, especially in patients with neurodegenerative diseases like Parkinson's disease. Recent advances in deep brain stimulation highlight the potential of closed-loop adaptive stimulation that utilizes neural feedback signals recorded directly from the stimulation electrodes. The subthalamic nucleus, a distinct structure located deep in the brain, plays a major role in processing cortical information and could be used to classify sleep stages. We recorded local field potentials in the subthalamic nucleus of two freely moving nonhuman primates across three nights. Our study examined subthalamic neuronal activity across different vigilance stages using spectral activity, multiscale entropy analysis, and an automatic classification. Results revealed distinct spectral patterns in subthalamic activity corresponding to sleep stages, with a high synchronization between subthalamic nucleus and EEG signals during deeper sleep stages. These deeper stages were associated also with reduced entropy, suggesting decreased neural activity complexity. An automated machine learning classifier based on subthalamic nucleus spectral activity distinguished wakefulness from sleep with high accuracy (94% for both animals). While the classifier performed well for deeper sleep stages, its accuracy was lower for lighter sleep stages. Our findings suggest that subthalamic nucleus activity can mirror cortical dynamics during sleep, supporting its potential use in developing closed-loop stimulation therapies for sleep disorders. This work provides a foundation for further studies in Parkinson's disease models to evaluate the translational relevance of subthalamic nucleus activity in clinical applications.",include,
40272770,Topological Reorganization and Resting-State Functional Connectivity in Functional Dyspepsia: Associations of Symptoms with Peripheral Cytokine Levels and Amygdala Nodal Centrality.,Molecular neurobiology,2025,"Functional dyspepsia (FD) is a symptom-based disorder of gut-brain interactions, causing epigastric pain or discomfort, with immune activation presumed to play a key role. Peripheral cytokines contribute to hyperalgesia and are thought to be related to the severity of FD symptoms, while brain functional networks are also involved in these symptoms, although the mechanisms underlying these relationships remain unclear. This study aims to investigate the topological reorganization of brain functional networks in FD and their associations with peripheral cytokines, FD symptoms, anxiety, and depression. Resting-state functional magnetic resonance imaging was conducted on 40 FD patients and 40 healthy controls, assessing topological changes using small-world properties, network efficiency, nodal centrality, and whole-brain functional connectivity. FD patients had higher anxiety and depression scores than healthy controls, along with greater global efficiency, local efficiency, and clustering coefficient. They also had higher nodal centralities in the salience network (SN) and prefrontal cortex, but lower nodal centralities in the default mode network (DMN). Specifically, the nodal local efficiency of the right amygdala correlated with clinical symptom scores in FD. Whole-brain functional disconnection was found in the DMN, SN and sensorimotor network (SMN). FD patients also exhibited higher peripheral cytokines, particularly tumor necrosis factor-α (TNF-α) and interleukin-10 (IL-10), which were positively correlated with gastrointestinal symptoms. In conclusion, FD patients showed significant topological reorganization in the DMN, SN, and SMN. Furthermore, the right amygdala's nodal local efficiency was correlated with clinical symptom severity, and elevated TNF-α and IL-10 levels were associated with gastrointestinal symptom severity in FD.",maybe,
40638995,Abnormal brain functional network dynamics in narcolepsy type 1 patients.,Clinical neurophysiology : official journal of the International Federation of Clinical Neurophysiology,2025,"OBJECTIVES: To investigate the dynamic functional connectivity in narcolepsy type 1 (NT1) patients and whether clinical features are associated with abnormal connectivity. METHODS: We investigated dynamic functional connectivity (dFC) of 80 drug-naïve NT1 patients, 30 idiopathic hypersomnia (IH) patients and 60 age- and sex-matched healthy controls using sliding-window approach, clustering state analysis and graph-theory methods. Relationships between clinical features and abnormal dFC properties were evaluated. RESULTS: Three dFC brain states were identified to characterize and compare dynamic functional connectivity patterns: a more frequent and sparsely connected State I (46.96%), a less frequent and more strongly connected State Ⅱ (26.3%), and a less frequent and sparsely connected State Ⅲ (26.74%). In NT1 patients, the occurrence of the State Ⅱ increased, corresponding with a prolonged dwell time of State Ⅱ. While State Ⅲ are predominant for IH patients and healthy controls. The occurrence and dwell time of State Ⅲ are negatively correlated with sleep latency in NT1 patients. Additionally, there was a higher variability in the small-world network parameters, suggesting an abnormal global integration of the brain network in both IH and NT1 patients. CONCLUSIONS: The abnormal temporal patterns and functional segregation coupled with the severity of sleepiness and abnormal local integration in topological properties confirmed the vulnerability of functional networks in NT1 patients.",include,
40697569,Safety and efficacy of percutaneous radiofrequency thermocoagulation with varying puncture trajectories for recurrent maxillary trigeminal neuralgia: a prospective study.,Frontiers in neurology,2025,"BACKGROUND: Recurrence of maxillary trigeminal neuralgia (TN) poses a significant clinical challenge. Percutaneous radiofrequency thermocoagulation (PRT) has been established as an effective treatment for maxillary TN. However, the safety and efficacy of different puncture pathways, particularly in the context of pain recurrence, may vary. OBJECTIVE: This study aimed to compare the safety and efficacy of PRT via the foramen ovale (FO) and pterygopalatine fossa (PF) approaches for recurrent maxillary TN. METHODS: This prospective, non-randomized controlled study included 46 patients with recurrent maxillary TN who underwent PRT at our hospital between January 2021 and June 2021. Patients were divided into two groups based on the puncture pathway: the FO group and the PF group. All procedures were performed under local anesthesia and guided by computed tomography (CT). Operative complications were monitored, and pain was assessed using the Visual Analog Scale (VAS) and the Barrow Neurological Institute (BNI) scale. Follow-up evaluations were conducted at 6, 12, 18, and 24 months postoperatively. RESULTS: The efficacy rates of the two puncture pathways within 24 months were 69.5% (FO group) and 78.2% (PF group), respectively. All patients experienced hypoesthesia in the maxillary nerve area. No severe complications, such as blindness, intracranial hemorrhage, or intracranial infection, were observed in either group. CONCLUSION: Both the FO and PF puncture pathways for PRT are safe and effective for treating recurrent maxillary TN. However, for patients with a history of prior PRT or percutaneous balloon compression (PBC) targeting the Gasserian ganglion, the PF approach may be preferable.",exclude,"No consciousness relevance, no complexity measures and no neural data"
40739621,Prediction of postoperative visual cognitive impairment using graph theory and machine learning based on resting-state brain networks.,BMC medical imaging,2025,"BACKGROUND: Visual cognitive impairment is among the most common postoperative cognitive dysfunctions, significantly impacting recovery and quality of life in elderly patients. However, effective preoperative prediction methods remain lacking. We developed a machine learning model using graph theory analysis of resting-state functional connectivity networks to predict postoperative visual cognitive impairment. METHODS: In this nested case-control study, 74 elderly patients underwent preoperative rs-fMRI. Postoperative impairment was assessed using Trail Making Test Part A (TMT-A) and Digit Symbol Substitution Test (DSST). We constructed dynamic functional connectivity networks, extracting local (degree, path length, clustering coefficient, efficiency) and global features (modularity, entropy). Sparse representation-based feature selection and classification were applied to build the predictive model. RESULTS: 16 patients (21.6%) developed postoperative impairment. Analysis revealed 16 significant features (P < 0.05) differentiating groups, with key hubs in a visual-cognition network: Inferior occipital gyrus (ventral visual stream), Medial superior frontal gyrus (default mode/executive control), Cuneus (dorsal attention network), The model achieved an AUC = 0.877, accuracy = 0.840, sensitivity = 0.833, and specificity = 0.842 on independent testing. CONCLUSION: Our graph theory-machine learning framework reliably predicts postoperative visual cognitive impairment by identifying disruptions in a clinically interpretable visual-cognition network. This approach offers potential guidance for perioperative decision-making. TRIAL REGISTRATION: Chinese Clinical Trial Registry (ChiCTR-DCD-15006096, 16th/March/2015, https://www.chictr.org.cn/showproj.html?proj=10583 ).",maybe,
40810087,Breast Cancer With Airway Edema Caused by Metastatic Fracture of the Cervical Vertebra.,World journal of oncology,2025,"Bone is a common site of breast cancer metastasis, with the spine showing a particularly high affinity. An 83-year-old Japanese woman with Alzheimer's disease presented with a palpable mass in her left breast. A needle biopsy revealed invasive ductal carcinoma of the breast, hormone receptor-positive, human epidermal growth factor receptor 2 (HER2)-negative, with lymph node metastasis. Chest dynamic computed tomography showed no distant metastases. She was diagnosed with luminal-type, stage IIB (T2N1M0) breast cancer and underwent surgery. During induction of general anesthesia, intubation was difficult due to airway edema, necessitating bronchoscopy. The day after surgery, she reported neck pain, and radiography revealed a compression fracture of the third cervical vertebra. Magnetic resonance imaging confirmed a metastatic lesion in the third cervical vertebra. Postoperatively, she received endocrine therapy with letrozole, radiation therapy with zoledronic acid, and a cervical collar for cervical metastases. Seven months later, the osteolytic lesion calcified, and her pain improved. This case is unique because solitary cervical vertebral metastases from breast cancer, leading to compression fractures and airway edema, are rare. The case highlights the importance of considering cervical metastases in patients with breast cancer who develop airway difficulties or unexplained neck pain, particularly in the perioperative setting. Early recognition and intervention are crucial for preventing complications and optimizing patient outcomes.",exclude,"No consciousness relevance, no complexity measures and no neural data"
40864159,Current challenges in intrauterine management of obstructive fetal hydrocephalus and future directions.,Ultrasound in obstetrics & gynecology : the official journal of the International Society of Ultrasound in Obstetrics and Gynecology,2025,"Aqueductal stenosis is a specific type of non- communicating hydrocephalus, which is characterized by narrowing or constriction of the cerebral aqueduct, also known as the aqueduct of Sylvius. Due to the blockage, the flow of cerebrospinal fluid (CSF) through the aqueduct becomes restricted or obstructed, leading to an abnormal accumulation of CSF within the ventricles and increased intracranial pressure. Progressive expansion of the ventricles leads to increasing cerebral mantle compression during fetal brain development, which can lead to irreversible damage with deleterious consequences. Early intervention could be crucial to mitigate the risk of subsequent cerebral injury. However, diagnostic challenges, unclear efficacy and frequent complications have hindered the integration of treatment for prenatal hydrocephalus into standard practice. Factors including improper patient selection, inadequate CSF diversion or fetal access techniques and suboptimal timing of intervention have been shown to impede success. To address these limitations and advance patient care, an evidence-based update of prenatal hydrocephalus interventions is warranted. This review aims to comprehensively explore the approaches to prenatal treatment of hydrocephalus from both a neurosurgical and fetal surgical perspective, integrating the latest advancements in prenatal diagnosis and fetal intervention. © 2025 International Society of Ultrasound in Obstetrics and Gynecology.",exclude,"No consciousness relevance, no complexity measures and no neural data"
40985263,Lateralization of Hippocampal Dentate Spikes and Sharp-Wave Ripples in Urethane Anesthetized Rats Depends on Cholinergic Tone.,Hippocampus,2025,"Neural activity and bodily functions are inherently rhythmic and related to each other. The occurrence of hippocampal sharp-wave ripples (SPW-Rs) and dentate spikes (DSs) supporting memory consolidation is regulated by the overall state of the brain, and they also seem to aggregate to a certain phase of the breathing cycle in naturally sleeping mice. Further, SPW-Rs and DSs synchronize to a variable degree between hemispheres, but how this is affected by the neural and bodily state is unclear. Here, we recorded dorsal hippocampal local-field potentials, electrocardiogram, and respiration for several hours under urethane anesthesia in adult male Sprague-Dawley rats. For a subset of rats, we injected atropine (50 mg/kg, i.p.) halfway into the recording to decrease cholinergic and parasympathetic tone. We found variable relation of hippocampal oscillations to breathing phase and none to the cardiac cycle phase. A decrease in breathing rate implying increased parasympathetic tone preceded the start of SPW-R bouts. Roughly 90% of DSs and half of SPW-Rs were unilateral. In most rats, SPW-Rs were more often bilateral during slow breathing compared to faster breathing. Atropine reduced the proportion of bilateral SPW-Rs. Both nonrapid eye movement sleep-like state and atropine increased the proportion of bilateral DSs under urethane anesthesia. Finally, in naturally sleeping rats, both DSs and SPW-Rs were bilateral ~60% of the time. In sum, urethane seems to desynchronize DSs but not SPW-Rs, and a low cholinergic and/or parasympathetic tone seems to dissociate SPW-Rs and to synchronize DSs in the two hippocampi. Whether these findings have relevance in terms of memory consolidation and behavior should be investigated in the future.",include,
41066702,On the state-nonstate theory of hypnosis: network and topological EEG findings.,"Cerebral cortex (New York, N.Y. : 1991)",2025,"Hypnosis is a state of consciousness spontaneously occurring or induced through various techniques. Its occurrence is more likely in individuals with high scores of hypnotizability (highs) than in low hypnotizables (lows). The study aimed to assess the topological homogeneity within highs and lows during neutral hypnosis, and the EEG topological characteristics of highs and lows before and after hypnotic induction experienced as an altered state of consciousness only by highs. Sixteen highs and 16 lows were enrolled, informed that they would be submitted to hypnotic induction and studied across a session including open and closed eyes waking rest, hypnotic induction, neutral hypnosis, and post hypnosis open eyes rest. EEG was monitored throughout the session. Network analysis showed greater identifiability (less homogeneity) among lows than among highs. It revealed a similar pattern of changes in functional connectivity and topological properties-homological persistence and persistent entropy, which describe multiscale integration patterns-in the two groups across the session. Findings suggest that neutral hypnosis represents a modulation of the ordinary consciousness within its physiological variability rather than a distinct physiological state. Neither network nor topological differences account for the different subjective experiences of highs and lows.",include,
41181450,Atypical presentation of L3 vertebral body osteochondroma mimicking cauda equina syndrome: a case report.,Annals of medicine and surgery (2012),2025,"BACKGROUND: Osteochondromas are common benign bone tumors, but spinal involvement is rare (<4%), with vertebral body origin being exceptionally uncommon. Neurological symptoms are typically mild and unilateral, making presentations mimicking incomplete cauda equina syndrome (CES) exceedingly rare. CASE PRESENTATION: A 58-year-old Indian male presented with progressive lower back pain, followed by bilateral lower limb weakness and saddle anesthesia. There was no history of trauma, radiation, malignancy, or inflammatory disease. Neurological examination revealed flaccid paraplegia, areflexia, and decreased sensation below L3. Magnetic resonance imaging showed a hyperintense lytic lesion in the L3 vertebral body compressing the thecal sac; computed tomography confirmed continuity with the cortical and medullary bone, suggestive of spinal osteochondroma. The patient underwent L3 laminectomy with pedicle screw fixation at L2 and L4. Histopathology confirmed benign osteochondroma. At 6 months, the patient showed substantial motor recovery with no recurrence. CASE DISCUSSION: Spinal osteochondromas usually arise from posterior elements. Vertebral body involvement is extremely rare. This case is notable for its late presentation in an elderly patient without known risk factors. The incomplete CES presentation was likely due to selective nerve root compression and possible ischemia. Imaging was critical in diagnosis, and surgical excision remains the treatment of choice. Literature supports low recurrence after complete resection, though long-term outcomes remain underreported. CONCLUSION: This case highlights a rare vertebral body osteochondroma mimicking incomplete CES. Early imaging and prompt surgical management are essential to avoid permanent neurological deficits. Further research is needed to understand pathogenesis in older adults without typical risk factors.",exclude,"No consciousness relevance, no complexity measures and no neural data"
41209085,Graph models of brain state in deep anesthesia reveal sink state dynamics of reduced spatiotemporal complexity.,"Network neuroscience (Cambridge, Mass.)",2025,"Anesthetisia is an important surgical and explorative tool in the study of consciousness. Much work has been done to connect the deeply anesthetized condition with decreased complexity. However, anesthesia-induced unconsciousness is also a dynamic condition in which functional activity and complexity may fluctuate, being perturbed by internal or external (e.g., noxious) stimuli. We use fMRI data from a cohort undergoing deep propofol anesthesia to investigate resting state dynamics using dynamic brain state models and spatiotemporal network analysis. We focus our analysis on group-level dynamics of brain state temporal complexity, functional activity, connectivity, and spatiotemporal modularization in deep anesthesia and wakefulness. We find that in contrast to dynamics in the wakeful condition, anesthesia dynamics are dominated by a handful of sink states that act as low-complexity attractors to which subjects repeatedly return. On a subject level, our analysis provides tentative evidence that these low-complexity attractor states appear to depend on subject-specific age and anesthesia susceptibility factors. Finally, our spatiotemporal analysis, including a novel spatiotemporal clustering of graphs representing hidden Markov models, suggests that dynamic functional organization in anesthesia can be characterized by mostly unchanging, isolated regional subnetworks that share some similarities with the brain's underlying structural connectivity, as determined from normative tractography data.",include,
41233463,Brain signal complexity tracks mind-wandering and visual perceptual learning.,Scientific reports,2025,"Often characterized as thoughts unrelated to the ongoing task, mind-wandering occupies up to 50% of our waking hours and impacts neural and behavioural functioning. Until now, research has focused on the impact of mind-wandering on immediate task performance, but its relationship to neural states that support learning-related gains over time remains unclear. Previous research examining brain signal complexity during task performance showed that periods of mind-wandering were associated with higher signal complexity compared with on-task states, reflecting increased neural flexibility. The primary aim of this study was to investigate whether higher signal complexity associated with mind-wandering may represent a flexible neural state conducive to longer-term learning. Twenty-six adults underwent electroencephalography recording while performing a visual texture discrimination task before and after a training period, with their attention state probed throughout the task. Task performance improved and N1 and P3 event-related potential (ERP) amplitudes were modulated significantly following training (p's < 0.01). Moreover, greater pre- and post-training mind-wandering, better post-training performance, and larger ERP amplitudes were all associated with higher signal complexity (p's < 0.05). Overall, these results suggest that greater engagement in mind-wandering is linked to a high-flexibility brain state that supports longer-term learning in low-level perceptual tasks.",include,
41245991,Retroclival Epidural Hematoma in Pediatric Head Trauma: A Case Report and Comprehensive Literature Review.,Journal of central nervous system disease,2025,"Retroclival epidural hematoma (EDH) is a rare form of intracranial hemorrhage located between the clivus and the dura mater, predominantly affecting pediatric patients due to the anatomical vulnerability of the craniocervical junction. This case report describes a 4-year-old boy involved in a motorcycle accident who presented with facial trauma and was found to have a retroclival EDH and multiple mandibular fractures. Despite the hematoma measuring 8.7 mm in thickness and 3 cc in volume, the patient remained neurologically intact with a Glasgow Coma Scale of 15. He underwent surgical repair for the mandibular fractures while the retroclival EDH was managed conservatively. The patient recovered fully without neurological deficits at follow-ups extending to 6 months. A comprehensive literature review reveals that retroclival EDH in children is commonly associated with high-energy trauma such as motor vehicle accidents and often results from tectorial membrane stripping injury. While clinical presentations vary, many cases, like the one described, show minimal neurological signs despite the presence of significant hematomas, emphasizing the importance of high clinical suspicion and appropriate neuroimaging. Computed tomography is the initial diagnostic tool, but magnetic resonance imaging is superior for identifying associated ligamentous injuries and differentiating from subdural hematomas. Most pediatric retroclival EDH cases are managed conservatively with excellent outcomes, reserving surgical intervention for cases involving brainstem compression or craniocervical instability. This report reinforces the favorable prognosis of isolated retroclival EDH in neurologically stable pediatric patients and underscores the critical role of imaging and clinical vigilance in trauma assessment.",exclude,"No consciousness relevance, no complexity measures and no neural data"
41318405,Transient orbital apex syndrome with magnetic resonance imaging evidence following sub-Tenon's ropivacaine anesthesia during combined cataract and macular surgery: a case report.,BMC ophthalmology,2025,"BACKGROUND: Although sub-Tenon’s anesthesia (STA) is a widely accepted regional anesthesia technique in ophthalmic surgery, we report a rare case of transient orbital apex syndrome (OAS) following its administration using ropivacaine during combined cataract and macular surgery. CASE PRESENTATION: We describe the clinical course of a 71-year-old male who developed acute postoperative vision loss, ptosis, ophthalmoplegia, and mydriasis in the operated eye following sub-Tenon’s ropivacaine injection. Orbital MRI revealed mild perineural fluid surrounding the optic nerve and localized edema of the retrobulbar fat, without evidence of compressive lesions or optic nerve thickening. The patient received supportive therapy, including oxygen, neurotrophic agents, and osmotic and microcirculation enhancers. Remarkably, all neurological signs resolved within 24 h, and visual acuity improved to 0.15. CONCLUSION: Although STA is considered a safer alternative to needle-based techniques, this case highlights the potential for rare but reversible complications such as OAS. Early recognition and timely, supportive management contributed to the patient’s favorable recovery, although outcomes may vary in other cases. In addition, thorough preoperative counseling and vigilant postoperative monitoring are essential, particularly in elderly or high-risk patients, to ensure prompt detection and management of any unexpected complications.",exclude,"No consciousness relevance, no complexity measures and no neural data"
41421502,Brain dynamic organization at the acute stage of severe brain injury.,NeuroImage,2026,"Acute Disorders of consciousness (DoC) poses significant clinical challenges, including early and accurate prognostication of neurological outcomes. Current assessment tools are limited in their predictive power, leaving many patients in a ""gray zone"" of uncertainty. While acute DoC are traditionally associated with structural brain damage, emerging evidence suggests that they are primarily driven by a withdrawal of excitatory synaptic activity across key cortical and subcortical regions, which can be captured through the dynamic analysis of resting-state brain activity. This study investigates the temporal dynamics of brain connectivity, shortly after severe brain injury (average of 13.9 days from onset), hypothesizing that acute DoC is marked by a global reorganization of functional connectivity and a shift toward less informative brain states, with distinct patterns emerging based on the underlying injury mechanism. Using functional magnetic resonance imaging (fMRI), we identify six distinct brain states across severely brain injured patients and healthy controls. These states, when sorted by decreasing entropy, span a continuum from state 1, characterized by high entropy, widespread positive long-distance coordination, and high global connectivity, predominantly observed in healthy controls, to state 6, which exhibits low entropy and minimal functional connectivity, and is predominantly associated with acute DoC. We demonstrate that the probability of occurrence of the more complex brain state correlates with improved neurological recovery at 3 months, as assessed by the Coma Recovery Scale-Revised (CRS-R). Hence, we were able to train a classifier based on brain state dynamics that achieved an accuracy of 78.5% in predicting patients' recovery potential (AUC = 0.864). Overall, our findings suggest that dynamic brain connectivity, particularly the entropy of brain states, can be a reliable early predictor of recovery from acute DoC, bridging the divide between theoretical advances and bedside medical decision-making.",include,
41530050,Rhythms and Background (RnB): The Spectroscopy of Sleep Recordings.,eNeuro,2026,"Nonrapid eye movement (NREM) sleep is characterized by the interaction of multiple oscillations essential for memory consolidation, alongside a dynamic arrhythmic 1/f scale-free background that may also contribute to its functions. Recent spectral parametrization methods, such as fitting oscillation and one-and-over-F and irregular resampling auto-spectral analysis, enable the dissociation of rhythmic and arrhythmic components in the spectral domain; however, they do not resolve these processes in the time domain. Instantaneous measures of frequency, amplitude, and phase-amplitude coupling (PAC) are thus still confounded by fluctuations in arrhythmic activity. This limitation represents a pitfall for studies of NREM sleep relying on instantaneous estimates to investigate oscillatory coupling. To address this limitation, we introduce ""Rhythms and Background"" (RnB), a novel wavelet-based methodology designed to dynamically denoise time series data of arrhythmic interference. This enables the extraction of purely rhythmic time series, suitable for enhanced time-domain analyses of sleep rhythms. We first validate RnB through simulations, demonstrating it accurately estimates the spectral profiles of individual and multiple oscillations across a range of arrhythmic conditions. We then apply RnB to publicly available intracranial electroencephalogram sleep recordings, showing that it provides an improved spectral and time-domain representation of hallmark NREM rhythms. Finally, we demonstrate that RnB significantly enhances the assessment of PAC between cardinal NREM oscillations, outperforming traditional methods that conflate rhythmic and arrhythmic components. This methodological advance offers a substantial improvement in the analysis of sleep oscillations, providing greater precision in the study of rhythmic activity critical to NREM sleep functions.",include,
41585468,Monitoring morphometric drift in lifelong learning segmentation of the spinal cord.,"Imaging neuroscience (Cambridge, Mass.)",2026,"Morphometric measures derived from spinal cord segmentations can serve as diagnostic and prognostic biomarkers in neurological diseases and injuries affecting the spinal cord. For instance, the spinal cord cross-sectional area can be used to monitor cord atrophy in multiple sclerosis and to characterize compression in degenerative cervical myelopathy. While robust, automatic segmentation methods to a wide variety of contrasts and pathologies have been developed over the past few years, whether their predictions are stable as the model is updated using new datasets has not been assessed. This is particularly important for deriving normative values from healthy participants. In this study, we present a spinal cord segmentation model trained on a multisite (n = 75 sites, 1,631 participants) dataset, including 9 different MRI contrasts and several spinal cord pathologies. We also introduce a lifelong learning framework to automatically monitor the morphometric drift as the model is updated using additional datasets. The framework is triggered by an automatic GitHub Actions workflow every time a new model is created, recording the morphometric values derived from the model's predictions over time. As a real-world application of the proposed framework, we employed the spinal cord segmentation model to update a recently introduced normative database of healthy participants containing commonly used measures of spinal cord morphometry. Results showed that (i) our model performs well compared with its previous versions and existing pathology-specific models on the lumbar spinal cord, images with severe compression, and in the presence of intramedullary lesions and/or atrophy achieving an average Dice score of 0.95 ± 0.03; (ii) the automatic workflow for monitoring morphometric drift provides a quick feedback loop for developing future segmentation models; and (iii) the scaling factor required to update the database of morphometric measures is nearly constant among slices across the given vertebral levels, showing minimum drift between the current and previous versions of the model monitored by the framework. The code and model are open source and accessible via Spinal Cord Toolbox v7.0.",exclude,"No consciousness relevance, no complexity measures"
41603334,Towards the development of a management protocol for subjective cognitive decline: Insights from a cross-sectional and longitudinal analysis of multimodal data from a memory clinic.,Journal of Alzheimer's disease : JAD,2026,"BackgroundSubjective cognitive decline (SCD) represents the first early symptomatic stage of Alzheimer's disease (AD).ObjectiveWe aimed to investigate the relationships between features in SCD and to assess the importance of these features in the future development of dementia to inform a targeted management protocol.Methods440 SCD patients underwent neurological and neuropsychological assessments, MRI scans, APOE genotyping, and AD biomarker evaluations. Patients were followed for a median of 10 years. Relationships among features were first assessed univariately, focusing on differences across stratified subgroups. To capture multivariate associations, we applied network analysis using a Markov Random Field. Finally, baseline features were related to dementia progression using an XGboost machine learning model.ResultsWomen comprising 68.9% of the cohort, were generally younger at onset, had lower APOE ε4 prevalence, and differed in neuropsychological performance compared to men. Older patients (age >60) exhibited a higher prevalence of APOE ε4 and cerebral small vessel disease. Patients with depressive symptoms demonstrated lower cognitive performance across multiple domains. Network analysis indicated complex interconnections among gender, cognitive reserve, SCD severity, and depressive symptoms. The XGboost model achieved 74% accuracy in predicting progression to dementia, identifying age at onset, mini-mental state examination scores, and APOE genotype as the most predictive factors.ConclusionsThis study highlights the role of age, gender, APOE genotype, and depressive symptoms in the presentation and progression of cognitive decline. By identifying key predictive features, we propose a personalized management protocol aimed at optimizing care for individuals with SCD.Trial registration number: NCT05569083, registration date: 2019-05-30.",exclude,"No consciousness relevance, no complexity measures"
41763246,The Suspected Cauda Equina Syndrome Score (SuCESS) : development and validation of a clinical triage tool.,The bone & joint journal,2026,"AIMS: Cauda equina syndrome (CES) is a rare but critical spinal emergency. However, over 80% of urgent MRIs for suspected CES show no cauda equina compression. This diagnostic uncertainty places strain on imaging services and delays care. We aimed to develop and validate a clinical triage tool, the Suspected Cauda Equina Syndrome Score (SuCESS), to safely exclude CES and improve the accuracy of triage. METHODS: We retrospectively developed the SuCESS score using the records of 259 patients who had been referred to a UK tertiary spinal unit between 2016 and 2018. Six clinical variables - saddle anaesthesia, reduced perianal sensation, motor weakness, bilateral sciatica, bladder post-void residual volume (PVR), and urethral catheterization - were identified using multivariable logistic regression, random forest, and XGBoost, and combined into an eight-point scoring system. Penalized regression was applied to minimize overfitting. External validation was undertaken using two temporally independent cohorts from 2020 and 2023 (n = 444). Primary outcomes were sensitivity and negative predictive value (NPV) for surgically confirmed CES. Model performance was assessed using area under the curve (AUC), Brier scores, calibration plots, and decision curve analysis. RESULTS: At a threshold of ≥ 3.0, SuCESS achieved 100% sensitivity and 100% negative predictive value across all cohorts, correctly identifying all 64 cases of confirmed CES. Specificity increased from 37% in the development cohort to 54% after validation. AUC improved from 0.70 to 0.85, and Brier scores improved from 0.26 to 0.13. Use of the score might have safely deferred 38.7% of urgent MRIs, based solely on bedside clinical data. CONCLUSION: SuCESS is the first validated triage tool for CES to show perfect sensitivity. It offers a pragmatic and safe framework for reducing unnecessary MRI requests and for improving diagnostic accuracy in urgent spinal referrals.",exclude,"No consciousness relevance, no complexity measures and no neural data"
41827957,Insights into Accelerated MRI Protocols for Pediatric Brain Assessment in Emergency Cases.,"Diagnostics (Basel, Switzerland)",2026,"Two accelerated magnetic resonance imaging (MRI) protocols for pediatric brain imaging, GOBrain and Deep Resolve Swift Brain, developed by Siemens Healthineers (Erlangen, Germany), were evaluated in a series of clinically relevant pediatric cases at 3 Tesla. Pediatric patients are particularly prone to motion, may be uncooperative, and often require sedation, especially in emergency settings. Consequently, there is a persistent clinical demand for fast brain MRI protocols that provide diagnostically sufficient image quality while minimizing examination time. Contemporary turbo spin-echo (TSE)-based clinical protocols commonly integrate parallel imaging (PI) and simultaneous multi-slice (SMS) techniques to achieve substantial reductions in scan time. Recent advances in three-dimensional volumetric encoding, compressed sensing, and deep learning (DL)-based reconstruction have further mitigated geometry-factor-related noise amplification, enabling higher acceleration factors (GOBrain). In parallel, echo-planar imaging (EPI) has emerged as a promising approach for ultrafast multi-contrast imaging. To overcome the limitations of single-shot EPI, a multi-shot EPI-based brain MRI protocol combined with the DL-based reconstruction method Deep Resolve Swift Brain has been developed. This approach leverages the efficiency of EPI while improving image quality. Using these accelerated protocols, a comprehensive diagnostic multi-contrast brain MRI examination, particularly suited to triage and emergency imaging, can be completed in minutes. This case overview, including therapy-related leukencephalopathy in acute lymphoblastic leukemia (ALL), a brain abscess, traumatic diffuse axonal injury (DAI), a posterior circulation infarction due to vertebral artery dissection, leuokostasis syndrome, and a posterior fossa tumor with obstructive hydrocephalus, demonstrates the potential clinical feasibility of both protocols in pediatric neuroimaging. Both protocols position them as supplementary options alongside established imaging protocols, while dedicated high-resolution protocols might remain necessary for subtle pathological findings, such as focal cortical dysplasia, and for neuronavigation until larger comparative studies are available.",exclude,"No consciousness relevance, no complexity measures, and only uses structural pediatric neuroimaging, but not functional neural activity"
41880257,Awareness- and Arousal-specific Brain Analysis Predicts Spinal Cord Stimulation Effectiveness in Disorders of Consciousness.,IEEE journal of biomedical and health informatics,2026,"Spinal cord stimulation (SCS) is an advanced treatment for disorders of consciousness (DoC), but its success rate varies between 30 and 60%, and consciousness-related biomarkers are urgently needed for SCS assessment and optimization. This paper proposes an awareness- and arousal-specific brain analysis (AAA) method to encode these two consciousness dimensions and construct consciousness-related features to predict SCS outcomes of DoC patients. Firstly, electroencephalo gram (EEG) brain signals were collected from twenty-eight DoC patients during SCS treatment. Then, dynamic brain networks are formulated based on sliding-window correlation analysis of weighted phase lag index. Afterwards, a hierarchical network decomposition algorithm was developed to resolve the dynamic networks into consciousness related networks by elaborating data-driven optimization of non-negative matrix factorization and consciousness related variability. Further, consciousness features are designed to quantify the activation, interaction, and stability of awareness- and arousal-specific networks, and a support vector machine is trained for classification of SCS treatment effectiveness. Clinical results showed that our method achieved an overall prediction accuracy of 88%, which is significantly better than clinical accuracy of 50% by doctors. Moreover, our method outperformed existing EEG-based approaches in both prediction accuracy and pathology interpretability. The proposed awareness- and arousal-specific brain analysis method establishes a pivotal framework for precise and reliable SCS treatment of DoC.",include,
41945175,Classifying Sleep Slow Oscillations in Low Density EEG.,Neuroinformatics,2026,"UNLABELLED: Slow oscillations (SOs, 0.5–1.5 Hz) are electrographic signatures of highly synchronous cortical events contributing to slow wave activity (SWA, 0.5–4 Hz) during sleep. An objective, EEG-manifold-based characterization of SOs could enable clinically actionable investigations on their functional role in cognition and health. In an earlier study, our group presented a data-driven approach showing that SOs group into Global, Frontal, and Local patterns, based on near-simultaneous detection across multiple scalp electrodes. However, this method requires sleep acquisitions with at least 24 head electrodes, limiting its applicability in standard diagnostic polysomnography and at-home studies. Here, we introduce a deterministic classification method that leverages machine learning to identify space-time profiles of SO types in low-density EEG (2–8 electrodes). Using an xgboost architecture trained on data from eight or fewer scalp EEG channels, our gradient-boosted tree model drew from more than 300 features to predict SO class (i.e., space-time profile) with high fidelity. Leveraging the feature-based nature of our classifier, we also used the SHAP feature-importance package to isolate the biophysical properties most characteristic of each SO type. Notably, we found that large amplitudes at central electrodes distinguish Global from Frontal SOs, while large amplitudes at frontal electrodes distinguish both types from Local SOs. Finally, we obtained strong predictions using only a minimal setup – 20 features gathered from only F3-F4-C3-C4. Using as few as four leads, this interpretable, low-density EEG approach enables routine spatiotemporal classification of SOs in clinical and research settings and clarifies the biophysical signatures that distinguish them. SUPPLEMENTARY INFORMATION: The online version contains supplementary material available at 10.1007/s12021-026-09776-3.",include,
41967785,Effects of propofol on high-density EEG in disorders of consciousness: An exploratory study of patient-specific neurophysiological modulation.,NeuroImage,2026,"INTRODUCTION: This exploratory study examined the lingering effects of a short propofol sedation using high-density electroencephalography (hd-EEG) in brain-injured patients in disorders of consciousness (DoC). Since the sedative zolpidem can induce paradoxical arousal in 5-10% of this population, we hypothesized that propofol, sharing the GABA-A receptor agonist structure, might produce similar effects after the sedation period. METHODOLOGY: Nineteen non-sedated patients following severe brain injury (47.2 ± 19.1 years; 12 females) were included, encompassing diverse etiologies (traumatic, ischemic-hypoxic, hemorrhagic, stroke), diagnoses (3 coma, 14 unresponsive wakefulness syndrome [UWS], 2 minimally conscious state [MCS]), and recovery stages. Hd-EEG was recorded before and after sedation to assess spectral (relative power, spectral ratios, ABCD classification) and connectivity (weighted phase lag index, graph theoretical properties) features. Marker changes were classified as 'positive' or 'negative' based on prior associations with higher levels of consciousness in sleep, anesthesia, and DoC studies. RESULTS: Most patients exhibited significant changes in spectral and connectivity markers; however, the direction of change varied across markers within individuals, suggesting that no individual marker suffices to capture the brain's response. Distinct effect profiles emerged. Marker values did not correlate with time since injury, time since sedation cessation, sedation duration, age, or Coma Recovery Scale-Revised (CRS-R) score. CONCLUSION: Although several factors limit interpretation (heterogeneity of our patient population, phase post-injury, sedation duration), this proof-of-concept work allows exploration of propofol's effects across diverse brain injury profiles. Interestingly, propofol appears to have patient-specific electrophysiological effects and enhances spectral and functional dynamics in select DoC patients. Further work is needed to identify characteristics shared by patients who exhibit seemingly positive responses.",include,
42083472,Burst suppression: a default brain state associated with loss of network complexity.,Brain : a journal of neurology,2026,"Burst suppression (BS) is a highly stereotyped EEG pattern observed across a wide range of clinical contexts, from general anesthesia and postanoxic coma to neonatal encephalopathy. Despite its consistent appearance, BS comprises two distinct forms with markedly different implications. BS with identical bursts (IBS) is almost exclusively seen in patients with severe, irreversible encephalopathy and is consistently associated with poor neurological outcome. In contrast, heterogeneous BS (HBS) can appear in reversible conditions such as anesthesia. The mechanisms that give rise to these divergent forms remain elusive. Existing theories impose disease-specific processes on otherwise healthy networks, but such models fail to explain why BS emerges across diverse etiologies and disregard the clinically critical distinction between IBS and HBS. We combined clinical, experimental, and computational approaches to identify shared mechanisms underlying BS. We analyzed EEG recordings from patients with a severe postanoxic encephalopathy (n = 33) and from patients undergoing general anesthesia (n = 10). These clinical observations were compared with activity recordings from human induced pluripotent stem cell-derived neuronal networks (n = 29) and rodent cortical cultures (n = 10), and simulations of biophysically grounded neuronal network models. Purely excitatory, low-complexity networks, both in vitro and in silico, spontaneously generated activity virtually indistinguishable from pathological IBS. Introducing inhibitory neurons, modular network structure, or diverse external inputs progressively increased signal complexity and produced HBS-like or continuous activity resembling physiological EEG. Our findings suggest that BS, and particularly IBS, reflects a default dynamic state of simplified excitatory networks that emerges when biological complexity is lost. Different clinical conditions may compromise distinct mechanisms-inhibition, connectivity, or afferent input-yet converge on the same underlying activity pattern. While IBS reflects near-complete loss of complexity, HBS indicates partial preservation. This unified framework explains how diverse etiologies converge on BS and highlights identical forms as signatures of severely reduced network complexity.",include,
42107951,A RARE CLINICAL CASE OF A GIANT LIPOMA OF THE RIGHT THIGH.,Georgian medical news,2026,"INTRODUCTION: Lipoma is a benign tumor of adipose tissue, most often located in the subcutaneous tissue or deep soft tissues. It is usually solitary, slow-growing, and asymptomatic. Giant lipomas (≥10 cm or ≥1 kg) are rare and may cause compression of blood vessels and nerves, restricted mobility, and cosmetic deformity. Genetic predisposition is associated with mutations in genes such as High Mobility Group AT-hook 2 (HMGA2) and Domain-Containing Preferred Translocation Partner in Lipoma (LPP). Diagnosis is based on clinical examination and imaging, including ultrasonography, CT, and, in diagnostically equivocal cases, MRI. Suspicious cases are confirmed by histology to rule out malignant tumors. CLINICAL PRESENTATION: Patient O., 65 years old, was admitted to the surgical department with a giant lipoma of the right thigh, present for over 15 years and associated with discomfort, a feeling of heaviness, and cramps. On examination, a mass measuring 40 × 35 cm was detected, of soft-elastic consistency, painless, mobile, with no skin changes. Diagnostic work-up included ultrasonography (US), computed tomography (CT), and biopsy, confirming a benign lipoma. Planned surgical excision was performed under spinal anesthesia; the lipoma was completely removed. The excised mass measured 50 × 35 cm and weighed 5700 g. The surgery was uneventful, with a blood loss of 100 ml. The postoperative period was smooth; drains were removed on postoperative days 4-5, and sutures were removed on days 9-10. The patient was discharged in satisfactory condition, with complete wound healing and a recommendation for follow-up with a surgeon. DISCUSSION: Giant lipomas are rare but can cause compression of blood vessels and nerves, restricted mobility, and cosmetic discomfort. Their size and atypical course may mimic malignant tumors, necessitating thorough preoperative evaluation using MRI, histology, and, if necessary, genetic testing by fluorescence in situ hybridization (FISH) for MDM2 (Mouse Double Minute 2) gene amplification. The primary and safest treatment remains radical surgical excision with preservation of anatomical structures. Small or cosmetically significant lipomas may be treated with less invasive methods, but giant forms require full surgical intervention to restore function and improve the patient's quality of life. CONCLUSION: Giant thigh lipomas require a comprehensive and carefully planned approach, including thorough diagnostic assessment and radical surgical intervention. Effective treatment results in sustained improvement of the patient's physical and psycho-emotional condition, reduction of pain, and restoration of quality of life, as reflected by a marked improvement in SF-36 and EQ-5D scores during long-term follow-up.",exclude,"No consciousness relevance, no complexity measures and no neural data"
42109925,Acas-eer: attention-based CNN architecture search with spatial-spectral feature for emotional EEG recognition.,Cognitive neurodynamics,2026,"Electroencephalogram (EEG)-based analysis of emotional states is important for health assessment, emotion monitoring, and treatment support. Accurate EEG emotion recognition depends on both rich emotional features and well-designed recognition models. While deep learning can automatically extract features and classify data effectively, it often fails to produce diverse emotional EEG features, and manually designing network structures is time-consuming. Neural architecture search (NAS) helps find the best network design and reduces manual effort. In this work, we propose an attention-based convolutional neural network (CNN) architecture search method using spatial-spectral features for EEG emotion recognition, called ACAS-EER. It is optimized to better match emotional EEG characteristics. Firstly, differential entropy (DE) and power spectral density (PSD) were combined to create EEG feature maps, providing more spatial and spectral information. Secondly, a search space with four lightweight attention modules was designed. The final architecture, found automatically, includes convolution, pooling, and multiple attention modules. Also, an operation-level Dropout method was used to avoid poor performance caused by too many parameterless operations. On the DEAP dataset, ACAS-EER achieved high average accuracy and F1 scores (97.40% and 97.33% for valence; 97.68% and 97.35% for arousal). It performed better than most hand-designed deep learning models and other NAS models.",maybe,
42113765,THOI: An efficient and accessible library for computing higher-order interactions enhanced by batch-processing.,PloS one,2026,"Complex systems are characterized by nonlinear dynamics, multi-level interactions, and emergent collective behaviors. Traditional analyses that focus solely on pairwise interactions often oversimplify these systems, neglecting the higher-order interactions critical for understanding their full collective dynamics. Recent advances in multivariate information theory provide a principled framework for quantifying these higher-order interactions, capturing key properties such as redundancy, synergy, shared randomness, and collective constraints. However, two major challenges persist: accurately estimating joint entropies and addressing the combinatorial explosion of interacting terms. To overcome these challenges, we introduce THOI (Torch-based High-Order Interactions), a novel, accessible, and efficient Python library for computing high-order interactions in continuous-valued systems. THOI leverages the well-established Gaussian copula method for joint entropy estimation, combined with state-of-the-art batch and parallel processing techniques to optimize performance across CPU, GPU, and TPU environments. Our results demonstrate that THOI significantly outperforms existing tools in terms of speed and scalability. Specifically, THOI reduces the time required to exhaustively analyze all interactions in small systems (≤ 30 variables). For larger systems, where exhaustive analysis is computationally impractical, THOI integrates optimization strategies that make higher-order interaction analysis feasible. We validate THOI's accuracy using synthetic datasets with parametrically controlled interactions and further illustrate its utility by analyzing fMRI data from human subjects in wakeful resting states and under deep anesthesia. Finally, we analyzed over 900 real-world and synthetic datasets, establishing a comprehensive framework for applying higher-order interaction (HOI) analysis in complex systems. THOI opens new perspectives for testing both established and novel hypotheses about the multi-level, nonlinear, and multidimensional nature of complex systems.",include,