Title,Abstract,Authors,DOI,DOI link,Venue,Citation count,Year,Consciousness Research Context,"Reasoning for ""Consciousness Research Context""",Eligible Study Type,"Reasoning for ""Eligible Study Type""",Empirical Neural Data Application,"Reasoning for ""Empirical Neural Data Application""",Quantitative Complexity-Family Measures Applied,"Reasoning for ""Quantitative Complexity-Family Measures Applied""",Screening judgement,"Reasoning for ""Screening judgement""",Excluded by strict criterion,Exclusion reason,Screening score
Burst suppression: a default brain state associated with loss of network complexity.,"Burst suppression (BS) is a highly stereotyped EEG pattern observed across a wide range of clinical contexts, from general anesthesia and postanoxic coma to neonatal encephalopathy. Despite its consistent appearance, BS comprises two distinct forms with markedly different implications. BS with identical bursts (IBS) is almost exclusively seen in patients with severe, irreversible encephalopathy and is consistently associated with poor neurological outcome. In contrast, heterogeneous BS (HBS) can appear in reversible conditions such as anesthesia. The mechanisms that give rise to these divergent forms remain elusive. Existing theories impose disease-specific processes on otherwise healthy networks, but such models fail to explain why BS emerges across diverse etiologies and disregard the clinically critical distinction between IBS and HBS. We combined clinical, experimental, and computational approaches to identify shared mechanisms underlying BS. We analyzed EEG recordings from patients with a severe postanoxic encephalopathy (n = 33) and from patients undergoing general anesthesia (n = 10). These clinical observations were compared with activity recordings from human induced pluripotent stem cell-derived neuronal networks (n = 29) and rodent cortical cultures (n = 10), and simulations of biophysically grounded neuronal network models. Purely excitatory, low-complexity networks, both in vitro and in silico, spontaneously generated activity virtually indistinguishable from pathological IBS. Introducing inhibitory neurons, modular network structure, or diverse external inputs progressively increased signal complexity and produced HBS-like or continuous activity resembling physiological EEG. Our findings suggest that BS, and particularly IBS, reflects a default dynamic state of simplified excitatory networks that emerges when biological complexity is lost. Different clinical conditions may compromise distinct mechanisms-inhibition, connectivity, or afferent input-yet converge on the same underlying activity pattern. While IBS reflects near-complete loss of complexity, HBS indicates partial preservation. This unified framework explains how diverse etiologies converge on BS and highlights identical forms as signatures of severely reduced network complexity.","Doorn N, Hassink GC, Frega M, van Putten MJAM",,,Brain : a journal of neurology,,2026,yes,"The paper strongly investigates consciousness, states of consciousness, and transitions between conscious states, such as wakefulness, sleep, anesthesia, and disorders of consciousness. It explicitly interprets findings in relation to neural mechanisms of consciousness.",yes,"The paper is an empirical research article that combines clinical observations, experimental recordings, and computational approaches. It includes original data analysis from multiple sources, including patient EEG recordings, stem cell-derived networks, and rodent cortical cultures.",yes,"The paper analyzes multiple types of empirical neural data, including clinical EEG recordings from patients, activity recordings from human induced pluripotent stem cell-derived neuronal networks, and rodent cortical cultures.",maybe,"The paper appears to use quantitative measures to assess signal complexity, network complexity, default dynamic states, and network structure, though the specific complexity measures are not detailed in the abstract.",Include,"This study comprehensively investigates neural complexity across consciousness states through empirical analysis of EEG recordings, stem cell networks, and computational models. By examining burst suppression patterns in clinical and experimental contexts, the research provides a nuanced exploration of neural network dynamics that underpin transitions between conscious states. The work systematically applies quantitative approaches to understand how different clinical conditions converge on similar neural activity patterns, with a strong focus on complexity and network mechanisms.",,,4.7
Effect of sleep deprivation and NREM sleep stage on physiological brain pulsations.,"INTRODUCTION: Sleep increases brain fluid transport and the power of pulsations driving the fluids. We investigated how sleep deprivation or electrophysiologically different stages of non-rapid-eye-movement (NREM) sleep affect the human brain pulsations. METHODS: Fast functional magnetic resonance imaging (fMRI) was performed in healthy subjects (n = 23) with synchronous electroencephalography (EEG), that was used to verify arousal states (awake, N1 and N2 sleep). Cardiorespiratory rates were verified with physiological monitoring. Spectral power analysis assessed the strength, and spectral entropy assessed the stability of the pulsations. RESULTS: In N1 sleep, the power of vasomotor (VLF < 0.1 Hz), but not cardiorespiratory pulsations, intensified after sleep deprived vs. non-sleep deprived subjects. The power of all three pulsations increased as a function of arousal state (N2 > N1 > awake) encompassing brain tissue in both sleep stages, but extra-axial CSF spaces only in N2 sleep. Spectral entropy of full band and respiratory pulsations decreased most in N2 sleep stage, while cardiac spectral entropy increased in ventricles. DISCUSSION: In summary, the sleep deprivation and sleep depth, both increase the power and harmonize the spectral content of human brain pulsations.","Helakari H, Järvelä M, Väyrynen T, Tuunanen J, Piispala J, Kallio M, Ebrahimi SM, Poltojainen V, Kananen J, Elabasy A, Huotari N, Raitamaa L, Tuovinen T, Korhonen V, Nedergaard M, Kiviniemi V",,,Frontiers in neuroscience,,2023,yes,"The study investigates sleep states and transitions between wakefulness and different stages of NREM sleep (N1 and N2), which are clearly states of consciousness. The study explicitly examines changes in brain activity across different arousal states, which is directly relevant to consciousness research.",yes,This is an empirical research article with original data collection and analysis. The methods section describes a clear experimental design with 23 subjects and specific measurements.,yes,"The study uses both fMRI and EEG data, which are primary neural recording methods. The analysis includes physiological monitoring and cardiorespiratory measurements.",maybe,"The study applies spectral power analysis and spectral entropy measures to analyze the pulsations. While these are quantitative measures, they are not explicitly listed in the example complexity-family measures provided in the criteria. However, spectral entropy is a form of entropy measure, which is mentioned in the criteria examples.",Include,"This empirical research study investigates consciousness through sleep states using fMRI and EEG, analyzing neural data across different arousal levels. The research applies quantitative measures like spectral power and entropy to examine brain pulsations, with a focus on transitions between wakefulness and NREM sleep stages. While the study meets most screening criteria, there is some uncertainty regarding the precise classification of the complexity-family measures used.",,,4.3
Performance of anesthetic depth indexes in rabbits under propofol anesthesia: prediction probabilities and concentration-effect relations.,"BACKGROUND: The permutation entropy, the approximate entropy, and the index of consciousness are some of the most recently studied electroencephalogram-derived indexes. In this work, a thorough comparison of these indexes was performed using propofol anesthesia in a rabbit model. METHODS: Six rabbits were anesthetized with three propofol infusion rates: 70, 100, and 130 mg · kg⁻¹ · h⁻¹, each maintained for 30 min, in a random order for each animal. Data recording was performed in the awake animals 20, 25, and 30 min after each infusion rate was begun in the recovered animals and consisted of electroencephalogram recordings, evaluation of depth of anesthesia according to a clinical scale, and arterial blood samples for plasma propofol determination. Median and spectral edge frequencies were analyzed for single-scale permutation entropy and composite multiscale permutation entropy, approximate entropy, index of consciousness, and the spectral parameters. The spectral parameters and single-scale and multiscale permutation entropies were corrected for the presence of burst suppression. Performance of the indexes was compared by prediction probability and pharmacodynamic analysis. RESULTS: The single-scale and composite multiscale permutation entropies with a burst suppression correction showed better prediction probabilities than did the other electroencephalogram-derived parameters but not better than the electromyographic activity. CONCLUSION: Single-scale and multiscale permutation entropies may be promising measures of propofol anesthetic depth when corrected for burst suppression. Additional studies should investigate the information measured by electromyography algorithms from commercial monitors of anesthetic depth. The rabbit may be a promising animal model for electroencephalographic studies because it provides a good-quality signal.","Silva A, Campos S, Monteiro J, Venâncio C, Costa B, Guedes de Pinho P, Antunes L",,,Anesthesiology,,2011,yes,"The paper directly investigates consciousness through studying anesthesia-induced changes in consciousness states. It specifically examines ""depth of anesthesia"" and uses measures like the ""index of consciousness."" The study explicitly relates EEG-derived measures to consciousness levels during propofol anesthesia.",yes,"This is clearly an empirical research article with original experimental data collection and analysis. The study includes a detailed methodology with specific experimental conditions, data collection, and statistical analysis.",yes,"The study directly analyzes empirical neural data through EEG recordings. The methodology explicitly mentions ""electroencephalogram recordings"" and analyzes various EEG-derived parameters.",yes,"The study applies multiple complexity-family measures as primary analyses, including permutation entropy (both single-scale and composite multiscale), approximate entropy, and index of consciousness. These are all quantitative complexity measures applied directly to the empirical EEG data.",Include,"This empirical research study comprehensively investigates consciousness through quantitative neural complexity measures applied to EEG data during propofol anesthesia. The work systematically analyzes multiple complexity-family measures like permutation entropy and approximate entropy, directly examining transitions in conscious states using empirical neural recordings. By employing rigorous experimental methods and advanced analytical techniques, the study provides a robust investigation of consciousness-related neural dynamics.",,,4.9
Percutaneous osteoplasty for the treatment of a painful osteochondral lesion of the talus: a case report and literature review.,"An osteochondral lesion of the talus (OLT) is a lesion involving the talar articular cartilage and its subchondral bone. OLT is a known cause of chronic ankle pain after ankle sprains in the active population. The lesion causes deep ankle pain associated with weight-bearing, impaired function, limited range of motion, stiffness, catching, locking, and swelling. There are 2 common patterns of OLTs. Anterolateral talar dome lesions result from inversion and dorsiflexion injuries of the ankle at the area impacting against the fibula. Posteromedial lesions result from inversion, plantar flexion, and external rotation injuries of the ankle at the area impacting against the tibial ceiling of the ankle joint. Early diagnosis of an OLT is particularly important because the tibiotalar joint is exposed to more compressive load per unit area than any other joint in the body. Failure of diagnosis can lead to the evolution of a small, stable lesion into a larger lesion or an unstable fragment, which can result in chronic pain, joint instability, and premature osteoarthritis. A 43-year-old man, with a history of ankle sprain one year previously, visited our pain clinic for continuous right ankle pain after walking or standing for more than 30 minutes. There was a focal tenderness on the posteromedial area of the right talus. Imaging studies revealed a posteromedial OLT classified as having a geode form according to the FOG (fractures, osteonecroses, geodes) radiological classification and categorized as a stage 2a lesion on magnetic resonance imaging. The patient was scheduled for aspiration and osteoplasty with hydroxyapatite under arthroscopic and fluoroscopic guidance. A 26-gauge needle was inserted to infiltrate local anesthetics into the skin over the cyst and ankle joint. An arthroscope was placed into the joint to approach the OLT. The arthroscopic view showed that there was no connection between the OLT and the cyst of the talus body. A 13-gauge bone biopsy needle was inserted into the cyst, and aspiration was performed. Aspirated fluid from the cyst was originally white and clear; however, it changed to a blood-tinged, reddish color due to mixing with the incisional blood. After aspiration, contrast medium was injected, and the shape of the spread was observed. Bone cement comprising hydroxyapatite was injected to fill the bone defect of the cyst. A 1.5 mL volume of cement was injected into the talus under vigilant fluoroscopic and arthroscopic monitoring to prevent its dissemination into the joint. There was no cement leakage into the vessels or articular space. Postoperative fluoroscopy and computed tomography images showed bone cement filling of the defect. In the present case, arthroscopic and fluoroscopic guidance was used for aspiration of an OLT and for performing percutaneous osteoplasty with hydroxyapatite for one defect; this treatment decreased pain upon weight bearing and enabled a return to work without any restrictions one week after the procedure. The purpose of this report was to highlight the presence of OLT in chronic ankle pain and to review its management strategies.","Seo SS, Park JY, Kim HJ, Yoon JW, Park SH, Kim KH",,,Pain physician,,2012,no,"The paper does not investigate consciousness, states of consciousness, or transitions between conscious states. It is focused entirely on osteochondral lesions of the talus (OLT) and their treatment, which is unrelated to consciousness research.",maybe,"The paper is a case report of a single patient, which is an empirical research article. However, it is a clinical case report rather than a study involving systematic review or meta-analysis of neural data.",no,"The paper does not involve any neural data collection or analysis. The only imaging mentioned is related to orthopedic assessment (MRI, fluoroscopy, CT) for evaluating bone lesions, not neural activity.",no,"The paper does not apply any complexity-family measures. It focuses on clinical assessment and surgical intervention for bone lesions, with no mention of any quantitative complexity analyses.",Exclude,"This orthopedic case report fundamentally lacks alignment with consciousness research criteria, containing no investigation of consciousness, neural data, or complexity measures. The paper is exclusively focused on a clinical case of osteochondral lesions of the talus, completely diverging from the systematic review's specified research domain. Consequently, the manuscript fails to meet any of the established screening requirements for inclusion.",,Other / below screening threshold,0.1
Diminished supraspinal pain modulation in patients with mild traumatic brain injury.,"BACKGROUND: Chronic pain conditions are highly prevalent in patients with mild traumatic brain injury. Supraspinal diffuse axonal injury is known to dissociate brain functional connectivity in these patients. The effect of this dissociated state on supraspinal pain network is largely unknown. A functional magnetic resonance imaging study was conducted to compare the supraspinal pain network in patients with mild traumatic brain injury to the gender and age-matched healthy controls with the hypothesis that the functional connectivities of the medial prefrontal cortices, a supraspinal pain modulatory region to other pain-related sensory discriminatory and affective regions in the mild traumatic brain injury subjects are significantly reduced in comparison to healthy controls. RESULTS: The mild traumatic brain injury group (N = 15) demonstrated significantly (P < 0.01, cluster threshold > 150 voxels) less activities in the thalamus, pons, anterior cingulate cortex, insula, dorsolateral prefrontal cortex, and medial prefrontal cortices than the healthy control group (N = 15). Granger Causality Analyses (GCA) indicated while the left medial prefrontal cortices of the healthy control group cast a noticeable degree of outward (to affect) causality inference to multiple pain processing related regions, this outward inference pattern was not observed in the mild traumatic brain injury group. On the other hand, only patients' bilateral anterior cingulate cortex received multiple inward (to be affected) causality inferences from regions including the primary and secondary somatosensory cortices and the inferior parietal lobe. Resting state functional connectivity analyses indicated that the medial prefrontal cortices of the mild traumatic brain injury group demonstrated a significantly (P < 0.01, F = 3.6, cluster size > 150 voxels) higher degree of functional connectivity to the inferior parietal lobe, premotor and secondary somatosensory cortex than the controls. Conversely, the anterior cingulate cortex of the healthy group demonstrated significantly (P < 0.01, F = 3.84, cluster size > 150 voxels) less degree of functional connectivities to the inferior parietal lobe and secondary somatosensory cortex than their mild traumatic brain injury counterparts. CONCLUSIONS: In short, the current study demonstrates that patients with mild traumatic brain injury and headaches appear to have an altered state of supraspinal modulatory and affective functions related to pain perception.","Leung A, Shukla S, Yang E, Canlas B, Kadokana M, Heald J, Davani A, Song D, Lin L, Polston G, Tsai A, Lee R",,,Molecular pain,,2016,no,"The paper does not investigate consciousness, states of consciousness, or transitions between conscious states. It focuses on chronic pain and brain connectivity in mild traumatic brain injury patients, but does not explicitly interpret the findings in relation to consciousness or neural signatures/mechanisms of consciousness.",yes,"This is an empirical research article with original data collection and analysis, including a functional MRI study comparing TBI patients with healthy controls.",yes,"The study uses fMRI/BOLD data to analyze brain connectivity and activity patterns, specifically employing resting state functional connectivity analyses and Granger Causality Analyses on empirical neural data.",maybe,"The study uses Granger Causality Analysis, which is a complexity-family measure that analyzes directional connectivity between brain regions. However, this appears to be the only complexity measure used, and it's applied more as a connectivity analysis tool rather than a primary complexity analysis.",Include,"This empirical research study uses fMRI data to analyze brain connectivity in traumatic brain injury patients, employing Granger Causality Analysis as a complexity measure. However, the research does not investigate consciousness or conscious states, which disqualifies it from meeting the primary screening criterion focused on consciousness research. Despite methodological rigor, the study's focus on pain perception and brain connectivity patterns renders it unsuitable for a consciousness-oriented systematic review.",,,2.7
Glossopharyngeal Neuralgia Characterized by Otalgia: A Retrospective Study.,"Glossopharyngeal neuralgia (GPN) is an uncommon facial pain syndrome and is characterized by paroxysms of excruciating pain in the distributions of the auricular and pharyngeal branches of cranial nerves IX and X. Glossopharyngeal neuralgia characterized by otalgia alone is rare. Herein, the authors analyzed 2 patients with GPN with otalgia as the main clinical manifestation. The clinical features and prognosis of this rare group of patients with GPN were discussed. They both presented with paroxysmal pain in the external auditory meatus and preoperative magnetic resonance imaging suggested the vertebral artery were closely related to the glossopharyngeal nerves. In both patients, compression of the glossopharyngeal nerve was confirmed during microvascular decompression, and the symptoms were relieved immediately after surgery. At 11 to 15 months follow-up, there was no recurrence of pain. A variety of reasons can cause otalgia. The possibility of GPN is a clinical concern in patients with otalgia as the main complaint. The authors think the involvement of the glossopharyngeal nerve fibers in the tympanic plexus via Jacobson nerve may provide an important anatomic basis for GPN with predominant otalgia. Surface anesthesia test of the pharynx and preoperative magnetic resonance imaging is helpful for diagnosis. Microvascular decompression is effective in the treatment of GPN with predominant otalgia.","Fan H, Wang L, Xia S, Xu X, Su S, Feng W, Wu C, Lou C, Chen Y",,,The Journal of craniofacial surgery,,2023,no,"The paper does not investigate consciousness, states of consciousness, or transitions between conscious states. While pain perception involves consciousness, the paper does not explicitly interpret findings in relation to consciousness or neural signatures/mechanisms of consciousness. The focus is purely clinical and anatomical.",yes,"This appears to be an empirical research article presenting case studies of two patients. While it is an empirical study, it's a clinical case report rather than a systematic review or meta-analysis. However, this criterion is technically met as it is an empirical research article.",no,"The only neural data mentioned is preoperative magnetic resonance imaging (MRI) to visualize anatomical relationships between the vertebral artery and glossopharyngeal nerves. This is structural imaging rather than functional neural data (EEG, MEG, fMRI/BOLD, etc.). The study does not analyze any of the specified types of neural recordings.",no,"The paper does not mention or apply any complexity-family measures. The analysis appears to be purely clinical and anatomical, focusing on symptoms, imaging, and surgical outcomes.",Exclude,"This clinical case report on glossopharyngeal neuralgia fails to meet the systematic review's screening criteria, particularly those related to consciousness research, neural data analysis, and complexity-family measures. The study is a clinical case report focused on a specific pain syndrome and its surgical treatment, which does not align with the review's requirements for investigating consciousness or applying advanced neural complexity analyses.",,Other / below screening threshold,0.1
[Intraventricular extravasation of contrast media through ruptured intracranial aneurysm--report of two cases (author's transl)].,"Extravasation of contrast media through ruptured intracranial aneurysm has been reported as an unusual case. Among the reported cases, a ventricular opacification is very rare, and in such cases, the prognosis is worst. In this paper, two cases with an aneurysm bleeding into the ventricular system were reported. Case 1. A 37-year-old woman was admitted because of severe headache and disturbance of consciousness. On admission, she was deeply comatose with decerebrate rigidity. Carotid angiogram taken 2 hours and 30 minutes after the attack revealed an aneurysm of the anterior communicating artery and an extravasation of contrast media into the lateral ventricle. Although a continuous ventricular drainage was instituted immediately, the patient died after five days. Case 2. A 33-year-old man suddenly developed severe headache with subsequent loss of consciousness. Two hours after the onset, the patient was admitted in comatose state. Angiography taken 3 hours after the attack demonstrated an aneurysm of the anterior communicating artery. The posterior horns of the lateral ventricles were opacificated. The patient died after 24 hours. In case 1, it was interesting that a remarkable stenosis of the cisternal portion of the internal carotid artery was demonstrated at the 2nd carotid angiography (lateral view), but the third carotid angiography taken after the continuous ventricular drainage showed a complete recovery from the stenosis. This stenosis was supposed to be caused by a compression of the internal carotid artery against the interclinoid ligamentum. Moreover, a rapid enlargement of the aneurysm was noticed by repeated angiography.","Kamiyama K, Sakamato T, Suzuki J, Onuma T",,,No shinkei geka. Neurological surgery,,1978,no,"The paper discusses cases involving disturbance of consciousness and coma, but these are clinical observations rather than research into consciousness itself. While consciousness states are mentioned, they are not the focus of investigation - rather, they are symptoms of the medical condition being studied. The paper does not explicitly interpret findings in relation to consciousness mechanisms.",maybe,"This appears to be an empirical research article presenting two clinical case studies. While it is an empirical paper, it's primarily a clinical case report rather than a systematic research investigation into consciousness or neural mechanisms.",no,"The paper does not analyze any neural data. The only imaging mentioned is carotid angiography, which is a vascular imaging technique, not a neural recording method. There is no EEG, MEG, fMRI, or other neural data analysis.",no,"The paper does not apply any complexity-family measures. The analysis is purely clinical and radiological, focusing on anatomical findings and clinical outcomes.",Exclude,"This clinical case report fails to meet the screening criteria for consciousness research, as it does not systematically investigate consciousness mechanisms, analyze neural data, or apply complexity measures. While the paper mentions consciousness as a clinical symptom, it is fundamentally a medical case study focused on aneurysm rupture rather than a neuroscience research investigation.",,Other / below screening threshold,0.1
Acute-onset paraplegia as an unexpected complication under general anesthesia in supine position during abdominal endovascular aneurysm repair: a case report.,"BACKGROUND: Acute onset paraplegia after endovascular aneurysm repair (EVAR) is a rare but well-known complication. We here show a 79-year-old woman with paraplegia caused by static and dynamic spinal cord insult not by ischemia after EVAR. CASE PRESENTATION: The patient underwent EVAR for abdominal aortic aneurism under general anesthesia in the supine position. She had a medical history of lumbar canal stenosis. After the surgery, we recognized severe paraplegia and sensory disorder of lower limbs. Although the possibility of spinal cord ischemia was considered at that time, postoperative magnetic resonance imaging (MRI) revealed burst fracture of vertebra and compressed spinal cord. CONCLUSIONS: Patients with spinal canal stenosis can cause extrinsic spinal cord injury even with weak external forces. Thus, even after EVAR, it is important to consider extrinsic factors as the cause of paraplegia.","Morio A, Miyoshi H, Saeki N, Toyota Y, Tsutsumi YM",,,JA clinical reports,,2021,no,"The paper does not investigate consciousness, states of consciousness, or transitions between conscious states. It also does not explicitly interpret findings in relation to consciousness or neural signatures/mechanisms of consciousness.",no,"The paper is a case report rather than an empirical research article, systematic review, or meta-analysis.",no,"The paper mentions MRI imaging, but this is used for diagnostic purposes rather than analyzing neural data. There is no analysis of EEG, MEG, fMRI/BOLD, or other neural recordings.",no,The paper does not mention or apply any complexity-family measures. It focuses on clinical diagnosis and case presentation rather than quantitative analysis of neural complexity.,Exclude,"This clinical case report fails to meet the screening criteria for consciousness research, lacking investigation of consciousness mechanisms, neural data analysis, or complexity measures. The paper is a straightforward medical case presentation about paraplegia following surgery, without any empirical neural research components or systematic review methodology. Consequently, it does not qualify for inclusion based on the specified screening requirements.",,Other / below screening threshold,0.1
Bedside quantitative electroencephalography improves assessment of consciousness in comatose subarachnoid hemorrhage patients.,"OBJECTIVE: Accurate behavioral assessments of consciousness carry tremendous significance in guiding management, but are extremely challenging in acutely brain-injured patients. We evaluated whether electroencephalography (EEG) and multimodality monitoring parameters may facilitate assessment of consciousness in patients with subarachnoid hemorrhage. METHODS: A retrospective analysis was performed of 83 consecutively treated adults with subarachnoid hemorrhage. All patients were initially comatose and had invasive brain monitoring placed. Behavioral assessments were performed during daily interruption of sedation and categorized into 3 groups based on their best examination as (1) comatose, (2) arousable (eye opening or attending toward a stimulus), and (3) aware (command following). EEG features included spectral power and complexity measures. Comparisons were made using bootstrapping methods and partial least squares regression. RESULTS: We identified 389 artifact-free EEG clips following behavioral assessments. Increasing central gamma, posterior alpha, and diffuse theta-delta oscillations differentiated patients who were arousable from those in coma. Command following was characterized by a further increase in central gamma and posterior alpha, as well as an increase in alpha permutation entropy. These EEG features together with basic neurological examinations (eg, pupillary light reflex) contributed heavily to a linear model predicting behavioral state, whereas brain physiology measures (eg, brain oxygenation), structural injury, and clinical course added less. INTERPRETATION: EEG measures of behavioral states provide distinctive signatures that complement behavioral assessments of patients with subarachnoid hemorrhage shortly after the injury. Our data support the hypothesis that impaired connectivity of cortex with both central thalamus and basal forebrain underlies decreasing levels of consciousness. Ann Neurol 2016;80:541-553.","Claassen J, Velazquez A, Meyers E, Witsch J, Falo MC, Park S, Agarwal S, Michael Schmidt J, Schiff ND, Sitt JD, Naccache L, Sander Connolly E, Frey HP",,,Annals of neurology,,2016,yes,"The paper directly investigates consciousness in patients with subarachnoid hemorrhage, specifically examining different states of consciousness (comatose, arousable, and aware). The study explicitly interprets findings in relation to consciousness and neural mechanisms underlying different conscious states.",yes,This is clearly an empirical research article with original data analysis. It presents a retrospective analysis of 83 patients with specific methodology and results.,yes,"The study analyzes empirical EEG data, including spectral power and complexity measures. They specifically mention analyzing 389 artifact-free EEG clips, making this a clear case of empirical neural data analysis.",yes,"The paper explicitly mentions using spectral power analysis, complexity measures, permutation entropy (specifically mentioned for alpha band), and bootstrapping methods and partial least squares regression for analysis.",Include,"This empirical research study comprehensively investigates consciousness states in subarachnoid hemorrhage patients using EEG data, applying multiple quantitative complexity measures to analyze neural signatures across different levels of consciousness. The work systematically examines neural mechanisms underlying conscious states through rigorous empirical analysis, including spectral power, complexity measures, and permutation entropy, providing a robust scientific approach to understanding consciousness transitions.",,,4.9
Spontaneous spinal epidural haematoma. A case report.,"Spinal epidural haematomas are infrequent events caused mainly by trauma or are iatrogenic following invasive spinal procedures (lumbar puncture, surgery or peridural anaesthesia). Spontaneous spinal epidural haematoma is a rare entity requiring emergency intervention in most cases. The incidence is estimated at about two to six cases per year. Early recognition, accurate diagnosis and rapid treatment may result in decreased morbidity and improved outcome. Here, we describe the case of a 60-year-old man who presented sudden paraplegia. Magnetic resonance imaging of thoracolumbar spine demonstrated an epidural mass extending from T11 to L1, causing spinal cord compression. Emergent decompressive surgery was performed and the patient had a significant improvement of neurologic deficits.","Rispoli R, Mastrostefano R",,,The neuroradiology journal,,2010,no,"The paper does not investigate consciousness, states of consciousness, or transitions between conscious states. It focuses on a clinical case of spinal epidural hematoma and its surgical treatment, without explicitly addressing consciousness or neural mechanisms of consciousness.",no,"The paper is a case report, which is not explicitly listed as an eligible study type. While it contains empirical observations, it is not a systematic review, meta-analysis, or primary research article with controlled experimental conditions.",no,"The only neural data mentioned is MRI imaging of the spine, which is used for diagnostic purposes rather than analyzing neural activity or function. There is no analysis of EEG, MEG, fMRI/BOLD, or other neural recordings as specified in the criteria.",no,"The paper does not mention or apply any of the specified complexity-family measures. The analysis appears to be purely clinical and anatomical, focusing on the physical presence and location of the hematoma.",Exclude,"This clinical case report fails to meet the screening criteria for consciousness research, lacking investigation of conscious states, neural data analysis, or complexity measures. The paper describes a spinal epidural hematoma case with MRI imaging, but does not engage with the specified research parameters related to consciousness or neural complexity. Consequently, the study does not qualify for inclusion in the systematic review.",,Other / below screening threshold,0.1
"Study protocol for ""Psilocybin in patients with fibromyalgia: brain biomarkers of action"".","BACKGROUND: Chronic pain is a leading cause of disability worldwide. Fibromyalgia is a particularly debilitating form of widespread chronic pain. Fibromyalgia remains poorly understood, and treatment options are limited or moderately effective at best. Here, we present a protocol for a mechanistic study investigating the effects of psychedelic-assisted-therapy in a fibromyalgia population. The principal focus of this trial is the central mechanism(s) of psilocybin-therapy i.e., in the brain and on associated mental schemata, primarily captured by electroencephalography (EEG) recordings of the acute psychedelic state, plus pre and post Magnetic Resonance Imaging (MRI). METHODS: Twenty participants with fibromyalgia will complete 8 study visits over 8 weeks. This will include two dosing sessions where participants will receive psilocybin at least once, with doses varying up to 25mg. Our primary outcomes are 1) Lempel-Ziv complexity (LZc) recorded acutely using EEG, and the 2) the (Brief Experiential Avoidance Questionnaire (BEAQ) measured at baseline and primary endpoint. Secondary outcomes will aim to capture broad aspects of the pain experience and related features through neuroimaging, self-report measures, behavioural paradigms, and qualitative interviews. Pain Symptomatology will be measured using the Brief Pain Inventory Interference Subscale (BPI-IS), physical and mental health-related function will be measured using the 36-Item Short Form Health Survey (SF-36). Further neurobiological investigations will include functional MRI (fMRI) and diffusion tensor imaging (changes from baseline to primary endpoint), and acute changes in pre- vs post-acute spontaneous brain activity - plus event-related potential functional plasticity markers, captured via EEG. DISCUSSION: The results of this study will provide valuable insight into the brain mechanisms involved in the action of psilocybin-therapy for fibromyalgia with potential implications for the therapeutic action of psychedelic-therapy more broadly. It will also deliver essential data to inform the design of a potential subsequent RCT.","Bornemann J, Close JB, Ahmad K, Barba T, Godfrey K, Macdonald L, Erritzoe D, Nutt D, Carhart-Harris R",,,Frontiers in psychiatry,,2024,yes,"The study investigates psychedelic-induced altered states of consciousness through psilocybin therapy, and explicitly examines the ""central mechanism(s) of psilocybin-therapy"" and includes analysis of the ""acute psychedelic state."" This aligns with the criterion of investigating consciousness, states of consciousness, or transitions between conscious states.",maybe,"The paper is a protocol for an empirical research study, not yet completed. While the planned study would meet the criteria for an empirical research article, as a protocol paper it does not yet contain actual empirical results, creating some uncertainty regarding this criterion.",yes,"The study plans to collect multiple types of empirical neural data, including EEG recordings during the acute psychedelic state, MRI (fMRI and DTI), and event-related potential measurements. This aligns with the criterion of analyzing empirical neural data.",yes,"The study explicitly mentions using Lempel-Ziv complexity (LZc) as a primary outcome measure from EEG recordings, which directly meets the criterion of applying quantitative complexity-family measures.",Include,"A comprehensive protocol investigating psilocybin's neural mechanisms in fibromyalgia, utilizing multiple empirical neural data collection methods including EEG and MRI, with explicit focus on consciousness and complexity measures like Lempel-Ziv complexity. The study demonstrates strong alignment with consciousness research criteria, employing quantitative complexity-family measures and neural data analysis techniques to explore psychedelic-induced altered states. While a protocol rather than a completed study, the detailed methodology and clear research objectives suggest significant potential for understanding neural mechanisms of psychedelic therapy.",,,4.3
Increase in high frequency EEG activity explains the poor performance of EEG spectral entropy monitor during S-ketamine anesthesia.,"OBJECTIVE: To study the effects of S-ketamine on the EEG and to investigate whether spectral entropy of the EEG can be used to assess the depth of hypnosis during S-ketamine anesthesia. METHODS: The effects of sub-anesthetic (159 (21); mean (SD) ng/ml) and anesthetic (1,959 (442) ng/ml) serum concentrations of S-ketamine on state entropy (SE), response entropy (RE) and classical EEG spectral power variables (recorded using the Entropy Module, GE Healthcare, Helsinki, Finland) were studied in 8 healthy males. These EEG data were compared with EEG recordings from 6 matching subjects anesthetized with propofol. RESULTS: The entropy values decreased from the baseline SE 85 (3) and RE 96 (3) to SE 55 (18) and RE 72 (17) during S-ketamine anesthesia but both inter- and intra-individual variation of entropy indices was wide and their specificity to indicate unconsciousness was poor. Propofol induced more pronounced increase in delta power (P<0.02) than S-ketamine, whereas anesthetic S-ketamine induced more high frequency EEG activity in the gamma band (P<0.001). Relative power of 20-70 Hz EEG activity was associated with high SE (P=0.02) and RE (P=0.03) values during S-ketamine anesthesia. CONCLUSIONS: These differences in low and high frequency EEG power bands probably explain why entropy monitor, while adequate for propofol, is not suitable for assessing the depth of S-ketamine anesthesia. SIGNIFICANCE: The entropy monitor is not adequate for monitoring S-ketamine-induced hypnosis.","Maksimow A, Särkelä M, Långsjö JW, Salmi E, Kaisti KK, Yli-Hankala A, Hinkka-Yli-Salomäki S, Scheinin H, Jääskeläinen SK",,,Clinical neurophysiology : official journal of the International Federation of Clinical Neurophysiology,,2006,yes,"The paper directly investigates states of consciousness, specifically anesthesia-induced unconsciousness and hypnosis. It examines the effects of S-ketamine on consciousness levels and attempts to measure depth of anesthesia, which is fundamentally a consciousness-related phenomenon.",yes,"This is clearly an empirical research article with original data collection and analysis. It includes a specific methodology, sample size (8 healthy males), and presents quantitative results.",yes,"The study directly analyzes EEG data, which is explicitly mentioned as one of the acceptable neural recording methods. They use both state entropy (SE) and response entropy (RE) measurements from EEG recordings.",yes,"The study explicitly uses entropy measures (state entropy and response entropy) as primary analytical tools. These are specifically mentioned as acceptable complexity-family measures in the criteria. The study also analyzes spectral power variables, which are related to complexity measures.",Include,"This empirical research article directly investigates consciousness states through EEG analysis, utilizing quantitative entropy measures to examine S-ketamine's effects on neural activity and unconsciousness. The study meets all screening criteria by applying complexity-family measures to empirical neural data, specifically analyzing EEG recordings to understand transitions in conscious states during anesthesia.",,,4.9
EEG entropy measures in anesthesia.,"HIGHLIGHTS: ► Twelve entropy indices were systematically compared in monitoring depth of anesthesia and detecting burst suppression.► Renyi permutation entropy performed best in tracking EEG changes associated with different anesthesia states.► Approximate Entropy and Sample Entropy performed best in detecting burst suppression. OBJECTIVE: Entropy algorithms have been widely used in analyzing EEG signals during anesthesia. However, a systematic comparison of these entropy algorithms in assessing anesthesia drugs' effect is lacking. In this study, we compare the capability of 12 entropy indices for monitoring depth of anesthesia (DoA) and detecting the burst suppression pattern (BSP), in anesthesia induced by GABAergic agents. METHODS: Twelve indices were investigated, namely Response Entropy (RE) and State entropy (SE), three wavelet entropy (WE) measures [Shannon WE (SWE), Tsallis WE (TWE), and Renyi WE (RWE)], Hilbert-Huang spectral entropy (HHSE), approximate entropy (ApEn), sample entropy (SampEn), Fuzzy entropy, and three permutation entropy (PE) measures [Shannon PE (SPE), Tsallis PE (TPE) and Renyi PE (RPE)]. Two EEG data sets from sevoflurane-induced and isoflurane-induced anesthesia respectively were selected to assess the capability of each entropy index in DoA monitoring and BSP detection. To validate the effectiveness of these entropy algorithms, pharmacokinetic/pharmacodynamic (PK/PD) modeling and prediction probability (Pk) analysis were applied. The multifractal detrended fluctuation analysis (MDFA) as a non-entropy measure was compared. RESULTS: All the entropy and MDFA indices could track the changes in EEG pattern during different anesthesia states. Three PE measures outperformed the other entropy indices, with less baseline variability, higher coefficient of determination (R (2)) and prediction probability, and RPE performed best; ApEn and SampEn discriminated BSP best. Additionally, these entropy measures showed an advantage in computation efficiency compared with MDFA. CONCLUSION: Each entropy index has its advantages and disadvantages in estimating DoA. Overall, it is suggested that the RPE index was a superior measure. Investigating the advantages and disadvantages of these entropy indices could help improve current clinical indices for monitoring DoA.","Liang Z, Wang Y, Sun X, Li D, Voss LJ, Sleigh JW, Hagihira S, Li X",,,Frontiers in computational neuroscience,,2015,yes,"The paper directly investigates states of consciousness, specifically anesthesia-induced altered states and transitions between different levels of consciousness during anesthesia. It explicitly studies depth of anesthesia (DoA) and burst suppression patterns, which are fundamental aspects of altered consciousness states.",yes,"This is clearly an empirical research article that presents original analysis of EEG data from anesthesia studies. The paper includes detailed methodology and results sections, indicating it's a full research article rather than a commentary or theoretical piece.",yes,The study directly analyzes EEG data from two different anesthesia datasets (sevoflurane-induced and isoflurane-induced anesthesia). EEG is explicitly listed as an eligible neural recording method in the criteria.,yes,The paper focuses entirely on comparing different entropy measures (12 different indices) and includes other complexity measures like multifractal detrended fluctuation analysis (MDFA). These are explicitly mentioned in the criteria as examples of complexity-family measures. The study applies these measures as primary analyses to the empirical data.,Include,"This empirical research article comprehensively investigates consciousness states through systematic analysis of EEG data during anesthesia, employing multiple quantitative complexity-family measures to track depth of consciousness. The study rigorously applies twelve entropy indices and multifractal detrended fluctuation analysis to neural recordings, providing a detailed examination of transitions between conscious states. By comparing different complexity measures and their performance in monitoring anesthesia-induced consciousness changes, the research meets all specified screening criteria with high methodological precision.",,,4.9
Spinal arteriovenous malformation in a pediatric patient with a history of congenital syphilis: a case report.,"BACKGROUND: Spinal arteriovenous malformations in children are extremely rare and pose great risk for intraoperative hemorrhage. Congenital syphilis sometimes presents with vascular symptoms, however, there is little published on patients with a history of congenital syphilis presenting with spinal arteriovenous malformations. CASE PRESENTATION: A 15-month-old female with a history of congenital syphilis presented with urinary retention, fever, and subacute onset of paraplegia. MRI showed a lesion at T8-L1, angiogram was performed which confirmed the presence of a complex type IVc arteriovenous malformation and fistula from Artery of Adamkiewicz at L1-L2. It also showed peri medullary dilated veins and a pseudoaneurysm that compressed the spinal cord at T8-T10. Somatosensory evoked potentials and motor-evoked potentials were not recordable on the bilateral lower extremities prior to surgery. Once the patient was optimized for surgery, osteoplastic laminotomies from T6-T12 were performed. The dura was opened and the intradural, intramesenchymal hematoma was evacuated. There were two episodes of brisk arterial bleeding with hypotension during resection of the hematoma. The patient was taken to the angiography suite from the OR to successfully coil the large aneurysm. Intraoperative spinal cord monitoring remained undetectable in the bilateral lower extremities. The patient's paraplegia remained unchanged from preoperative presentation. CONCLUSION: Congenital syphilis may present with vascular changes that might impact surgical approaches and treatment outcomes in patients with spinal arteriovenous malformations. Preparation for massive transfusion and intraoperative monitoring are imperative in ensuring a safe perioperative experience.","Bertoli MJ, Parikh K, Klyde D, Mazzola CA, Pandya Shah S",,,BMC pediatrics,,2021,no,"The paper does not investigate consciousness, states of consciousness, or transitions between conscious states. It also does not explicitly interpret findings in relation to consciousness or neural signatures/mechanisms of consciousness.",yes,"The paper is an empirical research article presenting a clinical case report, which would be eligible as a study type.",maybe,"The paper mentions the use of somatosensory evoked potentials (SSEP) and motor-evoked potentials (MEP) monitoring, which are forms of neural data. However, these are used as clinical monitoring tools rather than as the primary focus of analysis for understanding neural mechanisms.",no,"The paper does not apply any of the specified complexity-family measures. The neural data (SSEP/MEP) is used for clinical monitoring purposes only, and there is no analysis of complexity, entropy, or other specified measures.",Exclude,"This clinical case report fails to meet the screening criteria for consciousness research, as it does not investigate consciousness states, apply complexity-family measures, or analyze neural data in a research context. The paper is a surgical case study focused on managing a rare medical condition, lacking the required elements of consciousness research methodology.",,Other / below screening threshold,0.1
Neuronal avalanches differ from wakefulness to deep sleep--evidence from intracranial depth recordings in humans.,"Neuronal activity differs between wakefulness and sleep states. In contrast, an attractor state, called self-organized critical (SOC), was proposed to govern brain dynamics because it allows for optimal information coding. But is the human brain SOC for each vigilance state despite the variations in neuronal dynamics? We characterized neuronal avalanches--spatiotemporal waves of enhanced activity--from dense intracranial depth recordings in humans. We showed that avalanche distributions closely follow a power law--the hallmark feature of SOC--for each vigilance state. However, avalanches clearly differ with vigilance states: slow wave sleep (SWS) shows large avalanches, wakefulness intermediate, and rapid eye movement (REM) sleep small ones. Our SOC model, together with the data, suggested first that the differences are mediated by global but tiny changes in synaptic strength, and second, that the changes with vigilance states reflect small deviations from criticality to the subcritical regime, implying that the human brain does not operate at criticality proper but close to SOC. Independent of criticality, the analysis confirms that SWS shows increased correlations between cortical areas, and reveals that REM sleep shows more fragmented cortical dynamics.","Priesemann V, Valderrama M, Wibral M, Le Van Quyen M",,,PLoS computational biology,,2013,yes,"The paper explicitly investigates different states of consciousness (wakefulness, slow wave sleep, and REM sleep) and analyzes neural dynamics across these states. The study directly examines transitions between conscious states and their neural signatures.",yes,This is clearly an empirical research article presenting original data analysis from intracranial depth recordings in humans. The paper includes concrete experimental results and analysis.,yes,"The study analyzes empirical neural data from ""dense intracranial depth recordings in humans,"" which falls under the ECoG/iEEG category of eligible neural recordings. The analysis is direct and primary, not secondary or review-based.",yes,"The study applies multiple complexity-family measures:
 - Neural avalanches analysis (a measure of criticality)
 - Power law distributions (complexity measure)
 - Analysis of correlations between cortical areas
 - Investigation of criticality and subcriticality
 These are primary analyses, not theoretical discussions.",Include,"This empirical research article directly investigates consciousness states through intracranial neural recordings, analyzing complex neural dynamics across wakefulness, slow wave sleep, and REM sleep. The study applies sophisticated complexity-family measures like neural avalanches and power law distributions to empirically examine brain dynamics, providing quantitative insights into neural mechanisms underlying different states of consciousness.",,,4.9
[Sleep EEG as a nonlinear dynamic process: a comparison of global correlation dimension of human EEG and measures of linear interdependence between channels].,"The goal of this work was to study (1) whether the estimation of correlation dimension (D2) using spatial embedding distinguishes between sleep stages and (2) whether information gained from the application of global D2 is redundant to measures of linear interdependence between channels. Twenty one-channel EEG segments of 12 healthy male subjects recorded during waking and sleep stages REM, I, II, and III-IV (according to the Rechtshaffen and Kales criteria) were analyzed with global (multichannel) D2, mean square correlation coefficients (MS) and proportion of variance accounted for by the first principal component (PC1). D2 was found to decrease progressively from stage I to stage III-IV with D2 values of waking and REM being close to those of stages I and II. MS and PC1 did not distinguish among sleep stages but yielded significant differences between waking and sleep. The results suggest that global D2 extracts information from human EEG. That sort of evidence cannot be obtained with measures of linear interdependence between channels.","Sulimov AV, Marageĭ RA",,,Zhurnal vysshei nervnoi deiatelnosti imeni I P Pavlova,,2003,yes,"The paper investigates states of consciousness, specifically different sleep stages (REM, I, II, III-IV) and wakefulness, which directly aligns with the criterion of studying transitions between conscious states. The study explicitly examines neural signatures across different consciousness states, making it highly relevant to this criterion.",yes,"The paper appears to be an empirical research article with original data analysis, as the abstract describes a specific study with 21-channel EEG segments from 12 subjects, with clear methodology and results. This meets the criterion for being an empirical research article.",yes,"The study explicitly uses EEG data (21-channel recordings) from human subjects, which is one of the specified acceptable neural recording methods. The analysis is clearly applied to empirical neural data, fully meeting this criterion.",yes,"The study applies correlation dimension (D2) as a primary analysis measure, which is a recognized complexity measure. They also compare it with other measures (MS and PC1). While D2 is a valid complexity measure, it's worth noting that the paper focuses on a relatively simple complexity measure compared to some of the more advanced measures listed in the criteria. However, it still meets this criterion as D2 is explicitly mentioned as a valid measure in the criteria.",Include,"This empirical research study investigates consciousness states through EEG analysis, systematically examining neural complexity across different sleep stages and wakefulness using correlation dimension as a primary quantitative measure. The work meets all screening criteria by applying empirical neural data analysis, focusing on consciousness transitions, and employing a recognized complexity-family measure to explore neural signatures across different states of consciousness.",,,4.9
Internal Jugular Vein Compression Collar Mitigates Histopathological Alterations after Closed Head Rotational Head Impact in Swine: A Pilot Study.,"Recently, there has been increased concern about microstructural brain changes after head trauma. Clinical studies have investigated a neck collar that applies gentle bilateral jugular vein compression, designed to increase intracranial blood volume and brain stiffness during head trauma, which neuroimaging has shown to result in a reduction in brain microstructural alterations after a season of American football and soccer. Here, we utilized a swine model of mild traumatic brain injury to investigate the effects of internal jugular vein (IJV) compression on histopathological outcomes after injury. Animals were randomized to collar treatment (n = 8) or non-collar treatment (n = 6), anesthetized and suspended such that the head was supported by breakable tape. A custom-built device was used to impact the head, thus allowing the head to break the tape and rotate along the sagittal plane. Accelerometer data were collected for each group. Sham injured animals (n = 2) were exposed to anesthesia only. Following single head trauma, animals were euthanized and brains collected for histology. Whole slide immunohistochemistry was analyzed using Qupath software. There was no difference in linear or rotational acceleration between injured collar and non-collar animals (p > 0.05). Injured animals demonstrated higher levels of the phosphorylated tau epitope AT8 (p < 0.05) and the inflammatory microglial marker IBA1 (p < 0.05) across the entire brain, but the effect of injury was markedly reduced by collar treatment (p < 0.05) The current results indicate that internal jugular venous compression protects against histopathological alterations related to closed head trauma exposure.","Mannix R, Morriss NJ, Conley GM, Meehan WP, Nedder A, Qiu J, Float J, DiCesare CA, Myer GD",,,Neuroscience,,2020,no,"The paper does not explicitly investigate consciousness, states of consciousness, or transitions between conscious states. While it examines brain injury, which can affect consciousness, the study focuses on histopathological outcomes rather than consciousness-related measures. The findings are not interpreted in relation to consciousness mechanisms.",yes,"This is an empirical research article with clear experimental methods and quantitative data analysis, meeting the criteria for an eligible study type.",no,"The study does not analyze the specified types of neural data, such as EEG, MEG, fMRI, or other neural recordings. Instead, it examines brain tissue through histology and immunohistochemistry, which do not involve the collection or analysis of the specified neural data.",no,"The study does not apply any of the specified complexity-family measures, such as entropy, Lempel-Ziv complexity, or integrated information. The analysis focuses on traditional histological markers (AT8 and IBA1) rather than the complexity measures listed in the criteria.",Exclude,"This study of traumatic brain injury fails to meet key screening criteria related to consciousness research, as it does not investigate consciousness states, analyze neural recordings, or apply complexity-family measures. While an empirical research article, the paper's focus on histopathological outcomes and protective mechanisms of jugular vein compression diverges from the specified research parameters. Consequently, the study does not align with the systematic review's core requirements.",,Other / below screening threshold,0.1
Attention Network Dysfunction in Bulimia Nervosa - An fMRI Study.,"OBJECTIVE: Recent evidence has suggested an increased rate of comorbid ADHD and subclinical attentional impairments in bulimia nervosa (BN) patients. However, little is known regarding the underlying neural mechanisms of attentional functions in BN. METHOD: Twenty BN patients and twenty age- and weight-matched healthy controls (HC) were investigated using a modified version of the Attention Network Task (ANT) in an fMRI study. This design enabled an investigation of the neural mechanisms associated with the three attention networks involved in alerting, reorienting and executive attention. RESULTS: The BN patients showed hyperactivation in parieto-occipital regions and reduced deactivation of default-mode-network (DMN) areas during alerting compared with HCs. Posterior cingulate activation during alerting correlated with the severity of eating-disorder symptoms within the patient group. Conversely, BN patients showed hypoactivation during reorienting and executive attention in anterior cingulate regions, the temporo-parietal junction (TPJ) and parahippocampus compared with HCs, which was negatively associated with global ADHD symptoms and impulsivity, respectively. DISCUSSION: Our findings demonstrate altered brain mechanisms in BN associated with all three attentional networks. Failure to deactivate the DMN and increased parieto-occipital activation required for alerting might be associated with a constant preoccupation with food or body image-related thoughts. Hypoactivation of executive control networks and TPJ might increase the likelihood of inattentive and impulsive behaviors and poor emotion regulation. Thus, dysfunction in the attentional network in BN goes beyond an altered executive attentional domain and needs to be considered in the diagnosis and treatment of BN.","Seitz J, Hueck M, Dahmen B, Schulte-Rüther M, Legenbauer T, Herpertz-Dahlmann B, Konrad K",,,PloS one,,2016,no,"The paper focuses on attention networks and neural mechanisms in bulimia nervosa patients, but does not explicitly investigate consciousness or states of consciousness. While attention is related to conscious processing, the study's primary focus is on attentional networks and their dysfunction in BN, not consciousness per se. The findings are not explicitly interpreted in relation to consciousness mechanisms.",yes,This is clearly an empirical research article with original data collection and analysis. It includes a controlled study comparing 20 BN patients with 20 healthy controls using fMRI.,yes,"The study uses fMRI/BOLD imaging to analyze neural data, which is explicitly mentioned in the methods section. The results discuss specific neural activations and deactivations in various brain regions.",no,"The abstract does not mention any complexity-family measures. The analysis appears to focus on standard fMRI activation/deactivation patterns and correlations with clinical symptoms, rather than applying complexity measures like entropy, information theory metrics, or other specified measures.",Exclude,"This empirical fMRI study of bulimia nervosa patients provides neural data analysis but lacks explicit focus on consciousness research or complexity-family measures. While the research meets criteria for study type and neural data application, it does not align with the specific requirements of investigating consciousness mechanisms or applying quantitative complexity measures. Consequently, the paper would likely be excluded from the targeted research selection.",,Other / below screening threshold,1.4
"Neurophysiological markers of contextual processing: the relationship between P3b and Gamma synchrony and their modulation by arousal, performance and individual differences.","The ability to identify and respond to significant events in the environment is a vital aspect of human cognition and yet is poorly understood as a dynamic neural process. While the response to a contextually-relevant stimulus involves a number of complimentary processes, including selective attention and neural binding, it is also subject to modulation by factors like arousal, age and sex. Adopting an integrative approach, we investigated contextual processing (as indexed by P3b and Gamma phase synchrony) in 120 healthy subjects performing an auditory oddball task while controlling for these other modulating factors. Results suggest a relationship between P3b and Gamma-2 synchrony in posterior regions only, with phasic anterior processing seemingly unrelated to that in posterior regions. However, only the P3b was significantly correlated to central and autonomic arousal. Further, while age and sex were associated with variation in individual measures, they did not strongly affect the relationship between the measures. We concluded that, in simple contextual processing, global and local elements of target stimuli are processed in parallel with little variation being shown between the sexes or resulting from increasing age.","Kang K, Williams LM, Hermens D, Gordon E",,,Brain research. Cognitive brain research,,2005,maybe,"The paper investigates contextual processing and attention, which are aspects of conscious information processing. While not explicitly focused on consciousness as its primary topic, it examines neural mechanisms of selective attention and stimulus processing, which are fundamental to conscious perception. The study of P3b and Gamma phase synchrony relates to neural signatures of conscious processing. However, the consciousness connection is somewhat indirect.",yes,This is clearly an empirical research article with original data collection and analysis from 120 healthy subjects.,yes,The study analyzes empirical neural data through EEG measurements (P3b component) and Gamma phase synchrony analysis.,maybe,"While the study uses phase synchrony analysis, which is a measure of neural coordination, it's not clear from the abstract whether this involves specific complexity-family measures as defined in the criteria. The analysis appears to focus more on traditional ERP components and phase synchrony rather than explicit complexity measures like entropy, information theory measures, or criticality metrics.",Include,"An empirical neural study investigating contextual processing through EEG and phase synchrony analysis, with clear relevance to conscious information processing mechanisms. While the research demonstrates strong methodological rigor and empirical neural data collection, uncertainty exists regarding the application of specific complexity-family measures as defined in the screening criteria. The study partially addresses consciousness research context through its examination of neural mechanisms underlying selective attention and stimulus processing.",,,3.2
EEG synchronization patterns during a Go/No-Go task in individuals with aphasia in subacute and chronic phases of stroke.,"Stroke and subsequent neuroregenerative processes cause changes in neural organization of attentional functions. In this study, we attempted to identify differences in neural synchronization patterns during a visual Go/No-Go task in people with post-stroke aphasia in both subacute and chronic stroke phases. To identify neuronal underpinnings of the behavioral differences we investigated pairwise connectivity patterns using corrected imaginary phase locking value and graph-theoretic measures (efficiency, modularity and clustering coefficient) at global and local level in subacute (n = 13) and chronic stroke phases (n = 14) during a Go/No-Go task. We observed significantly lower phase synchronization in the Subacute Group in the alpha band in the connections spanning frontal and central areas of both hemispheres alongside lower local efficiency and clustering coefficient in the left frontal region. Additionally, we observed higher modularity in the beta band in the unaffected right parietal region in the Subacute Group which may denote inhibition of motor and attention functions. Those mechanisms could serve to align cognitive abilities between the damaged and healthy hemispheres, harmonizing the activity of the neuronal networks of both hemispheres disrupted by the effects of the stroke. Our findings have potential implications for rehabilitation therapies, which should take into account the pattern of connectivity changes during different phases of reovery.","Rogala J, Choinski M, Szymaszek A",,,Scientific reports,,2024,maybe,"The paper focuses on attentional functions and neural organization in post-stroke patients, but does not explicitly investigate consciousness or states of consciousness. While attention is related to conscious processing, the study appears to focus on specific cognitive functions (Go/No-Go task) rather than consciousness per se. The findings are not explicitly interpreted in relation to consciousness mechanisms.",yes,This is clearly an empirical research article with original data collection and analysis. It includes specific sample sizes (n=13 and n=14) and describes a clear experimental design with a Go/No-Go task.,yes,"The study clearly analyzes empirical neural data, specifically using phase locking value (PLV) and graph-theoretic measures to analyze neural synchronization patterns. The data appears to be EEG-based given the mention of alpha and beta bands.",yes,"The study applies several quantitative measures including phase locking value (PLV) and graph-theoretic measures (efficiency, modularity, clustering coefficient). These are legitimate complexity-family measures used as primary analyses, not just theoretical discussions.",Include,"The study presents a robust empirical investigation of neural synchronization in post-stroke patients using advanced complexity measures and neural data analysis. While demonstrating strong methodological rigor in analyzing neural connectivity patterns, the research does not explicitly address consciousness mechanisms or states of consciousness. Consequently, the paper fails to meet the critical consciousness research context criterion despite meeting other screening requirements.",,,2.8
Parallel antioxidant and antiexcitotoxic therapy improves outcome after incomplete global cerebral ischemia in dogs.,"BACKGROUND AND PURPOSE: We have previously shown that incomplete global cerebral ischemia complicated by dense acidosis produces a profound secondary deterioration of energy metabolism and cerebral blood flow. Antioxidant treatment only partially averts this deterioration, suggesting that parallel or sequential mechanisms are involved in cerebral ischemic injury. We tested the hypothesis that a novel competitive N-methyl-D-aspartate (NMDA) receptor antagonist GPI 3000 (GPI) ameliorates metabolic injury and that the effectiveness of the iron-chelator and antioxidant deferoxamine (DFO) is augmented by combined therapy with GPI after incomplete global cerebral ischemia. METHODS: Anesthetized dogs were treated with 30 minutes of global incomplete cerebral ischemia. Preischemic plasma glucose was raised to approximately 500 mg/dL to exaggerate lactic acidosis. Brain ATP, phosphocreatine, and pH were measured by 31P MR spectroscopy for 180 minutes of reperfusion. Neurophysiological outcomes were assessed by evoked potential monitoring. Five groups were treated with either saline; 75 mg/kg DFO preischemia plus 75 mg/kg at reperfusion onset, followed by 27.5 mg/kg per hour for the remainder of reperfusion (DFO group); 25 mg/kg GPI pretreatment, followed by 5 mg/kg per hour (GPI-pre group); 25 mg/kg GPI at reperfusion, followed by 5 mg/kg per hour (GPI-post group); or DFO and GPI-pre at the same doses (Combined group). RESULTS: Ischemic cerebral blood flow (microspheres: 5 to 8 mL/min per 100 g) was similar among the groups. End-ischemic pHi was also similar; 5.9 in saline, 6.1 in DFO, 6.2 in GPI-pre, 6.2 in Combined, and 6.1 in GPI-post groups. Progressive hypoperfusion was observed in all groups except Combined during reperfusion. Metabolic recovery was improved relative to saline in all drug-treated groups. Phosphocreatine recovery was improved in Combined compared with DFO and GPI-pre groups. Somatosensory evoked potential recovery was not observed in the saline group and incomplete in all treatment groups. At 60 and 90 minutes of reperfusion, DFO, GPI-pre, and Combined groups demonstrated improved recovery relative to the saline group. CONCLUSIONS: Pretreatment and posttreatment with GPI ameliorated postischemic metabolic failure, suggesting that NMDA-mediated mechanisms are more important in global cerebral ischemia complicated by dense, acidosis than early studies indicated. Combined treatment with GPI and DFO improved cerebral blood flow during reperfusion and one indicator of energy recovery. These data support the hypothesis that parallel therapy aimed at antioxidant and antiexcitotoxic mechanisms of ischemic brain injury augment recovery compared with the individual agents.","Davis S, Helfaer MA, Traystman RJ, Hurn PD",,,Stroke,,1997,no,"The paper does not explicitly investigate consciousness, states of consciousness, or transitions between conscious states. While it measures somatosensory evoked potentials, which are related to neural function, these are not specifically studied in relation to consciousness. The study's primary focus is on metabolic and blood flow outcomes rather than conscious states or their neural mechanisms.",yes,"This is clearly an empirical research article with experimental data from animal studies. It includes detailed methodology and quantitative results, meeting this criterion fully.",maybe,"The study does collect empirical neural data through somatosensory evoked potential monitoring, 31P MR spectroscopy for measuring brain ATP, phosphocreatine, and pH, and cerebral blood flow measurements. However, these measurements are not primarily focused on neural activity patterns or consciousness-related neural signatures.",no,"The paper does not appear to apply any of the specified complexity-family measures. The analysis focuses on traditional physiological measurements (metabolites, blood flow, evoked potentials) rather than complexity or information-theoretic measures of neural activity.",Exclude,"This empirical research article on cerebral ischemia does not meet the systematic review's criteria for consciousness research, as it lacks explicit investigation of conscious states or transitions. While the study includes neural measurements, it does not apply complexity-family measures or focus on consciousness-related neural mechanisms, rendering it outside the review's scope.",,Other / below screening threshold,1.4
Auditory attention tracking states in a cocktail party environment can be decoded by deep convolutional neural networks.,"OBJECTIVE: A deep convolutional neural network (CNN) is a method for deep learning (DL). It has a powerful ability to automatically extract features and is widely used in classification tasks with scalp electroencephalogram (EEG) signals. However, the small number of samples and low signal-to-noise ratio involved in scalp EEG with low spatial resolution constitute a limitation that might restrict potential brain-computer interface (BCI) applications that are based on the CNN model. In the present study, a novel CNN model with source-spatial feature images (SSFIs) as the input is proposed to decode auditory attention tracking states in a cocktail party environment. APPROACH: We first extract SSFIs using rhythm entropy and weighted minimum norm estimation. Next, we develop a CNN model with three convolutional layers. Furthermore, we estimate the performance of the proposed model via generalized performance, alternative models that deleted or replaced a model's component, and loss curves. Finally, we use a deep transfer model with fine-tuning for a low (poor) behavioral performance group (L-group). MAIN RESULTS: Based on cortical activity reconstructions from the scalp EEGs, the classification accuracy (CA) of the proposed model is 80.4% (chance level: 52.5%), which is superior to that achieved by scalp EEG. Additionally, the performance of the proposed model is more stable when compared to alternative models that delete or replace specific model components. The proposed model identifies the difference between two auditory attention tracking states (successful versus unsuccessful) at an early stage with a short time window (250 ms after target offset). Furthermore, we propose a deep transfer learning model to improve the classification for the L-group. With this model, the CA of the L-group significantly increase by 5.3%. SIGNIFICANCE: Our proposed model improves the performance of a decoder for auditory attention tracking, which could be suitable for relieving the difficulty with the attentional modulation of individual's neural responses. It provides a novel communication channel with auditory cognitive BCI for patients with attention and hearing impairment.","Tian Y, Ma L",,,Journal of neural engineering,,2020,maybe,"The paper focuses on auditory attention tracking states, which is related to conscious perception and attention. While not explicitly framed as a consciousness study, it deals with neural correlates of attention and cognitive processing. However, it's more focused on BCI applications than fundamental consciousness research.",yes,"This is clearly an empirical research article presenting original experimental results with quantitative analysis. The paper includes methodology, results, and statistical analysis.",yes,The study uses scalp EEG data and performs source reconstruction to analyze cortical activity. This is a clear example of empirical neural data analysis. The paper explicitly mentions using EEG recordings and processing them through various methods.,maybe,"The paper mentions using ""rhythm entropy"" as part of their analysis pipeline, which is a complexity-family measure. However, this appears to be used as a preprocessing step rather than as a primary analysis measure. The main analysis focuses on CNN classification rather than complexity measures.",Include,"The study partially addresses consciousness research through its investigation of auditory attention tracking states, utilizing empirical neural data from EEG recordings. While the research employs some complexity measures like rhythm entropy, its primary focus is on developing a CNN-based classification method for brain-computer interface applications rather than a comprehensive exploration of consciousness mechanisms. The paper meets some screening criteria but does not fully align with a systematic review of consciousness research.",,,3.2
Classifying Sleep Slow Oscillations in Low Density EEG.,"UNLABELLED: Slow oscillations (SOs, 0.5–1.5 Hz) are electrographic signatures of highly synchronous cortical events contributing to slow wave activity (SWA, 0.5–4 Hz) during sleep. An objective, EEG-manifold-based characterization of SOs could enable clinically actionable investigations on their functional role in cognition and health. In an earlier study, our group presented a data-driven approach showing that SOs group into Global, Frontal, and Local patterns, based on near-simultaneous detection across multiple scalp electrodes. However, this method requires sleep acquisitions with at least 24 head electrodes, limiting its applicability in standard diagnostic polysomnography and at-home studies. Here, we introduce a deterministic classification method that leverages machine learning to identify space-time profiles of SO types in low-density EEG (2–8 electrodes). Using an xgboost architecture trained on data from eight or fewer scalp EEG channels, our gradient-boosted tree model drew from more than 300 features to predict SO class (i.e., space-time profile) with high fidelity. Leveraging the feature-based nature of our classifier, we also used the SHAP feature-importance package to isolate the biophysical properties most characteristic of each SO type. Notably, we found that large amplitudes at central electrodes distinguish Global from Frontal SOs, while large amplitudes at frontal electrodes distinguish both types from Local SOs. Finally, we obtained strong predictions using only a minimal setup – 20 features gathered from only F3-F4-C3-C4. Using as few as four leads, this interpretable, low-density EEG approach enables routine spatiotemporal classification of SOs in clinical and research settings and clarifies the biophysical signatures that distinguish them. SUPPLEMENTARY INFORMATION: The online version contains supplementary material available at 10.1007/s12021-026-09776-3.","Gaither J, White P, Mednick SC, Malerba P",,,Neuroinformatics,,2026,yes,"The paper focuses on slow oscillations (SOs) and slow wave activity (SWA) during sleep, which are directly related to states of consciousness and transitions between conscious states. Sleep is a fundamental state of consciousness, and understanding its neural signatures is crucial for consciousness research. The study explicitly investigates neural patterns during sleep, which meets this criterion.",yes,"This appears to be an empirical research article presenting a novel machine learning-based method for classifying SO patterns. It includes original research with empirical results, not just theoretical discussion or commentary.",yes,"The study directly analyzes EEG data, which is explicitly mentioned throughout the abstract. They work with both high-density (24+ electrodes) and low-density (2-8 electrodes) EEG recordings.",maybe,"While the paper uses machine learning and feature-based analysis, it's not entirely clear from the abstract whether they specifically apply complexity-family measures as defined in the criteria. They mention ""more than 300 features"" and use SHAP for feature importance, but these appear to be more traditional machine learning features rather than explicit complexity measures like entropy or information theory measures.",Include,"This study investigates neural patterns during sleep using empirical EEG data, focusing on slow oscillations and their classification through machine learning techniques. The research directly addresses consciousness-related neural states by analyzing sleep-related brain activity across different electrode densities. While the study demonstrates strong empirical neural data analysis, there is some uncertainty regarding the explicit application of complexity-family measures.",,,4.3
Safety and efficacy of percutaneous radiofrequency thermocoagulation with varying puncture trajectories for recurrent maxillary trigeminal neuralgia: a prospective study.,"BACKGROUND: Recurrence of maxillary trigeminal neuralgia (TN) poses a significant clinical challenge. Percutaneous radiofrequency thermocoagulation (PRT) has been established as an effective treatment for maxillary TN. However, the safety and efficacy of different puncture pathways, particularly in the context of pain recurrence, may vary. OBJECTIVE: This study aimed to compare the safety and efficacy of PRT via the foramen ovale (FO) and pterygopalatine fossa (PF) approaches for recurrent maxillary TN. METHODS: This prospective, non-randomized controlled study included 46 patients with recurrent maxillary TN who underwent PRT at our hospital between January 2021 and June 2021. Patients were divided into two groups based on the puncture pathway: the FO group and the PF group. All procedures were performed under local anesthesia and guided by computed tomography (CT). Operative complications were monitored, and pain was assessed using the Visual Analog Scale (VAS) and the Barrow Neurological Institute (BNI) scale. Follow-up evaluations were conducted at 6, 12, 18, and 24 months postoperatively. RESULTS: The efficacy rates of the two puncture pathways within 24 months were 69.5% (FO group) and 78.2% (PF group), respectively. All patients experienced hypoesthesia in the maxillary nerve area. No severe complications, such as blindness, intracranial hemorrhage, or intracranial infection, were observed in either group. CONCLUSION: Both the FO and PF puncture pathways for PRT are safe and effective for treating recurrent maxillary TN. However, for patients with a history of prior PRT or percutaneous balloon compression (PBC) targeting the Gasserian ganglion, the PF approach may be preferable.","Du Y, Liu X, Shi H, Liu G, Ren Y, Xi L",,,Frontiers in neurology,,2025,no,"The paper does not investigate consciousness, states of consciousness, or transitions between conscious states. It focuses on treating trigeminal neuralgia through radiofrequency thermocoagulation, which is a neural intervention but does not explicitly examine consciousness mechanisms or signatures.",yes,"The paper is an empirical research article with clear methodology and results, meeting the criteria for an eligible study type.",no,"While the study involves neural intervention, it does not analyze the specified types of empirical neural data (e.g., EEG, MEG, fMRI). The only neural measurements mentioned are clinical outcomes (pain scales and hypoesthesia), not the specified types of neural recordings.",no,"The study does not apply any of the specified complexity-family measures. The analysis focuses on clinical outcomes (VAS and BNI scales) and efficacy rates, not on complexity or information-theoretic measures of neural activity.",Exclude,"This study on trigeminal neuralgia treatment fails to meet key screening criteria related to consciousness research, lacking investigation of conscious states or neural complexity measures. While an empirical research article, the paper does not analyze specified neural data types or apply complexity-family measures, rendering it unsuitable for the systematic review.",,Other / below screening threshold,0.1
Frontal-temporal synchronization of EEG signals quantified by order patterns cross recurrence analysis during propofol anesthesia.,"Characterizing brain dynamics during anesthesia is a main current challenge in anesthesia study. Several single channel electroencephalogram (EEG)-based commercial monitors like the Bispectral index (BIS) have suggested to examine EEG signal. But, the BIS index has obtained numerous critiques. In this study, we evaluate the concentration-dependent effect of the propofol on long-range frontal-temporal synchronization of EEG signals collected from eight subjects during a controlled induction and recovery design. We used order patterns cross recurrence plot and provide an index named order pattern laminarity (OPL) to assess changes in neuronal synchronization as the mechanism forming the foundation of conscious perception. The prediction probability of 0.9 and 0.84 for OPL and BIS specified that the OPL index correlated more strongly with effect-site propofol concentration. Also, our new index makes faster reaction to transients in EEG recordings based on pharmacokinetic and pharmacodynamic model parameters and demonstrates less variability at the point of loss of consciousness (standard deviation of 0.04 for OPL compared with 0.09 for BIS index). The result show that the OPL index can estimate anesthetic state of patient more efficiently than the BIS index in lightly sedated state with more tolerant of artifacts.","Shalbaf R, Behnam H, Sleigh JW, Steyn-Ross DA, Steyn-Ross ML",,,IEEE transactions on neural systems and rehabilitation engineering : a publication of the IEEE Engineering in Medicine and Biology Society,,2015,yes,"The paper directly investigates consciousness transitions during anesthesia, specifically focusing on the loss of consciousness during propofol administration. The study explicitly examines ""neuronal synchronization as the mechanism forming the foundation of conscious perception"" and monitors transitions between conscious states.",yes,This is clearly an empirical research article with original data collection and analysis from eight subjects. It presents new experimental results and comparisons with existing measures (BIS).,yes,"The study directly analyzes EEG data, which is explicitly mentioned as one of the eligible neural recording methods. The analysis includes both frontal and temporal EEG channels, examining their synchronization patterns.",yes,"The study applies order patterns cross recurrence plot analysis and introduces a new measure (OPL - order pattern laminarity) to assess neuronal synchronization. While not explicitly listed in the examples, recurrence plot analysis is a recognized complexity measure that quantifies pattern complexity in time series data.",Include,"This empirical research study directly investigates consciousness transitions during anesthesia by analyzing EEG data using novel complexity measures, specifically examining neuronal synchronization mechanisms underlying conscious perception. The work meets all screening criteria through its quantitative analysis of neural data, focus on consciousness states, and application of advanced complexity-family measures to understand anesthetic-induced changes in brain dynamics.",,,4.9
Attention-dependent coupling between beta activities recorded in the cat's thalamic and cortical representations of the central visual field.,"We have previously proposed that enhanced 16-24 Hz (beta) local field potential activity in the primary visual cortex and lateral geniculate nucleus may be an electrophysiological correlate of the attentional mechanism that increases the gain of afferent visual information flow to the cortex. In this study, we measured coupling between beta signals recorded in the thalamic (i.e. lateral geniculate or perigeniculate) and cortical representations of the central visual field (within 5 degrees from area centralis), during visual and auditory attentive situations. Signal coupling was calculated in two ways: (i) by means of crosscorrelation between raw beta activities, which depends primarily on phase coherence, and (ii) by phase-independent crosscorrelation between amplitude envelopes of beta activities. Mean amplitudes of raw signal cross correlations obtained for thalamo-cortical recording pairs were not significantly different when calculated during behavioural demands for either visual or auditory attention. In contrast, amplitudes of envelope cross correlations obtained during behaviour requiring visual attention were, on average, two times higher than those calculated during the auditory task. This attention-related coupling emerged from synchronized amplitude modulation of beta oscillatory activity that occurs within the cortico-thalamic circuit involved in central vision.","Bekisz M, Wróbel A",,,The European journal of neuroscience,,2003,maybe,"The paper investigates attentional mechanisms and their neural correlates, specifically focusing on beta oscillations in visual attention. While attention is closely related to consciousness, the paper doesn't explicitly frame its findings in terms of consciousness or conscious states. However, the study of attentional modulation of neural activity is relevant to understanding conscious processing.",yes,This is clearly an empirical research article with original experimental data and analysis. The study includes direct measurements of neural activity and statistical analysis of the results.,yes,"The study directly analyzes empirical neural data, specifically local field potential (LFP) recordings from thalamic and cortical regions. They measure beta oscillations (16-24 Hz) and analyze cross-correlations between these signals.",no,"The study uses cross-correlation analysis between raw beta activities and amplitude envelopes, which are quantitative measures of signal coupling. However, these measures are not specifically from the complexity-family measures listed in the criteria (e.g., entropy, information theory measures, etc.). While the analysis is quantitative, it doesn't appear to use the specific types of complexity measures required by the criteria.",Include,"An empirical neuroscience study investigating neural mechanisms of visual attention through local field potential recordings, demonstrating strong alignment with neural data analysis and research methodology criteria. While the research provides insights into neural processing, it lacks specific complexity-family measures and does not explicitly frame findings within consciousness research contexts. The study meets most screening requirements but falls short of comprehensive complexity analysis.",,,2.9
Percutaneous ballon compression for recurrent TN -a retrospective study of 33 cases.,"OBJECTIVE: To investigate the clinical efficacy of percutaneous microballoon compression in the treatment of recurrent TN. METHODS: This retrospective study included 33 patients who underwent percutaneous microballoon compression for the treatment of recurrent TN from March 2019 to May 2022. Postoperative pain recurrence and facial numbness were assessed according to the Barrow Neurological Institute (BNI) pain score. Patients' anxiety and sleep status during follow-up were assessed according to the Self-rating Anxiety Scale (SAS) and Pittsburgh Sleep Quality Index (PSQI). RESULTS: All patients (33 cases) were followed up for 12-38 months, with an average follow-up time of 23 months. On postoperative day 1, 31 patients (93.9%) reported no pain, and 2 patients were given drug treatment for pain relief, The total efficacy was 93.9%. Moreover, 2 patients (6.1%) reported significant pain relief 2 weeks postoperatively. There are many complications during and after PBC. The incidence of the trigeminocardiac reflex (TCR) during surgery was 100%, and the incidence of facial numbness, masseter muscle weakness, labial herpes and headache was 97, 60.6, 12.1 and 3%. No patient experienced severe facial numbness, hearing impairment, diplopia, injury to cranial nerves, Meningitis, intracranial haemorrhage or keratitis. 1 patient had recurrence of pain at 6 months post-op, which was relieved by oral medication. 81.8% suffered from anxiety and 54.5% had poor sleep quality before surgery. After the period of PBC, SAS and PSQI scores decreased continuously. There were significant improvements in anxiety and sleep status postoperatively compared with preoperatively. CONCLUSION: PBC is a safe and effective option for the treatment of recurrent TN. The arduous and demanding nature of the clinical course subjects the patient to severe pain, mental, and physical stress. Thankfully, it significantly improves the symptoms of anxiety, depression, and sleep quality.","Feng D, Zhang Y, Li D, Wang K, Yang F, Ding J, Wu W, Wang Y, Jia H",,,Frontiers in neurology,,2023,no,"The paper does not investigate consciousness, states of consciousness, or transitions between conscious states. While it mentions sleep quality, this is assessed purely from a clinical perspective rather than in relation to consciousness mechanisms or neural signatures.",yes,"The paper is an empirical research article with clear methodology and results, meeting the criteria for an eligible study type.",no,"The study does not analyze any neural data, such as EEG, fMRI, or other neural recordings. The measurements are limited to clinical outcome measures like pain scores, anxiety scales, and sleep quality indices.",no,"The study does not apply any complexity-family measures, such as entropy, Lempel-Ziv complexity, or other specified measures. The analysis is limited to clinical outcome measures.",Exclude,"This clinical study on trigeminal neuralgia treatment fails to meet key screening criteria related to consciousness research, lacking investigation of conscious states, neural data analysis, or complexity-family measures. While an empirical research article, the paper's focus on clinical outcomes and treatment efficacy does not align with the systematic review's requirements for consciousness and neural complexity research.",,Other / below screening threshold,0.1
Catheter Embolization of an Orbital Arteriovenous Fistula in a Patient With Wyburn-Mason Syndrome.,"A 24-year-old female presented to the emergency department with swelling of the forehead and oculus sinister. A soft, compressible glabellar swelling with proptosis of the oculus sinister was noted on clinical examination. Cerebral angiography revealed a left medial orbital wall arteriovenous fistula with feeders from the left internal maxillary artery, left superficial temporal artery, and left ophthalmic artery. During the cerebral angiography, a diffuse intracranial venous anomaly and left basal ganglia arteriovenous malformations were also noted. A diagnosis of Wyburn-Mason syndrome was made, and the patient underwent catheter embolization of the orbital arteriovenous fistula. After glue embolization of the left external carotid artery feeders, the patient experienced a 50% reduction in glabellar swelling in the immediate postoperative period. Glue embolization of the left ophthalmic artery feeder was planned after six months during the follow-up period.","Vaithialingam B, Gopal S, Sohrab M",,,Cureus,,2023,no,"The paper does not investigate consciousness, states of consciousness, or transitions between conscious states. It does not explicitly interpret findings in relation to consciousness or neural signatures/mechanisms of consciousness. The focus is entirely on vascular abnormalities and their treatment.",yes,"While this is a research article, it is a single case report. However, case reports are typically considered empirical research, so this criterion is technically met, though it's not the most robust type of empirical study.",no,"The paper does not analyze any neural data. The only imaging mentioned is cerebral angiography, which is focused on vascular structures rather than neural activity or function. There is no mention of EEG, fMRI, or any other neural recording techniques.",no,The paper does not apply any complexity-family measures. The only quantitative analysis mentioned relates to the percentage reduction in swelling (50%) and does not involve any of the specified complexity measures.,Exclude,"This clinical case report fails to meet the screening criteria for consciousness research, lacking any investigation of consciousness states, neural mechanisms, or complexity measures. The paper focuses exclusively on vascular abnormalities and their treatment, without engaging with neural data or consciousness-related analyses. Consequently, the study does not qualify for inclusion based on the specified screening requirements.",,Other / below screening threshold,0.1
Analysis of fMRI Signals from Working Memory Tasks and Resting-State of Brain: Neutrosophic-Entropy-Based Clustering Algorithm.,"This study applies a neutrosophic-entropy-based clustering algorithm (NEBCA) to analyze the fMRI signals. We consider the data obtained from four different working memory tasks and the brain's resting state for the experimental purpose. Three non-overlapping clusters of data related to temporal brain activity are determined and statistically analyzed. Moreover, we used the Uniform Manifold Approximation and Projection (UMAP) method to reduce system dimensionality and present the effectiveness of NEBCA. The results show that using NEBCA, we are able to distinguish between different working memory tasks and resting-state and identify subtle differences in the related activity of brain regions. By analyzing the statistical properties of the entropy inside the clusters, the various regions of interest (ROIs), according to Automated Anatomical Labeling (AAL) atlas crucial for clustering procedure, are determined. The inferior occipital gyrus is established as an important brain region in distinguishing the resting state from the tasks. Moreover, the inferior occipital gyrus and superior parietal lobule are identified as necessary to correct the data discrimination related to the different memory tasks. We verified the statistical significance of the results through the two-sample t-test and analysis of surrogates performed by randomization of the cluster elements. The presented methodology is also appropriate to determine the influence of time of day on brain activity patterns. The differences between working memory tasks and resting-state in the morning are related to a lower index of small-worldness and sleep inertia in the first hours after waking. We also compared the performance of NEBCA to two existing algorithms, KMCA and FKMCA. We showed the advantage of the NEBCA over these algorithms that could not effectively accumulate fMRI signals with higher variability.","Singh P, Wa Torek M, Ceglarek A, Fąfrowicz M, Lewandowska K, Marek T, Sikora-Wachowicz B, Oświȩcimka P",,,International journal of neural systems,,2022,maybe,"The paper focuses on working memory tasks and resting state, which are conscious states, but does not explicitly investigate consciousness or its mechanisms. While working memory and resting state are related to conscious processing, the paper appears to be primarily focused on developing and applying a clustering algorithm (NEBCA) to analyze fMRI signals, rather than investigating consciousness itself. The connection to consciousness is indirect at best.",yes,"The paper is clearly an empirical research article that presents original analysis of fMRI data. It includes statistical analysis, comparison with other algorithms, and presents concrete results.",yes,"The study explicitly analyzes empirical neural data in the form of fMRI signals, including both task-based and resting-state data.",maybe,"The study uses entropy-based measures and analyzes statistical properties of entropy within clusters. While entropy is a complexity-family measure, it appears to be used primarily as part of the clustering algorithm rather than as a primary analysis tool for understanding neural complexity or consciousness. The focus seems to be on the clustering methodology itself rather than the application of complexity measures to understand neural dynamics.",Include,"The study presents an empirical research article analyzing fMRI signals using a novel clustering algorithm, with clear application of neural data and some complexity measures. However, the research lacks a direct focus on consciousness mechanisms, and the complexity measures are primarily methodological tools rather than primary investigative approaches. While meeting some screening criteria, the paper's indirect connection to consciousness research limits its alignment with the core screening requirements.",,,2.9
11 cm Haughton D left cervical aortic arch aneurysm.,"A 56 year old Caucasian man presented with sudden loss of consciousness while driving and was found to have an 11 cm Haughton D type left cervical aortic arch aneurysm with normal brachiocephalic branching and normal descending thoracic laterality but with considerable tortuosity and redundancy of aortic arch. The aneurysm arose between the left common carotid artery and the left subclavian artery. It compressed and stretched the left common carotid artery, compressed the pulmonary trunk and the left pulmonary artery, stretched the vagus, left recurrent laryngeal and left phrenic nerves and caused extreme deviation of trachea, severely compromising the tracheal lumen. Patient underwent successful interposition graft replacement of distal aortic arch under total circulatory arrest and selective unihemispherical cerebral perfusion.",Kaul P,,,Journal of cardiothoracic surgery,,2013,no,"The paper describes a case of sudden loss of consciousness, but this appears to be a clinical case report of a vascular condition (aortic arch aneurysm) rather than a research study investigating consciousness or its neural mechanisms. The loss of consciousness is presented as a symptom rather than the subject of investigation.",no,"This appears to be a clinical case report, which is not one of the eligible study types listed in the criteria. It is neither an empirical research article with controlled conditions, nor a systematic review or meta-analysis.",no,"The abstract shows no evidence of analyzing any neural data. The focus is entirely on anatomical and surgical aspects of the aortic arch aneurysm and its treatment. There is no mention of EEG, fMRI, or any other neural recording techniques.",no,"There is no indication that any complexity-family measures were applied. The paper appears to be purely clinical in nature, focusing on anatomical description and surgical intervention.",Exclude,"This clinical case report fails to meet any of the specified screening criteria for consciousness research, lacking empirical neural data analysis, complexity measures, or systematic investigation of consciousness. The paper is a straightforward medical case description of an aortic arch aneurysm, completely unrelated to the research focus on neural mechanisms and consciousness.",,Other / below screening threshold,0.1
Inference on Long-Range Temporal Correlations in Human EEG Data.,"Detrended Fluctuation Analysis (DFA) is a statistical estimation algorithm used to assess long-range temporal dependence in neural time series. The algorithm produces a single number, the DFA exponent, that reflects the strength of long-range temporal correlations in the data. No methods have been developed to generate confidence intervals for the DFA exponent for a single time series segment. Thus, we present a statistical measure of uncertainty for the DFA exponent in electroencephalographic (EEG) data via application of a moving-block bootstrap (MBB). We tested the effect of three data characteristics on the DFA exponent: (1) time series length, (2) the presence of artifacts, and (3) the presence of discontinuities. We found that signal lengths of ∼5 minutes produced stable measurements of the DFA exponent and that the presence of artifacts positively biased DFA exponent distributions. In comparison, the impact of discontinuities was small, even those associated with artifact removal. We show that it is possible to combine a moving block bootstrap with DFA to obtain an accurate estimate of the DFA exponent as well as its associated confidence intervals in both simulated data and human EEG data. We applied the proposed method to human EEG data to (1) calculate a time-varying estimate of long-range temporal dependence during a sleep-wake cycle of a healthy infant and (2) compare pre- and post-treatment EEG data within individual subjects with pediatric epilepsy. Our proposed method enables dynamic tracking of the DFA exponent across the entire recording period and permits within-subject comparisons, expanding the utility of the DFA algorithm by providing a measure of certainty and formal tests of statistical significance for the estimation of long-range temporal dependence in neural data.","Smith RJ, Ombao HC, Shrey DW, Lopour BA",,,IEEE journal of biomedical and health informatics,,2020,maybe,"The paper focuses on analyzing EEG data during sleep-wake cycles and in epilepsy patients, which are states of consciousness. However, the paper appears to be primarily methodological, focusing on developing statistical methods for DFA analysis rather than explicitly investigating consciousness or its neural mechanisms. The application to sleep-wake transitions and epilepsy provides some relevance to consciousness research, but the paper's primary focus is not on consciousness.",yes,"This is clearly an empirical research article that presents novel methodological developments and applies them to real EEG data. It includes both simulated and actual human data analysis, meeting this criterion fully.",yes,"The paper directly analyzes EEG data from human subjects, including both healthy infants and pediatric epilepsy patients. The focus is specifically on neural time series analysis.",yes,"The paper focuses on Detrended Fluctuation Analysis (DFA), which is a quantitative measure of temporal complexity and long-range correlations in time series data. This clearly falls within the complexity-family measures specified in the criteria. The paper not only applies DFA but also develops new statistical methods for its application to neural data.",Include,"This empirical research article applies quantitative complexity measures to neural data, specifically using Detrended Fluctuation Analysis on EEG recordings from infants and epilepsy patients. While primarily methodological, the study's focus on sleep-wake cycles and neurological conditions provides indirect relevance to consciousness research. The paper meets most screening criteria through its rigorous analysis of neural time series data and development of statistical methods for complexity measurement.",,,4.3
Cardiac autonomic responses to nociceptive stimuli in patients with chronic disorders of consciousness.,"OBJECTIVES: Patients with chronic disorders of consciousness (DOC) may show alterations of autonomic function; however, in this clinical population, no data are available on the specific effects of nociceptive stimuli on cardiac autonomic control. Thus, we aimed at investigating the effects of a noxious stimulation on heart rate variability (HRV) in a population of patients with chronic DOC, taking into account different states of consciousness (vegetative state/unresponsive wakefulness syndrome, VS/UWS and minimally conscious state, MCS). METHODS: We enrolled twenty-four DOC patients (VS/UWS, n = 12 and MCS, n = 12). ECG and respiration were recorded during baseline, immediately after the nociceptive stimulus and, finally, during the recovery period. Linear and nonlinear HRV measures were used to evaluate the cardiac autonomic control. RESULTS: In DOC patients, nonlinear HRV analysis showed that nociceptive stimuli are able to elicit a change of autonomic function characterized by an increased sympathetic and a reduced vagal modulation. A significant reduction of autonomic complexity has also been detected. More interestingly, VS/UWS patients showed a less complex dynamics compared to MCS patients. CONCLUSIONS: Cardiac autonomic responses are able to significantly differentiate the autonomic function between VS/UWS and MCS patients. SIGNIFICANCE: Nonlinear HRV analysis may represent a useful tool to characterize the cardiac autonomic responses to nociceptive stimuli in a chronic DOC population.","Tobaldini E, Toschi-Dias E, Trimarchi PD, Brena N, Comanducci A, Casarotto S, Montano N, Devalle G",,,Clinical neurophysiology : official journal of the International Federation of Clinical Neurophysiology,,2018,yes,"The paper directly investigates disorders of consciousness (DOC), specifically comparing vegetative state/unresponsive wakefulness syndrome (VS/UWS) and minimally conscious state (MCS). This is explicitly within the scope of consciousness research, particularly focusing on different states of consciousness.",yes,This is clearly an empirical research article with original data collection and analysis. The study enrolled 24 patients and conducted specific measurements and analyses.,maybe,"The study uses ECG and respiration recordings, which are physiological measurements. While these are empirical data, they are not strictly neural data as specified in the criteria (EEG, MEG, fMRI, etc.). However, the measurements are related to autonomic function which is closely linked to neural activity.",yes,"The study explicitly uses ""nonlinear HRV analysis"" and mentions ""autonomic complexity"" measures. While the specific complexity measures aren't detailed in the abstract, the use of nonlinear analysis and complexity measures as primary analyses is clear.",Include,"This empirical research study investigates disorders of consciousness by analyzing autonomic responses across different consciousness states, utilizing nonlinear complexity measures to differentiate vegetative and minimally conscious states. While the study uses physiological rather than direct neural recordings, it applies quantitative complexity-family measures to explore consciousness-related physiological dynamics. The research provides a nuanced approach to understanding consciousness through systematic analysis of autonomic function and complexity.",,,4.6
[Critical care management of intracerebral hemorrhage].,"BACKGROUND: Intracerebral hemorrhage accounts for up to 20 % percent of all ischemic strokes. In addition to a higher mortality, they are often associated with severe neurological impairment for those affected. OBJECTIVES: Review of the current literature and guidelines addressing the critical care management of spontaneous intracerebral hemorrhage, including treatments to reduce primary and secondary neurological damage. RESULTS: Acute blood pressure lowering to less than 140 mmHg should be aspired immediately after intensive care admission. During the following days blood pressure variability should be minimized. Preexisting oral anticoagulation should be immediately reversed, while hemostatic therapy not associated with reversal of antithrombotic therapy should not be applied. Surgery for patients with impaired consciousness should be discussed. Use of pneumatic compression in immobile patients is recommended. Developing intracranial hypertension should be treated with combined physical and pharmacological measures in a stepwise approach. Administration of glucocorticoids is currently not recommended. CONCLUSIONS: Critical care management of spontaneous hemorrhage demands a multimodal, graded approach for reduction of both primary and secondary neurological damage.",Huge V,10.1007/s00063-016-0154-z,https://doi.org/10.1007/s00063-016-0154-z,"Medizinische Klinik, Intensivmedizin und Notfallmedizin",,2018,no,"The paper mentions ""impaired consciousness"" in the context of surgical decisions, but this is not the primary focus of the study. The paper is primarily about critical care management of intracerebral hemorrhage, and while consciousness is mentioned, it's not studied as a primary phenomenon or in relation to neural mechanisms of consciousness. The paper doesn't investigate states of consciousness or transitions between them.",yes,"This appears to be a systematic review of clinical guidelines and literature, which is an eligible study type. However, the review focuses on clinical management rather than empirical research on consciousness or neural mechanisms.",no,"The paper does not appear to analyze any empirical neural data. It focuses on clinical management strategies including blood pressure control, anticoagulation reversal, and surgical interventions. There is no mention of EEG, fMRI, or any other neural recording methods.",no,The paper does not apply or review any complexity-family measures. The analysis appears to be focused on clinical outcomes and management strategies rather than quantitative neural complexity measures.,Exclude,"This systematic review on intracerebral hemorrhage management fails to meet key screening criteria related to consciousness research, neural data analysis, and complexity measures. While the paper is a systematic review, it lacks focus on consciousness mechanisms, does not analyze empirical neural data, and does not apply complexity-family measures. The incidental mention of consciousness in surgical decision-making is insufficient to qualify the study for inclusion.",,Other / below screening threshold,0.1
Catastrophic and Critical Intraoperative Events during Pediatric Craniofacial Surgery.,"UNLABELLED: Pediatric craniofacial surgery performed in tertiary care centers by dedicated teams is associated with high levels of safety and low rates of mortality. However, catastrophic and life-threatening events may occur as a result of surgical management of these complex patients. This study reviewed the incidence and acute outcomes of catastrophic and critical events during craniofacial surgery at a single high-volume center. METHODS: The data reviewed included the operative procedures of two senior craniofacial surgeons over an 18-year period at a tertiary care pediatric craniofacial center. Catastrophic or critical intraoperative events were defined as events requiring the activation of an emergency code during surgery. The operative details and acute outcomes were reviewed and analyzed. RESULTS: This study reviewed 7214 procedures performed between January 2002 and January 2019. There were 2072 (29%) cases classified as major craniofacial procedures (transcranial, mixed trans-and-extracranial, or major extracranial facial osteotomies), and code events occurred in 14 cases (0.67%; one in 148 patients): venous air embolism (n = 4), cardiac complications (n = 3), major hemorrhage (n = 3), trigeminocardiac reflex (n = 2), acute intracranial hypertension (n = 1), and acute airway obstruction (n = 1). Two cases (14%) experienced a critical event that was anesthesia-related. Cardiac arrest requiring compressions and/or defibrillation was necessary for eight patients. There were no mortalities. Surgery was curtailed in seven cases and successfully completed in seven patients. CONCLUSIONS: Catastrophic life-threatening events during pediatric craniofacial surgery are, fortunately, rare. In our institution, experienced teams in the management of catastrophic and critical intraoperative events during major pediatric craniofacial procedures resulted in no mortalities.","Kennedy D, Novak CB, Phillips JH, Der T, Forrest CR",,,Plastic and reconstructive surgery. Global open,,2023,no,"The paper does not investigate consciousness, states of consciousness, or transitions between conscious states as its primary focus. While it mentions anesthesia-related events, these are discussed purely from a clinical safety perspective rather than in relation to consciousness mechanisms or neural signatures.",yes,"The paper is an empirical research article reviewing surgical outcomes over an 18-year period, and it presents original empirical data and analysis.",no,"The study does not analyze any neural data. While it discusses surgical complications including some neurological events, it does not collect or analyze any neural recordings (EEG, MEG, fMRI, etc.).",no,"The paper does not apply any complexity-family measures. The analysis is purely clinical, focusing on counting and categorizing surgical complications and outcomes.",Exclude,"This clinical surgical outcomes study fails to meet key screening criteria related to consciousness research, lacking investigation of conscious states, neural data analysis, or complexity-family measures. While an empirical research article, the paper focuses exclusively on pediatric craniofacial surgical complications without engaging with neural mechanisms or consciousness-related research questions.",,Other / below screening threshold,0.1
STSNet: a novel spatio-temporal-spectral network for subject-independent EEG-based emotion recognition.,"How to use the characteristics of EEG signals to obtain more complementary and discriminative data representation is an issue in EEG-based emotion recognition. Many studies have tried spatio-temporal or spatio-spectral feature fusion to obtain higher-level representations of EEG data. However, these studies ignored the complementarity between spatial, temporal and spectral domains of EEG signals, thus limiting the classification ability of models. This study proposed an end-to-end network based on ManifoldNet and BiLSTM networks, named STSNet. The STSNet first constructed a 4-D spatio-temporal-spectral data representation and a spatio-temporal data representation based on EEG signals in manifold space. After that, they were fed into the ManifoldNet network and the BiLSTM network respectively to calculate higher-level features and achieve spatio-temporal-spectral feature fusion. Finally, extensive comparative experiments were performed on two public datasets, DEAP and DREAMER, using the subject-independent leave-one-subject-out cross-validation strategy. On the DEAP dataset, the average accuracy of the valence and arousal are 69.38% and 71.88%, respectively; on the DREAMER dataset, the average accuracy of the valence and arousal are 78.26% and 82.37%, respectively. Experimental results show that the STSNet model has good emotion recognition performance.","Li R, Ren C, Zhang S, Yang Y, Zhao Q, Hou K, Yuan W, Zhang X, Hu B",,,Health information science and systems,,2023,no,"The paper focuses on emotion recognition using EEG signals, but does not explicitly investigate consciousness or states of consciousness. While emotions are related to conscious experience, the paper appears to be primarily focused on developing a machine learning approach for emotion classification rather than investigating consciousness mechanisms or neural signatures of consciousness. The paper does not explicitly interpret findings in relation to consciousness.",yes,The paper is clearly an empirical research article that presents original research with experimental results and validation on public datasets.,yes,The study uses EEG data from two public datasets (DEAP and DREAMER) and analyzes this neural data using machine learning approaches.,no,"While the paper uses various analytical approaches (ManifoldNet and BiLSTM networks), it does not appear to apply any of the specified complexity-family measures. The analysis focuses on spatio-temporal-spectral feature fusion and classification rather than complexity or information-theoretic measures of neural signals.",Include,"This empirical research article uses EEG data for emotion recognition, meeting criteria for study type and neural data application. However, it lacks explicit investigation of consciousness and does not apply complexity-family measures, which disqualifies it from meeting the full screening requirements. The paper's focus on machine learning classification of emotions, while methodologically sound, does not align with the specific research context of consciousness studies.",,,2.5
Loss of brainstem acoustic evoked potentials with spontaneous breathing in a patient with supratentorial lesion.,"The loss of brainstem acoustic evoked potentials (BAEP) is considered as a confirmatory test for the diagnosis of brain death in patients with supratentorial lesions. We report a patient with ischemia in the territory of the left middle and anterior cerebral artery, who showed a loss of BAEP waves III-V as a sign of brainstem compression, but maintained spontaneous breathing and EEG activities. We conclude that occasionally BAEP may provide misleading results in the diagnosis of brain death.","Biniek R, Ferbert A, Buchner H, Brückmann H",,,European neurology,,1990,no,"The paper discusses brain death and brainstem function, which are related to states of consciousness. However, it doesn't explicitly investigate consciousness or transitions between conscious states. The focus is more on clinical diagnosis using BAEP and EEG. While brain death is a state of consciousness, the paper's primary aim isn't to study consciousness mechanisms or signatures.",yes,"This appears to be an empirical research article reporting a clinical case study with actual measurements (BAEP and EEG). It meets this criterion as it presents empirical data, though it's a single case report.",yes,"The study does analyze empirical neural data, specifically brainstem acoustic evoked potentials (BAEP) and EEG activities.",no,"The abstract doesn't mention any complexity-family measures. The analysis appears to be focused on the presence/absence of BAEP waves and basic EEG activity, rather than applying any of the specified complexity measures.",Include,"A clinical case report examining brainstem acoustic evoked potentials and EEG in a patient with cerebral ischemia, which provides empirical neural data but lacks explicit consciousness research focus and quantitative complexity-family measures. While the study involves neural measurements, it does not meet key screening criteria related to consciousness investigation and advanced analytical techniques.",,,2.5
Effects of propofol on high-density EEG in disorders of consciousness: An exploratory study of patient-specific neurophysiological modulation.,"INTRODUCTION: This exploratory study examined the lingering effects of a short propofol sedation using high-density electroencephalography (hd-EEG) in brain-injured patients in disorders of consciousness (DoC). Since the sedative zolpidem can induce paradoxical arousal in 5-10% of this population, we hypothesized that propofol, sharing the GABA-A receptor agonist structure, might produce similar effects after the sedation period. METHODOLOGY: Nineteen non-sedated patients following severe brain injury (47.2 ± 19.1 years; 12 females) were included, encompassing diverse etiologies (traumatic, ischemic-hypoxic, hemorrhagic, stroke), diagnoses (3 coma, 14 unresponsive wakefulness syndrome [UWS], 2 minimally conscious state [MCS]), and recovery stages. Hd-EEG was recorded before and after sedation to assess spectral (relative power, spectral ratios, ABCD classification) and connectivity (weighted phase lag index, graph theoretical properties) features. Marker changes were classified as 'positive' or 'negative' based on prior associations with higher levels of consciousness in sleep, anesthesia, and DoC studies. RESULTS: Most patients exhibited significant changes in spectral and connectivity markers; however, the direction of change varied across markers within individuals, suggesting that no individual marker suffices to capture the brain's response. Distinct effect profiles emerged. Marker values did not correlate with time since injury, time since sedation cessation, sedation duration, age, or Coma Recovery Scale-Revised (CRS-R) score. CONCLUSION: Although several factors limit interpretation (heterogeneity of our patient population, phase post-injury, sedation duration), this proof-of-concept work allows exploration of propofol's effects across diverse brain injury profiles. Interestingly, propofol appears to have patient-specific electrophysiological effects and enhances spectral and functional dynamics in select DoC patients. Further work is needed to identify characteristics shared by patients who exhibit seemingly positive responses.","Girard Pepin R, Jutras R, Lahaie L, Bazregarzadeh H, Martin A, Maschke C, Badawy M, Létourneau J, Plourde G, Briand MM, Bernard F, Blain-Moraes S, Duclos C",,,NeuroImage,,2026,yes,"The study directly investigates consciousness in patients with disorders of consciousness (DoC), including coma, unresponsive wakefulness syndrome (UWS), and minimally conscious state (MCS). It explicitly examines neural signatures related to consciousness states and transitions, particularly focusing on the effects of propofol sedation on consciousness-related brain activity.",yes,This is clearly an empirical research article with original data collection and analysis. The study includes 19 patients and presents specific methodological details and results from the analysis of their neural data.,yes,"The study uses high-density EEG (hd-EEG) recordings, which is explicitly mentioned as one of the acceptable neural recording methods. They analyze both spectral features and connectivity measures from these recordings.",yes,"The study applies multiple quantitative measures including spectral analysis (relative power, spectral ratios), connectivity measures (weighted phase lag index), and graph theoretical properties. These are quantitative complexity-family measures used as primary analyses to understand the neural dynamics related to consciousness.",Include,"This empirical research study comprehensively investigates consciousness in brain-injured patients using high-density EEG, applying multiple quantitative complexity measures to analyze neural dynamics across different states of consciousness. The work systematically examines spectral and connectivity features in disorders of consciousness, employing sophisticated neural recording and analysis techniques to explore propofol's effects on brain activity. By directly addressing consciousness research through empirical neural data analysis, the study meets all key screening criteria with robust methodological rigor.",,,4.9
[Extra- and intracranial injuries of the cerebral arteries as a sequela of assault].,"The case of an 47-year-old man is reported, who was injured in a fight while under the influence of alcohol. The culprit knocked him down and stamped several times on the left side of his head. The victim became unconscious. At the hospital, subarachnoid hemorrhage and massive ventricular bleeding was diagnosed via CT. Despite the implantation of a ventricular shunt, there was repeated massive cerebral pressure and arterial bleeding. Brain death occurred after 8 days. The main finding at autopsy was nearly complete disruption of the left inferior posterior cerebellar artery as the source of the lethal bleeding. The histological examination showed some additional, incomplete ruptures of this vessel and of the left intracranial vertebral artery. This is a typical result of ""minor head injuries"" sustained in fights: arterial rupture (ipsilateral) as a result of overstretching. Fracture of the left zygomatic arch and maxilla; no skull fracture; no primary traumatic brain damage. The extracranial carotid arteries were intact. When the vertebral arteries were examined (in the undamaged cervical spine), there was a surprising finding: distant dissection of the right vertebral artery between C1 and C2, which perhaps occurred as a result of compression (contralateral to the impact) of this region.",Maxeiner H,,,Zeitschrift fur Rechtsmedizin. Journal of legal medicine,,1989,no,"The paper describes a case of head injury leading to unconsciousness and brain death, but does not investigate consciousness or its mechanisms. While unconsciousness is mentioned, it's purely as a clinical outcome rather than a subject of investigation. The paper focuses on vascular injury and trauma rather than consciousness research.",maybe,"This appears to be a case report, which is an empirical research article. However, it's a single clinical case description without systematic analysis or review components. While case reports are technically empirical, they typically don't provide the kind of systematic evidence sought in systematic reviews.",no,"The paper does not analyze any neural data. The only measurements mentioned are CT scans and autopsy findings, which are anatomical rather than neural recordings. There is no EEG, fMRI, or other neural data analysis.",no,"The paper does not apply any complexity-family measures. The analysis is purely descriptive and anatomical, focusing on vascular damage and structural findings.",Exclude,"This case report of a head injury fails to meet the screening criteria for consciousness research, lacking any investigation of consciousness mechanisms, neural data analysis, or complexity measures. The paper is a purely clinical description of vascular trauma without empirical neural research components, rendering it irrelevant for systematic review inclusion.",,Other / below screening threshold,0.1
Breast Cancer With Airway Edema Caused by Metastatic Fracture of the Cervical Vertebra.,"Bone is a common site of breast cancer metastasis, with the spine showing a particularly high affinity. An 83-year-old Japanese woman with Alzheimer's disease presented with a palpable mass in her left breast. A needle biopsy revealed invasive ductal carcinoma of the breast, hormone receptor-positive, human epidermal growth factor receptor 2 (HER2)-negative, with lymph node metastasis. Chest dynamic computed tomography showed no distant metastases. She was diagnosed with luminal-type, stage IIB (T2N1M0) breast cancer and underwent surgery. During induction of general anesthesia, intubation was difficult due to airway edema, necessitating bronchoscopy. The day after surgery, she reported neck pain, and radiography revealed a compression fracture of the third cervical vertebra. Magnetic resonance imaging confirmed a metastatic lesion in the third cervical vertebra. Postoperatively, she received endocrine therapy with letrozole, radiation therapy with zoledronic acid, and a cervical collar for cervical metastases. Seven months later, the osteolytic lesion calcified, and her pain improved. This case is unique because solitary cervical vertebral metastases from breast cancer, leading to compression fractures and airway edema, are rare. The case highlights the importance of considering cervical metastases in patients with breast cancer who develop airway difficulties or unexplained neck pain, particularly in the perioperative setting. Early recognition and intervention are crucial for preventing complications and optimizing patient outcomes.","Suzuki D, Oshi M, Nishikawa A, Kawashima K, Sasamoto M, Shibata Y, Adachi S, Narui K, Takase H, Yamada A, Fujii S, Endo I",,,World journal of oncology,,2025,no,"The paper does not investigate consciousness or states of consciousness. While it mentions general anesthesia during surgery, this is only in passing and not studied as a research focus. The paper is primarily a clinical case report about breast cancer metastasis to the spine, and there is no explicit interpretation of findings in relation to consciousness or neural mechanisms.",no,"This appears to be a clinical case report, which is not one of the eligible study types listed in the criteria. It is not an empirical research article with controlled conditions, systematic review, or meta-analysis. It's a single patient observation with clinical findings.",no,"The paper does not analyze any neural data. While the patient has Alzheimer's disease, no neural recordings or measurements are discussed. The only imaging mentioned is CT and MRI, which are used for structural assessment of cancer metastases, not neural activity.",no,"There is no application of complexity-family measures in this paper. The analysis is purely clinical and radiological, focusing on cancer progression and treatment outcomes.",Exclude,"This clinical case report about breast cancer metastasis fails to meet any of the specified screening criteria related to consciousness research. The paper lacks empirical neural data analysis, does not investigate consciousness states, and does not apply complexity-family measures, rendering it ineligible for the intended research focus.",,Other / below screening threshold,0.1
Comparison of the properties of EEG spindles in sleep and propofol anesthesia.,"Electroencephalogram spindle patterns corresponding to two different phenomena-natural sleep and propofol anesthesia-are compared. The spindles are extracted from 5 overnight sleep recordings and 10 recordings of deep propofol anesthesia. Mean frequency, angle of the trend in instant frequency as well as 3 nonlinear parameters-spectral entropy, approximate entropy, and Higuchi fractal dimension- are calculated to characterize the spindle waveforms. Using the Wilcoxon rank sum test with significance level of 0.01, all the mentioned features, except approximate entropy, differ significantly for the two types of EEG spindles.","Ferenets R, Lipping T, Suominen P, Turunen J, Puumala P, Jäntti V, Himanen SL, Huotari AM",,,Conference proceedings : ... Annual International Conference of the IEEE Engineering in Medicine and Biology Society. IEEE Engineering in Medicine and Biology Society. Annual Conference,,2006,yes,"The paper directly investigates states of consciousness by comparing EEG patterns between natural sleep and propofol anesthesia, which are both altered states of consciousness. This clearly meets the criterion as it explicitly studies transitions between conscious states and their neural signatures.",yes,"This appears to be an empirical research article analyzing actual EEG data from 15 recordings (5 sleep + 10 anesthesia). The statistical analysis and results are clearly presented, meeting the criterion.",yes,"The study directly analyzes EEG data, which is explicitly mentioned as an eligible neural recording method in the criteria. The analysis includes both linear (frequency) and nonlinear parameters, clearly meeting the criterion.",yes,"The study applies multiple complexity-family measures: spectral entropy, approximate entropy, and Higuchi fractal dimension. These are all quantitative complexity measures that fall within the specified examples in the criterion. The study uses these measures as primary analyses to compare spindle patterns between conditions.",Include,"This empirical research study investigates consciousness states through EEG analysis of sleep and propofol anesthesia, utilizing multiple quantitative complexity measures like spectral entropy and fractal dimension. The work systematically compares neural patterns across different conscious states, employing rigorous statistical methods to analyze empirical neural data and complexity-family measures.",,,4.9
Towards the development of a management protocol for subjective cognitive decline: Insights from a cross-sectional and longitudinal analysis of multimodal data from a memory clinic.,"BackgroundSubjective cognitive decline (SCD) represents the first early symptomatic stage of Alzheimer's disease (AD).ObjectiveWe aimed to investigate the relationships between features in SCD and to assess the importance of these features in the future development of dementia to inform a targeted management protocol.Methods440 SCD patients underwent neurological and neuropsychological assessments, MRI scans, APOE genotyping, and AD biomarker evaluations. Patients were followed for a median of 10 years. Relationships among features were first assessed univariately, focusing on differences across stratified subgroups. To capture multivariate associations, we applied network analysis using a Markov Random Field. Finally, baseline features were related to dementia progression using an XGboost machine learning model.ResultsWomen comprising 68.9% of the cohort, were generally younger at onset, had lower APOE ε4 prevalence, and differed in neuropsychological performance compared to men. Older patients (age >60) exhibited a higher prevalence of APOE ε4 and cerebral small vessel disease. Patients with depressive symptoms demonstrated lower cognitive performance across multiple domains. Network analysis indicated complex interconnections among gender, cognitive reserve, SCD severity, and depressive symptoms. The XGboost model achieved 74% accuracy in predicting progression to dementia, identifying age at onset, mini-mental state examination scores, and APOE genotype as the most predictive factors.ConclusionsThis study highlights the role of age, gender, APOE genotype, and depressive symptoms in the presentation and progression of cognitive decline. By identifying key predictive features, we propose a personalized management protocol aimed at optimizing care for individuals with SCD.Trial registration number: NCT05569083, registration date: 2019-05-30.","Mazzeo S, Lassi M, Padiglioni S, Vergani AA, Moschini V, Scarpino M, Giacomucci G, Burali R, Morinelli C, Fabbiani C, Galdo G, Amato LG, Bagnoli S, Emiliani F, Ingannato A, Nacmias B, Sorbi S, Grippo A, Mazzoni A, Bessi V",,,Journal of Alzheimer's disease : JAD,,2026,no,"The paper does not explicitly investigate consciousness, states of consciousness, or transitions between conscious states. The focus is on cognitive performance and progression to dementia, not consciousness per se.",yes,"This is clearly an empirical research article with a large cohort and longitudinal follow-up, including original data collection and analysis.",no,"The study includes MRI scans, but there's no clear indication that they analyzed neural activity data (EEG, MEG, fMRI/BOLD, etc.). The MRI appears to be used for structural assessment rather than functional neural data analysis.",no,"While the study uses sophisticated analytical methods (network analysis, Markov Random Field, XGboost machine learning), these are not specifically complexity-family measures as defined in the criteria. The analysis focuses on predictive modeling and network relationships between clinical variables rather than applying complexity measures to neural data.",Exclude,"This research on subjective cognitive decline and Alzheimer's disease progression does not meet the screening criteria for consciousness research, as it lacks explicit investigation of consciousness states or transitions. The study fails to apply complexity-family measures to neural data and does not focus on neural mechanisms of consciousness, despite being a rigorous empirical research article.",,Other / below screening threshold,1.4
Epidermal cyst protruding from the occipital region of the scalp: a case report.,"INTRODUCTION AND IMPORTANCE: Epidermal cysts are the most common subcutaneous tumor typically observed on the scalp, face, neck, back, or trunk. Epidermal cysts conventionally range in size from 1 to 5 cm, with sizes greater than 5 cm rarely reported. CASE PRESENTATION: Here, we present a case of a 58-year-old female housewife who presented to our surgery outpatient department (OPD) with a history of a mass in the left occipital region. The mass was first noticed 3 years back and was small and associated with mild itching. The mass progressively increased in size over the course of 3 years. Her present complaint was a painful mass associated with itching, headache, and pus discharge when compressed. The pain was relieved by taking medication. CLINICAL DISCUSSION: The epidermal cyst was confirmed on biopsy, and subsequent excision of the cyst was done under general anesthesia; the occipital bone was eroded by the inferior part of the cyst - reconstruction of scalp defect done by rotational scalp flap. CONCLUSION: Epidermal cysts, being a slow-growing benign tumor, can pose diagnostic difficulties, especially when located in the scalp area. In addition to that, when cranial bones and intracranial structures are affected by the cyst, they can even lead to complications and interventional difficulties.","Dahal A, Gupta RK, Malla JJ, Koirala D, Baniya A",,,Annals of medicine and surgery (2012),,2023,no,"The paper does not investigate consciousness, states of consciousness, or transitions between conscious states. It does not explicitly interpret findings in relation to consciousness or neural signatures/mechanisms of consciousness. The paper focuses entirely on a dermatological condition and its surgical management.",no,"While this is an empirical research article (a case report), it is not the type of empirical research relevant to the systematic review's focus. Case reports are typically considered lower-level evidence and this one does not contain the type of empirical data relevant to consciousness research.",no,"The paper does not analyze any neural data. While it mentions the occipital region and intracranial structures, these are only in the context of anatomical location and surgical complications. There are no neural recordings or analyses of any kind.",no,The paper does not apply any complexity-family measures. The only measurements mentioned are clinical observations and anatomical descriptions. There is no quantitative analysis of the type specified in the criteria.,Exclude,"This clinical case report about an epidermal cyst fails to meet any of the specified screening criteria for consciousness research. The paper contains no investigation of consciousness, neural data analysis, or complexity-family measures, and is fundamentally a dermatological case study unrelated to the systematic review's focus.",,Other / below screening threshold,0.1
ERP markers of action planning and outcome monitoring in human - robot interaction.,"The present study aimed to examine event-related potentials (ERPs) of action planning and outcome monitoring in human-robot interaction. To this end, participants were instructed to perform costly actions (i.e. losing points) to stop a balloon from inflating and to prevent its explosion. They performed the task alone (individual condition) or with a robot (joint condition). Similar to findings from human-human interactions, results showed that action planning was affected by the presence of another agent, robot in this case. Specifically, the early readiness potential (eRP) amplitude was larger in the joint, than in the individual, condition. The presence of the robot affected also outcome perception and monitoring. Our results showed that the P1/N1 complex was suppressed in the joint, compared to the individual condition when the worst outcome was expected, suggesting that the presence of the robot affects attention allocation to negative outcomes of one's own actions. Similarly, results also showed that larger losses elicited smaller feedback-related negativity (FRN) in the joint than in the individual condition. Taken together, our results indicate that the social presence of a robot may influence the way we plan our actions and also the way we monitor their consequences. Implications of the study for the human-robot interaction field are discussed.","Hinz NA, Ciardo F, Wykowska A",,,Acta psychologica,,2021,maybe,"The paper focuses on action planning and outcome monitoring in human-robot interaction, examining ERP components (eRP, P1/N1, FRN). While these are neural correlates of conscious processes (action planning and outcome monitoring), the study doesn't explicitly frame its findings in terms of consciousness or neural mechanisms of consciousness. The focus is more on social cognition and interaction effects.",yes,This is clearly an empirical research article with original data collection and analysis. The study includes experimental conditions and quantitative analysis of ERP data.,yes,"The study uses ERP (event-related potentials), which is a form of EEG recording. This is a valid form of empirical neural data analysis.",no,"The abstract doesn't mention any complexity-family measures. The analysis appears to focus on traditional ERP component analysis (amplitude and timing of specific components) rather than complexity measures like entropy, information theory, or other specified measures in the criteria.",Include,"The study employs empirical neural data through ERP analysis in a human-robot interaction context, demonstrating clear experimental methodology. While the research involves conscious processes like action planning and outcome monitoring, it lacks explicit consciousness research framing and does not apply complexity-family measures. Consequently, the paper only partially meets the comprehensive screening criteria.",,,2.5
Detecting the signature of reticulothalamocortical communication in cerebrocortical electrical activity.,"OBJECTIVE: Reticulothalamocortical (RTC) and cortico-cortical (CC) communications underlie multiple fundamental neurophysiological processes. Detecting changes in RTC versus CC communication from the EEG alone remains an unsolved problem. RTC communication shows complex (linear and nonlinear) properties in EEG. Aiming to detect changes in complexity of RTC communication from EEG, we applied a novel concept to analyze the complexity of information flow in RTC communication on different time scales of neuronal oscillations with mutual information function (MIF). METHODS: We studied information flow in RTC and CC communication in a previously established model of moderate and deep propofol/fentanyl anesthesia in six juvenile pigs. We recorded the electrothalamogram (EThG) of the reticular thalamic nucleus (RTN) and the electrocorticogram (ECoG) of five ipsilateral regions and characterized their linear (spectral power, coherence) and complexity (MIF) properties. RESULTS: During deep anesthesia, ECoG complexity over the temporoparietal region decreased on the time scale of beta frequency band. The spectral power in the beta frequency band decreased over others, but not over the temporoparietal region. Coherence decreased predominantly in the alpha band in both CC and RTC communication while information flow complexity decreased specifically in RTC, but not in CC, communication, suggesting higher information flow in RTC communication during deep anesthesia. CONCLUSIONS: Information flow complexity changes in ECoG specifically reflect changes in RTC communication. SIGNIFICANCE: RTC communication can be quantified from cerebrocortical activity alone by assessing information flow complexity of CC communication.","Frasch MG, Walter B, Friedrich H, Hoyer D, Eiselt M, Bauer R",,,Clinical neurophysiology : official journal of the International Federation of Clinical Neurophysiology,,2007,yes,"The paper investigates consciousness-related phenomena, specifically studying changes in neural communication during different levels of anesthesia (moderate and deep propofol/fentanyl anesthesia). This directly relates to states of consciousness and transitions between them. The study explicitly examines neural mechanisms during altered states of consciousness.",yes,"This is an empirical research article with original data collection and analysis. The methods section describes specific experimental procedures, data collection from six juvenile pigs, and detailed analysis of electrothalamogram (EThG) and electrocorticogram (ECoG) recordings.",yes,"The study uses empirical neural data, specifically electrothalamogram (EThG) recordings from the reticular thalamic nucleus and electrocorticogram (ECoG) recordings from five ipsilateral regions. These are direct neural recordings that meet the criterion.",yes,"The study applies multiple complexity-family measures, including mutual information function (MIF) for analyzing information flow complexity, spectral power analysis, coherence analysis, and complexity measures of information flow in different frequency bands. These are quantitative complexity measures applied as primary analyses to the neural data.",Include,"This empirical research study investigates neural communication during anesthesia using direct neural recordings, applying quantitative complexity measures to analyze information flow across different brain regions. The work explicitly examines consciousness-related phenomena through sophisticated neural data analysis, focusing on transitions between conscious states and employing advanced complexity-family measures to characterize neural communication dynamics.",,,4.9
Neuroimaging findings in leukoencephalopathy with calcifications and cysts: case report and review of the literature.,"Leukoencephalopathy with cerebral calcifications and cysts (LCC) is a neurological disorder characterized by the radiological triad of white matter abnormalities, intracranial calcifications and cystic lesions variable in size resulting from a diffuse cerebral microangiopathy. Typically, progressive focal neurological deficits and seizures are the first clinical manifestation, but the severity of symptoms can vary according to the size and location of the cystic lesions holding compressive effects on the surrounding brain tissue. The most common histopathological finding is diffuse microangiopathy, which might be associated to pathogenic mutations in SNORD118 gene causing Labrune syndrome. Similar neuroradiological appearances have been found in the Coats plus syndrome, a systemic disorder caused by a genetic diffuse microangiopathy that affects not only the brain but also the retina and multiple organs, with a more complex clinical picture that address the diagnosis; biallelic mutations in CTC1 gene, encoding the conserved telomere maintenance component 1 (CTC1), are responsible of this systemic disorder. The aim of this contribution is to review the existing literature focusing on the neuroimaging characteristics by reporting cases in which radiological findings were highly suggestive for LCC.","Picchi E, Ferrazzoli V, Pizzicannella G, Pucci N, Pitocchi F, Valente F, Minosse S, Izzi F, Schirinzi T, Bonomi C, Aiello C, Floris R, Garaci F, Di Giuliano F",,,Neurological sciences : official journal of the Italian Neurological Society and of the Italian Society of Clinical Neurophysiology,,2021,no,"The paper does not investigate consciousness, states of consciousness, or transitions between conscious states. It focuses on a neurological disorder (Leukoencephalopathy with cerebral calcifications and cysts) and its radiological findings, rather than consciousness-related mechanisms.",no,"The paper is a literature review, but it appears to be a narrative review rather than a systematic review or meta-analysis, as it does not mention systematic methodology or quantitative synthesis of results.",no,"The paper focuses on neuroimaging findings, specifically radiological findings (CT/MRI), rather than the specified types of neural data (EEG, MEG, fMRI/BOLD, etc.).",no,The paper does not mention any application of complexity-family measures or quantitative analyses of neural complexity. It focuses on descriptive radiological findings rather than quantitative complexity analyses.,Exclude,"This neurological review focuses on a specific brain disorder and its radiological characteristics, but does not address consciousness research, neural complexity measures, or empirical neural data analysis. The paper fails to meet the specified screening criteria, primarily because it is a narrative review of neuroimaging findings without quantitative complexity or consciousness-related investigations.",,Other / below screening threshold,0.1
Theta phase synchrony and conscious target perception: impact of intensive mental training.,"The information processing capacity of the human mind is limited, as is evidenced by the attentional blink-a deficit in identifying the second of two targets (T1 and T2) presented in close succession. This deficit is thought to result from an overinvestment of limited resources in T1 processing. We previously reported that intensive mental training in a style of meditation aimed at reducing elaborate object processing, reduced brain resource allocation to T1, and improved T2 accuracy [Slagter, H. A., Lutz, A., Greischar, L. L., Francis, A. D., Nieuwenhuis, S., Davis, J., et al. Mental training affects distribution of limited brain resources. PloS Biology, 5, e138, 2007]. Here we report EEG spectral analyses to examine the possibility that this reduction in elaborate T1 processing rendered the system more available to process new target information, as indexed by T2-locked phase variability. Intensive mental training was associated with decreased cross-trial variability in the phase of oscillatory theta activity after successfully detected T2s, in particular, for those individuals who showed the greatest reduction in brain resource allocation to T1. These data implicate theta phase locking in conscious target perception, and suggest that after mental training the cognitive system is more rapidly available to process new target information. Mental training was not associated with changes in the amplitude of T2-induced responses or oscillatory activity before task onset. In combination, these findings illustrate the usefulness of systematic mental training in the study of the human mind by revealing the neural mechanisms that enable the brain to successfully represent target information.","Slagter HA, Lutz A, Greischar LL, Nieuwenhuis S, Davidson RJ",,,Journal of cognitive neuroscience,,2009,yes,"The paper investigates conscious target perception and attention, which are fundamental aspects of consciousness. The study examines how mental training affects conscious processing of visual targets (T1 and T2) and the neural mechanisms underlying conscious perception. The focus on attentional blink and conscious target detection clearly places this within consciousness research.",yes,"This is clearly an empirical research article presenting original experimental findings, including EEG analyses and behavioral measurements. The paper reports specific results from a study comparing pre- and post-training conditions.",yes,"The study explicitly analyzes EEG data, specifically examining theta oscillatory activity and phase variability. The neural data analysis is central to the paper's findings and conclusions.",maybe,"The paper applies phase variability analysis of theta oscillations, which is a quantitative measure related to neural complexity and synchronization. While not explicitly mentioned as a ""complexity measure"" in the traditional sense, phase variability analysis falls within the broader category of complexity-family measures as it examines the temporal organization and stability of neural oscillations.",Include,"This empirical research article investigates conscious target perception through EEG analysis, examining neural mechanisms of attention and processing during mental training. The study meets key screening criteria by analyzing empirical neural data, focusing on consciousness research, and applying quantitative measures of neural complexity. Its systematic approach to understanding conscious information processing provides insights into how mental training influences neural resource allocation and target detection.",,,4.9
Entropy Metrics Correlating with Higher Residual Functioning in Patients with Chronic Disorders of Consciousness.,"To test the ability of different entropy measures to classify patients with different conditions of chronic disorder of consciousness, we applied the Lempel-Ziv complexity, the amplitude coalition entropy (ACE), and the synchrony coalition entropy (SCE) to the EEG signals recorded in 32 patients, clinically evaluated using the coma recovery scale revised (CRS-R). All the entropy measures indicated that differences found in the theta and alpha bands can distinguish patients in a minimal consciousness state (MCS) with respect to those in a vegetative state/unresponsive wakefulness state (VS/UWS). These differences were significant comparing the entropy measure performed on the anterior region of the left hemisphere and midline region. The values of theta-alpha entropy positively correlated with those of the CRS-R scores. Among the entropy measures, ACE most often highlighted significant differences. The higher values found in MCS were for the less impaired patients, according to their CRS-R, suggest that the preservation of signal entropy on the anterior region of the dominant hemisphere correlates with better preservation of consciousness, even in chronic conditions.","Visani E, Luria G, Sattin D, Rossi Sebastiano D, Ferraro S, Panzica F, Leonardi M, Franceschetti S",,,Brain sciences,,2022,yes,"The paper directly investigates disorders of consciousness, specifically comparing patients in minimal consciousness state (MCS) versus vegetative state/unresponsive wakefulness state (VS/UWS). The study explicitly interprets findings in relation to consciousness preservation and correlates with clinical consciousness measures (CRS-R).",yes,This is clearly an empirical research article with original data analysis of 32 patients. The study presents concrete results from applying multiple entropy measures to EEG data.,yes,"The study directly analyzes EEG signals from patients, which is explicitly mentioned in the abstract. They specifically examine theta and alpha bands, and analyze signals from different brain regions.",yes,"The study applies multiple complexity-family measures: Lempel-Ziv complexity, Amplitude coalition entropy (ACE), and Synchrony coalition entropy (SCE). These are applied as primary analyses to the EEG data, not just theoretically discussed.",Include,"This empirical research study directly investigates disorders of consciousness by analyzing EEG signals using multiple complexity measures across different patient states. The work systematically applies quantitative entropy measures to neural data, correlating complexity metrics with clinical consciousness assessments and providing insights into neural signatures of consciousness preservation. By examining theta and alpha band signals across patient groups, the research meets all screening criteria for a rigorous consciousness neuroscience investigation.",,,4.9
Current challenges in intrauterine management of obstructive fetal hydrocephalus and future directions.,"Aqueductal stenosis is a specific type of non- communicating hydrocephalus, which is characterized by narrowing or constriction of the cerebral aqueduct, also known as the aqueduct of Sylvius. Due to the blockage, the flow of cerebrospinal fluid (CSF) through the aqueduct becomes restricted or obstructed, leading to an abnormal accumulation of CSF within the ventricles and increased intracranial pressure. Progressive expansion of the ventricles leads to increasing cerebral mantle compression during fetal brain development, which can lead to irreversible damage with deleterious consequences. Early intervention could be crucial to mitigate the risk of subsequent cerebral injury. However, diagnostic challenges, unclear efficacy and frequent complications have hindered the integration of treatment for prenatal hydrocephalus into standard practice. Factors including improper patient selection, inadequate CSF diversion or fetal access techniques and suboptimal timing of intervention have been shown to impede success. To address these limitations and advance patient care, an evidence-based update of prenatal hydrocephalus interventions is warranted. This review aims to comprehensively explore the approaches to prenatal treatment of hydrocephalus from both a neurosurgical and fetal surgical perspective, integrating the latest advancements in prenatal diagnosis and fetal intervention. © 2025 International Society of Ultrasound in Obstetrics and Gynecology.","Qaderi S, Northam WT, Duru S, Bonanni G, Javinani A, Zargarzadeh N, Peiro JL, Krispin E, Didier R, Farber MK, Seifert S, Orbach DB, Vasung L, Chmait RH, James S, Duffy C, Shainker SA, Forourtan H, Guseh SH, Chervenak FA, Warf BC, Ville Y, Shamshirsaz AA",,,Ultrasound in obstetrics & gynecology : the official journal of the International Society of Ultrasound in Obstetrics and Gynecology,,2025,no,"The paper does not explicitly investigate consciousness, states of consciousness, or transitions between conscious states. While it focuses on neurological conditions like aqueductal stenosis and hydrocephalus, the abstract shows no clear connection to consciousness research.",yes,"The paper is described as a review article, which would technically meet the criterion for an eligible study type. However, the focus is on clinical treatments and diagnostic approaches rather than empirical research or meta-analysis of neural data.",no,"The abstract does not mention any analysis of neural data. The focus is on clinical interventions, diagnostic approaches, and surgical techniques for treating hydrocephalus, with no indication of EEG, fMRI, or other neural recording analyses.",no,There is no mention of any complexity-family measures or quantitative analyses of neural complexity. The paper appears to focus on clinical outcomes and treatment approaches rather than quantitative neural analysis.,Exclude,"This review on aqueductal stenosis and hydrocephalus fails to meet the screening criteria for consciousness research, lacking any investigation of conscious states, neural data analysis, or complexity-family measures. The paper is a clinical review focused on diagnostic and treatment approaches for a neurological condition, with no connection to consciousness or neural complexity research.",,Other / below screening threshold,0.1
Characterizing Alzheimer's disease severity via resting-awake EEG amplitude modulation analysis.,"Changes in electroencephalography (EEG) amplitude modulations have recently been linked with early-stage Alzheimer's disease (AD). Existing tools available to perform such analysis (e.g., detrended fluctuation analysis), however, provide limited gains in discriminability power over traditional spectral based EEG analysis. In this paper, we explore the use of an innovative EEG amplitude modulation analysis technique based on spectro-temporal signal processing. More specifically, full-band EEG signals are first decomposed into the five well-known frequency bands and the envelopes are then extracted via a Hilbert transform. Each of the five envelopes are further decomposed into four so-called modulation bands, which were chosen to coincide with the delta, theta, alpha and beta frequency bands. Experiments on a resting-awake EEG dataset collected from 76 participants (27 healthy controls, 27 diagnosed with mild-AD, and 22 with moderate-AD) showed significant differences in amplitude modulations between the three groups. Most notably, i) delta modulation of the beta frequency band disappeared with an increase in disease severity (from mild to moderate AD), ii) delta modulation of the theta band appeared with an increase in severity, and iii) delta modulation of the beta frequency band showed to be a reliable discriminant feature between healthy controls and mild-AD patients. Taken together, it is hoped that the developed tool can be used to assist clinicians not only with early detection of Alzheimer's disease, but also to monitor its progression.","Fraga FJ, Falk TH, Kanda PA, Anghinah R",,,PloS one,,2013,no,"The paper does not explicitly investigate consciousness, states of consciousness, or transitions between conscious states. While it mentions resting-awake EEG, the study's primary focus is on disease diagnosis and progression rather than consciousness mechanisms. The paper does not interpret findings in relation to consciousness or its neural signatures.",yes,"This is an empirical research article with original data analysis, including experiments on a dataset of 76 participants with specific groupings and presenting empirical results.",yes,"The study directly analyzes empirical neural data in the form of EEG recordings from human participants, including both traditional spectral analysis and novel amplitude modulation techniques.",no,"While the study uses quantitative analysis techniques (Hilbert transform, spectro-temporal signal processing), these are not specifically complexity-family measures as defined in the criteria. The analysis focuses on amplitude modulations and frequency band relationships rather than measures like entropy, information theory, or criticality.",Exclude,"This empirical EEG study on Alzheimer's disease fails to meet key screening criteria related to consciousness research, as it does not investigate consciousness mechanisms or apply complexity-family measures. While the research provides a rigorous neural data analysis, its primary focus on disease diagnosis and progression diverges from the specified research parameters.",,Other / below screening threshold,1.4
Large-Scale Persistent Network Reconfiguration Induced by Ketamine in Anesthetized Monkeys: Relevance to Mood Disorders.,"BACKGROUND: Ketamine is a highly attractive candidate for developing fast-onset antidepressant agents; however, the relevant brain circuits that underlie sustained, efficacious antidepressant effects remain largely unknown. METHODS: We used a holistic scheme combining whole-brain resting-state fMRI and graph theoretical analysis to examine the sustained effects on brain networks after administration of a single dose of ketamine and to identify the brain regions and circuits preferentially targeted by ketamine. Topological differences in functional networks of anesthetized macaque monkeys were compared between ketamine (.5 mg/kg) and saline treatment after 18 hours. RESULTS: We observed persistent global reconfiguration of small-world properties in response to ketamine intake, accompanied by large-scale downregulation of functional connectivity, most prominently in the orbital prefrontal cortex, the subgenual and posterior cingulate cortices, and the nucleus accumbens. Intriguingly, intrinsic connectivity with the medial prefrontal areas in the reward circuits were selectively downregulated. Global and regional regulations of the brain networks precisely opposed the maladaptive alterations in the depressed brain. CONCLUSIONS: Our results demonstrated that local synaptic plasticity triggered by blockade of N-methyl-D-aspartic acid receptors was capable of translating into prolonged network reconfiguration in the distributed cortico-limbic-striatal circuit, providing mechanistic insight into developing specific loci or circuit-targeted, long-term therapeutics.","Lv Q, Yang L, Li G, Wang Z, Shen Z, Yu W, Jiang Q, Hou B, Pu J, Hu H, Wang Z",,,Biological psychiatry,,2016,maybe,"The paper investigates ketamine's effects on brain networks, which is relevant to consciousness research as ketamine is known to alter consciousness states. However, the study doesn't explicitly frame its findings in terms of consciousness or neural signatures of consciousness. The focus is more on antidepressant effects and network reconfiguration.",yes,This is clearly an empirical research article with original data collection and analysis using fMRI in macaque monkeys. The study includes clear methodology and results sections.,yes,The study uses resting-state fMRI data and applies graph theoretical analysis to examine brain networks. This is a clear example of empirical neural data analysis.,maybe,"The study uses graph theoretical analysis and examines ""small-world properties"" and functional connectivity, which are complexity-family measures. While not explicitly mentioned, these measures typically involve complexity metrics like clustering coefficients, path lengths, and network efficiency. However, the abstract doesn't specify which exact complexity measures were used.",Include,"This empirical research article employs resting-state fMRI and graph theoretical analysis to investigate neural network reconfiguration, utilizing complexity-family measures in a quantitative approach. While the study focuses on ketamine's antidepressant mechanisms, it implicitly relates to consciousness research through its examination of brain network dynamics. The research meets most screening criteria, with some uncertainty around explicit consciousness framing.",,,4.3
The effect of striatal dopaminergic grafts on the neuronal activity in the substantia nigra pars reticulata and subthalamic nucleus in hemiparkinsonian rats.,"The electrophysiological correlates of parkinsonism in the basal ganglia have been well studied in patients with Parkinson's disease and animal models. Separately, striatal dopaminergic cell transplantation has shown promise in ameliorating parkinsonian motor symptoms. However, the effect of dopaminergic grafts on basal ganglia electrophysiology has not thoroughly been investigated. In this study, we transplanted murine foetal ventral mesencephalic cells into rats rendered hemiparkinsonian by 6-hydroxydopamine injection. Three months after transplantation, extracellular and local field potential recordings were taken under urethane anaesthesia from the substantia nigra pars reticulata and subthalamic nucleus along with cortical electroencephalograms and were compared to recordings from normal and hemiparkinsonian controls. Recordings from cortical slow-wave activity and global activation states were analysed separately. Rats with histologically confirmed xenografts showed behavioural improvement measured by counting apomorphine-induced rotations and with the extended body axis test. Firing rates in both nuclei were not significantly different between control and grafted groups. However, burst firing patterns in both nuclei in the slow-wave activity state were significantly reduced (P < 0.05) in rats with large surviving grafts, compared to hemiparkinsonian controls. The neuronal firing entropies and oscillations in both nuclei were restored to normal levels in the large-graft group. Electroencephalogram spike-triggered averages also showed normalization in the slow-wave activity state (P < 0.05). These results suggest that local continuous dopaminergic stimulation exerts a normalizing effect on the downstream parkinsonian basal ganglia firing patterns. This novel finding is relevant to future preclinical and clinical investigations of cell transplantation and the development of next-generation therapies for Parkinson's disease that ameliorate pathophysiological neural activity and provide optimal recovery of function.","Gilmour TP, Piallat B, Lieu CA, Venkiteswaran K, Ramachandra R, Rao AN, Petticoffer AC, Berk MA, Subramanian T",,,Brain : a journal of neurology,,2011,no,"The paper does not explicitly investigate consciousness, states of consciousness, or transitions between conscious states. While it mentions ""global activation states"" and ""slow-wave activity,"" these are discussed in the context of Parkinson's disease pathology rather than consciousness research. The study does not interpret findings in relation to consciousness mechanisms.",yes,"This is clearly an empirical research article with original experimental data, including behavioral measurements and electrophysiological recordings.",yes,"The study analyzes multiple types of neural data, including extracellular recordings, local field potential recordings, and cortical electroencephalograms. The analysis includes quantitative measures of neural activity patterns.",maybe,"The paper mentions analyzing ""neuronal firing entropies"" and oscillations, which partially meets this criterion. However, it's not clear if these are the primary analysis methods or if they're part of a broader analysis. The entropy measure is mentioned but not extensively detailed in the abstract.",Include,"This empirical research article on Parkinson's disease provides detailed neural data analysis, including electrophysiological recordings and entropy measures, but lacks explicit investigation of consciousness mechanisms. While the study meets criteria for empirical research and neural data application, it does not address consciousness research contexts, which is a critical screening requirement. Consequently, the paper does not align sufficiently with the specified screening criteria for inclusion.",,,2.7
[Use of microcomputers in polysomnography].,"Constantly falling prices and increasing power combine to make the personal computer an attractive alternative to established recording devices for use in polysomnography. Apart from its price advantage, digital recording of psychophysiological signals offers the possibility of selective display (compression and zooming to parts of special interest), and also semi-automatic evaluation. In order to be able to feed the data acquired in the sleep laboratory into the computer, an interface for signal matching, an analog/digital converter, and suitable software, are required. In order to reduce the wealth of data to the clinically relevant (and, in the last resort, also manageable) amount, preprocessing hardware, such as EEG filters, snore detectors, etc., are required. The system we recommend comprises individual hardware, modules for the pickup of physiological signals, and flexibly combinable software routines that permit adaptation to any future expansions of changing medical problems.","Freitag L, Teschler H, Schroer M, Saalfeld S, Konietzko N",,,"Pneumologie (Stuttgart, Germany)",,1989,no,"The paper discusses polysomnography, which is related to sleep states and consciousness transitions. However, the focus appears to be on technical aspects of computer-based recording systems rather than investigating consciousness itself or its neural mechanisms. The paper seems to be about methodology rather than consciousness research per se.",no,"This appears to be a technical/methodological paper describing a computer system for polysomnography. While it's likely an empirical research article, it seems to focus on describing hardware and software implementation rather than presenting research findings about sleep or consciousness.",no,"The paper mentions EEG recording as part of polysomnography, but it's not clear if the paper actually analyzes neural data. The focus appears to be on the technical aspects of data acquisition and storage rather than analysis of the neural signals themselves.",no,There is no mention of any complexity-family measures or quantitative analysis of neural signals. The paper appears to focus on technical aspects of data collection and preprocessing rather than applying complexity measures to the data.,Exclude,"This technical paper about polysomnography recording systems lacks direct investigation of consciousness, neural data analysis, or complexity measures. While related to sleep monitoring, the manuscript focuses on methodological infrastructure rather than empirical research into consciousness or neural mechanisms. Consequently, the paper does not meet the specified screening criteria for inclusion.",,Other / below screening threshold,1.4
Atypical presentation of L3 vertebral body osteochondroma mimicking cauda equina syndrome: a case report.,"BACKGROUND: Osteochondromas are common benign bone tumors, but spinal involvement is rare (<4%), with vertebral body origin being exceptionally uncommon. Neurological symptoms are typically mild and unilateral, making presentations mimicking incomplete cauda equina syndrome (CES) exceedingly rare. CASE PRESENTATION: A 58-year-old Indian male presented with progressive lower back pain, followed by bilateral lower limb weakness and saddle anesthesia. There was no history of trauma, radiation, malignancy, or inflammatory disease. Neurological examination revealed flaccid paraplegia, areflexia, and decreased sensation below L3. Magnetic resonance imaging showed a hyperintense lytic lesion in the L3 vertebral body compressing the thecal sac; computed tomography confirmed continuity with the cortical and medullary bone, suggestive of spinal osteochondroma. The patient underwent L3 laminectomy with pedicle screw fixation at L2 and L4. Histopathology confirmed benign osteochondroma. At 6 months, the patient showed substantial motor recovery with no recurrence. CASE DISCUSSION: Spinal osteochondromas usually arise from posterior elements. Vertebral body involvement is extremely rare. This case is notable for its late presentation in an elderly patient without known risk factors. The incomplete CES presentation was likely due to selective nerve root compression and possible ischemia. Imaging was critical in diagnosis, and surgical excision remains the treatment of choice. Literature supports low recurrence after complete resection, though long-term outcomes remain underreported. CONCLUSION: This case highlights a rare vertebral body osteochondroma mimicking incomplete CES. Early imaging and prompt surgical management are essential to avoid permanent neurological deficits. Further research is needed to understand pathogenesis in older adults without typical risk factors.","Agarwal S, Majety SK, Agarwal R, Veluru C, Earni SC, Anumolu A",,,Annals of medicine and surgery (2012),,2025,no,"The paper does not investigate consciousness, states of consciousness, or transitions between conscious states. It focuses on a clinical case of spinal osteochondroma and its neurological manifestations, which are not related to consciousness research.",yes,"The paper is an empirical research article presenting a clinical case study with imaging and surgical outcomes, but it is a single case report rather than a systematic review or meta-analysis.",no,"The paper does not analyze any neural data. The imaging studies (MRI and CT) are anatomical and used for diagnosis, rather than neural recordings or functional imaging of brain activity.",no,"The paper does not apply any complexity-family measures. The analysis is purely clinical and anatomical, focusing on imaging findings and surgical outcomes, without any quantitative complexity measures or analysis of neural dynamics.",Exclude,"This clinical case report on spinal osteochondroma fails to meet the systematic review's screening criteria, as it does not investigate consciousness, analyze neural data, or apply complexity-family measures. The study is a single case report focused on clinical diagnosis and surgical outcomes, which falls outside the specified research parameters for consciousness and neural complexity research.",,Other / below screening threshold,0.1
"Pharmacodynamic interaction between propofol and remifentanil regarding hypnosis, tolerance of laryngoscopy, bispectral index, and electroencephalographic approximate entropy.","BACKGROUND: The purpose of this investigation was to describe the pharmacodynamic interaction between propofol and remifentanil for probability of no response to shaking and shouting, probability of no response to laryngoscopy, Bispectral Index (BIS), and electroencephalographic approximate entropy (AE). METHODS: Twenty healthy volunteers received either propofol or remifentanil alone and then concurrently with a fixed concentration of remifentanil or propofol, respectively, via a target-controlled infusion. Responses to shaking and shouting and to laryngoscopy were assessed multiple times after allowing for plasma effect site equilibration. The raw electroencephalogram and BIS were recorded throughout the study, and AE was calculated off-line. Response surfaces were fit to the clinical response data using logistic regression or hierarchical response models. Response surfaces were also estimated for BIS and AE. Surfaces were visualized using three-dimensional rotations. Model parameters were estimated with NONMEM. RESULTS: Remifentanil alone had no appreciable effect on response to shaking and shouting or response to laryngoscopy. Propofol could ablate both responses. Modest remifentanil concentrations dramatically reduced the concentrations of propofol required to ablate both responses. The hierarchical response surface described the data better than empirical logistic regression. BIS and AE are more sensitive to propofol than to remifentanil. CONCLUSIONS: Remifentanil alone is ineffective at ablating response to stimuli but demonstrates potent synergy with propofol. BIS and AE values corresponding to 95% probability of ablating response are influenced by the combination of propofol and remifentanil to achieve this endpoint, with higher propofol concentrations producing lower values for BIS and AE.","Bouillon TW, Bruhn J, Radulescu L, Andresen C, Shafer TJ, Cohane C, Shafer SL",,,Anesthesiology,,2004,yes,"The study investigates states of consciousness through anesthesia, specifically examining responses to stimuli (shaking and shouting, laryngoscopy) under propofol and remifentanil. It also measures consciousness-related metrics (BIS and approximate entropy). This directly studies transitions between conscious states and uses neural signatures of consciousness.",yes,This is an empirical research article with original data collection and analysis. The study includes 20 healthy volunteers and presents quantitative results from experimental manipulations.,yes,"The study explicitly analyzes EEG data, using both BIS (Bispectral Index) and approximate entropy (AE) as measures. BIS is a processed EEG measure, and AE is a direct analysis of EEG data.",yes,"The study uses approximate entropy (AE), which is a complexity-family measure related to the entropy family. While BIS is also used, AE is specifically mentioned as being calculated from the raw EEG data.",Include,"This empirical research study investigates consciousness transitions during anesthesia by analyzing EEG data using complexity measures like approximate entropy. The investigation meets all screening criteria through its quantitative analysis of neural data, explicit focus on conscious state transitions, and application of complexity-family measures to understand anesthetic-induced unconsciousness.",,,4.9
Acetylcholine functionally reorganizes neocortical microcircuits.,"Sensory information is processed and transmitted through the synaptic structure of local cortical circuits, but it is unclear how modulation of this architecture influences the cortical representation of sensory stimuli. Acetylcholine (ACh) promotes attention and arousal and is thought to increase the signal-to-noise ratio of sensory input in primary sensory cortices. Using high-speed two-photon calcium imaging in a thalamocortical somatosensory slice preparation, we recorded action potential activity of up to 900 neurons simultaneously and compared local cortical circuit activations with and without bath presence of ACh. We found that ACh reduced weak pairwise relationships and excluded neurons that were already unreliable during circuit activity. Using action potential activity from the imaged population, we generated functional wiring diagrams based on the statistical dependencies of activity between neurons. ACh pruned weak functional connections from spontaneous circuit activations and yielded a more modular and hierarchical circuit structure, which biased activity to flow in a more feedforward fashion. Neurons that were active in response to thalamic input had reduced pairwise dependencies overall, but strong correlations were conserved. This coincided with a prolonged period during which neurons showed temporally precise responses to thalamic input. Our results demonstrate that ACh reorganizes functional circuit structure in a manner that may enhance the integration and discriminability of thalamic afferent input within local neocortical circuitry.","Runfeldt MJ, Sadovsky AJ, MacLean JN",,,Journal of neurophysiology,,2014,maybe,"The paper focuses on neural circuit processing and acetylcholine's role in attention and arousal, which are related to consciousness. However, it doesn't explicitly investigate consciousness states or transitions. The study examines neural mechanisms that could influence conscious processing, but consciousness isn't directly addressed as a primary focus.",yes,This is clearly an empirical research article with original experimental data and analysis. The study uses two-photon calcium imaging to record neural activity and presents novel findings.,yes,"The study directly analyzes empirical neural data through high-speed two-photon calcium imaging, recording of action potential activity from up to 900 neurons, and analysis of functional circuit activations.",maybe,"The study applies several quantitative measures to analyze neural data, including statistical dependencies between neurons, functional wiring diagrams, pairwise relationships, and modular and hierarchical circuit structure analysis. While these are quantitative measures, they don't explicitly match the specific complexity-family measures listed in the criteria (e.g., entropy, Lempel-Ziv complexity, etc.).",Include,"This empirical neuroscience study provides detailed neural circuit analysis using calcium imaging, demonstrating strong methodological rigor in examining neural network dynamics. While the research implicitly relates to consciousness through mechanisms of attention and arousal, it does not directly investigate consciousness states or explicitly apply the specified complexity-family measures. The study's quantitative approach to neural circuit structure offers insights into neural processing mechanisms.",,,3.5
Conscious auditory perception related to long-range synchrony of gamma oscillations.,"While the role of synchronized oscillatory activity in the gamma-band frequency range for conscious perception is well established in the visual domain, there is limited evidence concerning neurophysiological mechanisms in conscious auditory perception. In the current study, we addressed this issue with 64-channel EEG and a dichotic listening (DL) task in twenty-five healthy participants. The typical finding of DL is a more frequent conscious perception of the speech syllable presented to the right ear (RE), which is attributed to the supremacy of the contralateral pathways running from the RE to the speech-dominant left hemisphere. In contrast, the left ear (LE) input initially accesses the right hemisphere and needs additional transfer via interhemispheric pathways before it is processed in the left hemisphere. Using lagged phase synchronization (LPS) analysis and eLORETA source estimation we examined the functional connectivity between right and left primary and secondary auditory cortices in the main frequency bands (delta, theta, alpha, beta, gamma) during RE/LE-reports. Interhemispheric LPS between right and left primary and secondary auditory cortices was specifically increased in the gamma-band range, when participants consciously perceived the syllable presented to the LE. Our results suggest that synchronous gamma oscillations are involved in interhemispheric transfer of auditory information.","Steinmann S, Leicht G, Ertl M, Andreou C, Polomac N, Westerhausen R, Friederici AD, Mulert C",,,NeuroImage,,2014,yes,"The paper directly investigates conscious perception, specifically focusing on conscious auditory perception and the neural mechanisms underlying it. The study explicitly examines how auditory information becomes consciously perceived, particularly in the context of dichotic listening and interhemispheric transfer.",yes,"This is an empirical research article with original data collection and analysis from 25 participants using EEG recordings. It's not a commentary, review, or theoretical paper.",yes,"The study uses 64-channel EEG recordings and applies sophisticated analysis techniques including lagged phase synchronization (LPS) and eLORETA source estimation. They analyze neural data across multiple frequency bands (delta, theta, alpha, beta, gamma).",maybe,"The study uses lagged phase synchronization (LPS) analysis, which is a measure of functional connectivity and phase relationships between brain regions. While this is a quantitative measure of neural interactions, it's not explicitly clear from the abstract whether this falls within the specific ""complexity-family measures"" listed in the criteria. However, phase synchronization analysis is related to measures of neural complexity and information transfer, and the study examines interhemispheric connectivity patterns.",Include,"This empirical research study investigates conscious auditory perception using EEG recordings, analyzing neural interactions across multiple frequency bands through sophisticated phase synchronization techniques. The work directly examines consciousness by exploring how auditory information becomes consciously perceived, utilizing quantitative neural data analysis methods that probe interhemispheric connectivity and information transfer. While the specific complexity measure used is not explicitly listed in the screening criteria, the study's approach aligns closely with the requirements for investigating neural mechanisms of conscious perception.",,,4.6
A RARE CLINICAL CASE OF A GIANT LIPOMA OF THE RIGHT THIGH.,"INTRODUCTION: Lipoma is a benign tumor of adipose tissue, most often located in the subcutaneous tissue or deep soft tissues. It is usually solitary, slow-growing, and asymptomatic. Giant lipomas (≥10 cm or ≥1 kg) are rare and may cause compression of blood vessels and nerves, restricted mobility, and cosmetic deformity. Genetic predisposition is associated with mutations in genes such as High Mobility Group AT-hook 2 (HMGA2) and Domain-Containing Preferred Translocation Partner in Lipoma (LPP). Diagnosis is based on clinical examination and imaging, including ultrasonography, CT, and, in diagnostically equivocal cases, MRI. Suspicious cases are confirmed by histology to rule out malignant tumors. CLINICAL PRESENTATION: Patient O., 65 years old, was admitted to the surgical department with a giant lipoma of the right thigh, present for over 15 years and associated with discomfort, a feeling of heaviness, and cramps. On examination, a mass measuring 40 × 35 cm was detected, of soft-elastic consistency, painless, mobile, with no skin changes. Diagnostic work-up included ultrasonography (US), computed tomography (CT), and biopsy, confirming a benign lipoma. Planned surgical excision was performed under spinal anesthesia; the lipoma was completely removed. The excised mass measured 50 × 35 cm and weighed 5700 g. The surgery was uneventful, with a blood loss of 100 ml. The postoperative period was smooth; drains were removed on postoperative days 4-5, and sutures were removed on days 9-10. The patient was discharged in satisfactory condition, with complete wound healing and a recommendation for follow-up with a surgeon. DISCUSSION: Giant lipomas are rare but can cause compression of blood vessels and nerves, restricted mobility, and cosmetic discomfort. Their size and atypical course may mimic malignant tumors, necessitating thorough preoperative evaluation using MRI, histology, and, if necessary, genetic testing by fluorescence in situ hybridization (FISH) for MDM2 (Mouse Double Minute 2) gene amplification. The primary and safest treatment remains radical surgical excision with preservation of anatomical structures. Small or cosmetically significant lipomas may be treated with less invasive methods, but giant forms require full surgical intervention to restore function and improve the patient's quality of life. CONCLUSION: Giant thigh lipomas require a comprehensive and carefully planned approach, including thorough diagnostic assessment and radical surgical intervention. Effective treatment results in sustained improvement of the patient's physical and psycho-emotional condition, reduction of pain, and restoration of quality of life, as reflected by a marked improvement in SF-36 and EQ-5D scores during long-term follow-up.","Auyenov M, Aimagambetov M, Dyusupov A, Kairkhanov E, Kazangapova A, Imangazinova S, Abdrakhmanov S, Masalov A, Zhumazhanova A, Auуenov A, Auyenov D, Bakdauletov R",,,Georgian medical news,,2026,no,"The paper does not investigate consciousness, states of consciousness, or transitions between conscious states. It does not mention consciousness-related mechanisms or neural signatures. The paper focuses entirely on the clinical presentation, diagnosis, and surgical treatment of a physical condition (a giant lipoma).",no,"While the paper is an empirical research article (a case report), it is not the type of empirical research relevant to the systematic review's focus on consciousness research. The empirical data presented relates to clinical measurements and surgical outcomes, not consciousness research.",no,"The paper does not analyze any neural data. The diagnostic methods mentioned (ultrasonography, CT, MRI) are standard clinical imaging techniques, not neural recordings. There is no mention of EEG, MEG, fMRI, or any other neural measurement techniques.",no,"The paper does not apply any complexity-family measures. The only quantitative measures mentioned are clinical measurements (tumor size, weight, blood loss) and quality of life scores (SF-36 and EQ-5D). There is no analysis using entropy, complexity, or other measures specified in the criteria.",Exclude,"This clinical case report about a giant lipoma fails to meet any of the specified screening criteria related to consciousness research. The paper contains no investigation of consciousness, neural data analysis, or complexity measures, and instead focuses exclusively on clinical diagnosis and surgical treatment of a benign tumor. Consequently, the study does not align with the systematic review's research parameters.",,Other / below screening threshold,0.1
Insights into Accelerated MRI Protocols for Pediatric Brain Assessment in Emergency Cases.,"Two accelerated magnetic resonance imaging (MRI) protocols for pediatric brain imaging, GOBrain and Deep Resolve Swift Brain, developed by Siemens Healthineers (Erlangen, Germany), were evaluated in a series of clinically relevant pediatric cases at 3 Tesla. Pediatric patients are particularly prone to motion, may be uncooperative, and often require sedation, especially in emergency settings. Consequently, there is a persistent clinical demand for fast brain MRI protocols that provide diagnostically sufficient image quality while minimizing examination time. Contemporary turbo spin-echo (TSE)-based clinical protocols commonly integrate parallel imaging (PI) and simultaneous multi-slice (SMS) techniques to achieve substantial reductions in scan time. Recent advances in three-dimensional volumetric encoding, compressed sensing, and deep learning (DL)-based reconstruction have further mitigated geometry-factor-related noise amplification, enabling higher acceleration factors (GOBrain). In parallel, echo-planar imaging (EPI) has emerged as a promising approach for ultrafast multi-contrast imaging. To overcome the limitations of single-shot EPI, a multi-shot EPI-based brain MRI protocol combined with the DL-based reconstruction method Deep Resolve Swift Brain has been developed. This approach leverages the efficiency of EPI while improving image quality. Using these accelerated protocols, a comprehensive diagnostic multi-contrast brain MRI examination, particularly suited to triage and emergency imaging, can be completed in minutes. This case overview, including therapy-related leukencephalopathy in acute lymphoblastic leukemia (ALL), a brain abscess, traumatic diffuse axonal injury (DAI), a posterior circulation infarction due to vertebral artery dissection, leuokostasis syndrome, and a posterior fossa tumor with obstructive hydrocephalus, demonstrates the potential clinical feasibility of both protocols in pediatric neuroimaging. Both protocols position them as supplementary options alongside established imaging protocols, while dedicated high-resolution protocols might remain necessary for subtle pathological findings, such as focal cortical dysplasia, and for neuronavigation until larger comparative studies are available.","Kendel JG, Bender B, Gohla G, Bevot A, Hauser TK, Ernemann U, Ruff C",,,"Diagnostics (Basel, Switzerland)",,2026,no,"The paper does not investigate consciousness, states of consciousness, or transitions between conscious states. It is focused on MRI protocols for pediatric brain imaging, particularly in emergency and clinical settings, and does not explicitly interpret findings in relation to consciousness or neural signatures/mechanisms of consciousness.",yes,"The paper appears to be an empirical research article presenting case studies of two MRI protocols (GOBrain and Deep Resolve Swift Brain) in pediatric patients, rather than a conference abstract, editorial, commentary, opinion piece, narrative perspective, or theoretical/simulation-only paper.",no,"The paper focuses on MRI imaging protocols but does not analyze neural data in the sense specified by the criteria (EEG, MEG, fMRI/BOLD, etc.). While MRI is a neuroimaging technique, the paper appears to focus on protocol development and image quality rather than analyzing neural activity or function.",no,The paper does not mention or apply any of the specified complexity-family measures. The analysis appears to focus on image quality and clinical feasibility rather than quantitative complexity measures of neural activity.,Exclude,"This research paper on pediatric MRI protocols fails to meet most screening criteria related to consciousness research, lacking investigation of conscious states, neural data analysis, or complexity-family measures. While the study represents an empirical research article, its focus on imaging protocol development diverges significantly from the systematic review's requirements for consciousness and neural complexity research.",,Other / below screening threshold,0.1
A wavelet transform based method to determine depth of anesthesia to prevent awareness during general anesthesia.,"Awareness during general anesthesia for its serious psychological effects on patients and some juristically problems for anesthetists has been an important challenge during past decades. Monitoring depth of anesthesia is a fundamental solution to this problem. The induction of anesthesia alters frequency and mean of amplitudes of the electroencephalogram (EEG), and its phase couplings. We analyzed EEG changes for phase coupling between delta and alpha subbands using a new algorithm for depth of general anesthesia measurement based on complex wavelet transform (CWT) in patients anesthetized by Propofol. Entropy and histogram of modulated signals were calculated by taking bispectral index (BIS) values as reference. Entropies corresponding to different BIS intervals using Mann-Whitney U test showed that they had different continuous distributions. The results demonstrated that there is a phase coupling between 3 and 4 Hz in delta and 8-9 Hz in alpha subbands and these changes are shown better at the channel T 7 of EEG. Moreover, when BIS values increase, the entropy value of modulated signal also increases and vice versa. In addition, measuring phase coupling between delta and alpha subbands of EEG signals through continuous CWT analysis reveals the depth of anesthesia level. As a result, awareness during anesthesia can be prevented.","Mousavi SM, Adamoğlu A, Demiralp T, Shayesteh MG",,,Computational and mathematical methods in medicine,,2014,yes,"The paper directly investigates consciousness during general anesthesia, specifically focusing on awareness during anesthesia. This is explicitly about states of consciousness and transitions between conscious states (wakefulness to anesthesia). The study aims to monitor depth of anesthesia to prevent awareness, which is fundamentally a consciousness-related phenomenon.",yes,This appears to be an empirical research article with original data analysis. The abstract describes specific methodology and results from analyzing EEG data in patients under anesthesia.,yes,"The study directly analyzes empirical neural data through EEG recordings, specifically examining phase coupling between delta and alpha subbands. They use complex wavelet transform (CWT) analysis on actual EEG data from patients.",yes,"The study applies multiple quantitative measures: entropy analysis of modulated signals, histogram analysis, phase coupling analysis, and complex wavelet transform (CWT). These are legitimate complexity-family measures used as primary analyses, not just theoretical discussions.",Include,"This empirical research study directly investigates consciousness during general anesthesia by analyzing EEG neural data using complex quantitative measures like entropy and phase coupling. The work systematically examines transitions between conscious states through sophisticated neural signal processing techniques, providing a comprehensive approach to understanding anesthesia-induced consciousness changes. Multiple complexity-family measures are applied to empirically analyze neural data, making this a robust investigation of consciousness-related neural mechanisms.",,,4.9
[Clinical manifestations of 16 patients with spontaneous spinal epidural hematoma -stroke mimic and pitfalls for diagnosis].,"Clinical manifestations of 16 patients with spontaneous spinal epidural hematoma were presented. We examined the point similar to that of stroke. During the initial visit of our hospital, the patients showed the hemiplegia in 10 cases (62.5%), Horner syndrome in 4 cases (25%), the painless onset in 1 case (6.3%). And one case showed the impairment of consciousness due to vagal reflex in severe pain onset, which was similar to those of subarachnoid hemorrhage. MRI images are useful to confirm the diagnosis. The frequent site of hematoma was the lower cervical spinal cord. The oval shaped hematomas shifted to the left or right in spinal canals, compressed spinal cords in axial image, which was a cause of hemiplegia. Many cases developed during active periods, and the hemorrhage might be relevant to oral antithrombotic agent, C hepatitis, and chronic renal failure. Rapidly progressive cases were indications for emergency surgery, but conservative therapy is also possible and was better prognosis.","Hara N, Otonari T, Nishihara N, Ota T, Kuriyama M",,,Rinsho shinkeigaku = Clinical neurology,,2014,no,"The paper only briefly mentions ""impairment of consciousness"" in one case due to vagal reflex, but this is not the focus of the study. The paper primarily investigates clinical manifestations of spinal epidural hematoma, and the consciousness aspect is merely an incidental observation rather than a systematic investigation of consciousness or its neural mechanisms.",yes,"This appears to be an empirical research article presenting clinical case data from 16 patients. While it meets the basic requirement of being an empirical study, it's primarily a clinical case series rather than a systematic investigation of consciousness or neural mechanisms.",no,"The study uses MRI imaging, but only for diagnostic purposes. There is no analysis of neural data in the sense required by the criteria (EEG, MEG, fMRI/BOLD, etc.). The imaging is used to confirm diagnosis rather than to study neural mechanisms or consciousness.",no,There is no mention or application of any complexity-family measures. The study focuses on clinical manifestations and diagnostic imaging without any analysis of neural complexity or information-theoretic measures.,Exclude,"This clinical case series on spinal epidural hematoma lacks systematic investigation of consciousness, neural mechanisms, or complexity measures. The study primarily focuses on clinical manifestations and diagnostic imaging, with only a peripheral mention of consciousness, thus failing to meet the core screening criteria for consciousness research. No empirical neural data analysis or quantitative complexity measures were applied.",,Other / below screening threshold,0.1
Fractal dimension of the EEG for detection of behavioural microsleeps.,"The fractal dimension (FD) of EEG has been shown to be of value in the detection of epileptic seizures. In this paper, we assess its usefulness in detecting behavioural microsleeps. Fifteen non-sleep-deprived normal subjects performed two 1-hour sessions of a continuous tracking task while EEG, EOG and facial video were recorded. Higuchi's algorithm was used to calculate the FD of the EEG. Video lapses were scored independently from tracking performance by a human rater. A subset of data was rated independently by three human raters observing both tracking performance and the video rating to identify behavioural microsleep events. The mean point-biserial correlation between FD and the mean human rating was -0.213 indicating modest agreement. Crossvalidated detection performance of the FD was poor with a mean correlation (.. = -0.099). This suggests that, on its own, FD of the EEG is unlikely to be useful for detecting microsleeps.","Peiris MR, Jones RD, Davidson PR, Bones PJ, Myall DJ",,,Conference proceedings : ... Annual International Conference of the IEEE Engineering in Medicine and Biology Society. IEEE Engineering in Medicine and Biology Society. Annual Conference,,2005,yes,"The paper investigates microsleeps, which are transitions between states of consciousness (wakefulness to sleep). This directly relates to consciousness research, particularly the detection of changes in conscious state. The study explicitly focuses on behavioral microsleeps and their neural correlates, making it clearly relevant to consciousness research.",yes,"This is clearly an empirical research article with original data collection and analysis. The study includes 15 subjects, specific measurements (EEG, EOG, video), and quantitative analysis.",yes,"The study directly analyzes empirical neural data, specifically EEG recordings. They use Higuchi's algorithm to calculate fractal dimension from EEG data.",yes,"The study applies fractal dimension (FD) analysis, which is a complexity-family measure. Fractal dimension is a quantitative measure that falls within the complexity/entropy family of measures. The study uses this as a primary analysis tool to detect microsleeps, not just theoretically discussing it.",Include,"This empirical research study investigates microsleeps using EEG data and fractal dimension analysis, directly addressing consciousness state transitions through quantitative neural complexity measures. The work meets all screening criteria by analyzing empirical neural data, applying complexity-family measures, and focusing on consciousness-related state changes in a methodologically rigorous manner.",,,4.9
Spectral entropy in monitoring anesthetic depth.,"Monitoring the brain response to hypnotics in general anesthesia, with the nociceptive and hemodynamic stimulus interaction, has been a subject of intense investigation for many years. Nowadays, monitors of depth of anesthesia are based in processed electroencephalogram by different algorithms, some of them unknown, to obtain a simplified numeric parameter approximate to brain activity state in each moment. In this review we evaluate if spectral entropy suitably reflects the brain electric behavior in response to hypnotics and the different intensity nociceptive stimulus effect during a surgical procedure.","Escontrela Rodríguez B, Gago Martínez A, Merino Julián I, Martínez Ruiz A",,,Revista espanola de anestesiologia y reanimacion,,2016,yes,"The paper explicitly focuses on consciousness-related states, specifically general anesthesia and depth of anesthesia monitoring, which directly relates to states of consciousness and transitions between them.",maybe,"The abstract indicates this is a review paper, and while it's not explicitly stated whether it's systematic, it appears to be a structured review of how spectral entropy relates to brain responses during anesthesia.",yes,"The paper focuses on processed electroencephalogram (EEG) data, which is a primary neural recording method. The review specifically examines how spectral entropy (a quantitative measure) is applied to EEG data during anesthesia.",yes,"The paper explicitly focuses on spectral entropy, which is a complexity-family measure. Spectral entropy is used to analyze brain electrical behavior in response to anesthetics and nociceptive stimuli.",Include,"This review systematically examines spectral entropy's application to brain electrical responses during general anesthesia, focusing on consciousness states and neural complexity measures. By analyzing EEG data and exploring how entropy reflects brain behavior under anesthetic conditions, the study meets key criteria for consciousness research involving empirical neural data and quantitative complexity-family measures.",,,4.6
Sellar xanthogranuloma manifesting as obstructive hydrocephalus.,"Xanthogranuloma of the sellar region is rare. It typically causes symptoms of pituitary dysfunction or visual change due to compression of the optic chiasm. However, to the best of our knowledge, no case of xanthogranuloma-associated hydrocephalus has been documented in the literature. This study describes a 32-year-old man afflicted with xanthogranuloma of the sellar region who presented with acute change in consciousness and associated obstructive hydrocephalus. A literature review and discussion regarding therapeutic options for this condition are presented.","Liu ZH, Tzaan WC, Wu YY, Chen HC",,,Journal of clinical neuroscience : official journal of the Neurosurgical Society of Australasia,,2008,no,"The paper mentions ""acute change in consciousness"" as a presenting symptom, but this appears to be incidental rather than the focus of investigation. The primary focus is on xanthogranuloma of the sellar region and its clinical manifestations. While consciousness is mentioned, it's not being studied as a primary research topic or in relation to neural mechanisms of consciousness.",yes,"This appears to be a case report with literature review, which is a type of empirical research article. However, it seems to be primarily descriptive rather than analytical. While it meets the basic criterion of being an empirical research article, it's not clear if it contains substantial original research.",no,"There is no indication in the abstract that any neural data (EEG, fMRI, etc.) was collected or analyzed. The study appears to focus on clinical presentation and imaging of the sellar region, but not specifically on neural recordings or measurements.",no,The abstract shows no evidence of applying any complexity-family measures. There's no mention of any quantitative analysis of neural signals or complexity metrics.,Exclude,"A clinical case report describing xanthogranuloma of the sellar region fails to meet the screening criteria for consciousness research, lacking empirical neural data analysis, complexity measures, or a primary focus on consciousness mechanisms. While mentioning consciousness as a symptom, the study does not systematically investigate neural states or apply quantitative complexity-family measures.",,Other / below screening threshold,1.4
Spinal cord lesion after long-term intrathecal clonidine and bupivacaine treatment for the management of intractable pain.,"Long-term intrathecal drug administration using implanted pumps is increasingly used in the treatment of chronic refractory pain [Anderson and Burchiel 1999, Neurosurgery 44 (1999) 289; Krames 2002, Best Pract Res Clin Anaesthesiol 16 (2002) 619; Wallace 2002, Neurology 59 (2002) S18]. Extensive clinical experience over the last 15 years suggests that in selected cases the technique is safe, although infections, system malfunction and drug-related complications have been reported. In most cases, drug-related spinal cord injuries have resulted from the compression of a spinal inflammatory mass or abcess rather than from a direct neurotoxic effect. We report on a case of toxic spinal cord lesion occurring after more than 3 years of uneventful continuous infusion of a mixture of bupivacaine and clonidine.","Perren F, Buchser E, Chédel D, Hirt L, Maeder P, Vingerhoets F",,,Pain,,2004,no,"The paper does not investigate consciousness, states of consciousness, or transitions between conscious states. It does not explicitly interpret findings in relation to consciousness or neural signatures/mechanisms of consciousness.",maybe,"The paper is a case report, which is a type of empirical research article, but it is a single clinical case rather than a systematic review or meta-analysis.",no,"The abstract does not mention any analysis of neural data, such as EEG, fMRI, or other neural recording methods. The focus appears to be on clinical outcomes rather than neural measurements.",no,There is no mention of any complexity-family measures or quantitative analyses of neural complexity. The paper appears to focus on clinical observations and outcomes rather than quantitative neural analysis.,Exclude,"This clinical case report about spinal cord injury lacks direct relevance to consciousness research, neural data analysis, or complexity measures. The study does not investigate states of consciousness, apply neural recording techniques, or employ quantitative complexity-family measures, thus failing to meet the core screening criteria for inclusion.",,Other / below screening threshold,0.1
Fractal-dimension analysis detects cerebral changes in preterm infants with and without intrauterine growth restriction.,"In the search for a useful parameter to detect and quantify subtle brain abnormalities in infants with intrauterine growth restriction (IUGR), we hypothesised that the analysis of the structural complexity of grey matter (GM) and white matter (WM) using the fractal dimension (FD), a measurement of the topological complexity of an object, could be established as a useful tool for quantitative studies of infant brain morphology. We studied a sample of 18 singleton IUGR premature infants, (12.72 months corrected age (CA), range: 12 months-14 months), 15 preterm infants matched one-to-one for gestational age (GA) at delivery (12.6 months; range: 12 months-14 months), and 15 neonates born at term (12.4 months; range: 11 months-14 months). The neurodevelopmental outcome was assessed in all subjects at 18 months CA according to the Bayley Scale for Infant and Toddler Development - Third edition (BSID-III). For MRI acquisition and processing, the infants were scanned at 12 months CA, in a TIM TRIO 3T scanner, sleeping naturally. Images were pre-processed using the SPM5 toolbox, the GM and WM segmented under the VBM5 toolbox, and the box-counting method was applied for FD calculation of normal and skeletonized segmented images. The results showed a significant decrease of the FD of the brain GM and WM in the IUGR group when compared to the preterm or at-term controls. We also identified a significant linear tendency of both GM and WM FD from IUGR to preterm and term groups. Finally, multiple linear analyses between the FD of the GM or WM and the neurodevelopmental scales showed a significant regression of the language and motor scales with the FD of the GM. In conclusion, a decreased FD of the GM and WM in IUGR infants could be a sensitive indicator for the investigation of structural brain abnormalities in the IUGR population at 12 months of age, which can also be related to functional disorders.","Esteban FJ, Padilla N, Sanz-Cortés M, de Miras JR, Bargalló N, Villoslada P, Gratacós E",,,NeuroImage,,2010,no,"The paper does not explicitly investigate consciousness or states of consciousness. While it studies brain structure in infants with intrauterine growth restriction (IUGR), it focuses on structural complexity and neurodevelopmental outcomes rather than consciousness-related phenomena. The study does not interpret findings in relation to consciousness or its neural mechanisms.",yes,"The paper is clearly an empirical research article with original data collection and analysis. It includes a sample of 48 infants (18 IUGR, 15 preterm, 15 term) with MRI measurements and neurodevelopmental assessments.",maybe,"The study uses MRI data to analyze brain structure, specifically grey and white matter. While MRI is a neural imaging technique, the analysis focuses on structural complexity (fractal dimension) rather than functional neural activity or connectivity.",maybe,"The study does apply a complexity-family measure (fractal dimension) to analyze brain structure. However, this is used to assess structural complexity rather than functional complexity or information processing in the brain. While fractal dimension is a legitimate complexity measure, its application here is not in the context of consciousness or neural information processing.",Include,"This empirical research study on infant brain structure uses MRI and complexity measures, but lacks explicit investigation of consciousness or conscious states. While the paper applies quantitative complexity measures to neural data, its primary focus is on structural brain development in intrauterine growth restriction, not consciousness-related neural mechanisms. Consequently, the study does not meet the core screening criteria for consciousness research.",,,2.5
Comparison of high versus low frequency cerebral physiology for cerebrovascular reactivity assessment in traumatic brain injury: a multi-center pilot study.,"Current accepted cerebrovascular reactivity indices suffer from the need of high frequency data capture and export for post-acquisition processing. The role for minute-by-minute data in cerebrovascular reactivity monitoring remains uncertain. The goal was to explore the statistical time-series relationships between intra-cranial pressure (ICP), mean arterial pressure (MAP) and pressure reactivity index (PRx) using both 10-s and minute data update frequency in TBI. Prospective data from 31 patients from 3 centers with moderate/severe TBI and high-frequency archived physiology were reviewed. Both 10-s by 10-s and minute-by-minute mean values were derived for ICP and MAP for each patient. Similarly, PRx was derived using 30 consecutive 10-s data points, updated every minute. While long-PRx (L-PRx) was derived via similar methodology using minute-by-minute data, with L-PRx derived using various window lengths (5, 10, 20, 30, 40, and 60 min; denoted L-PRx_5, etc.). Time-series autoregressive integrative moving average (ARIMA) and vector autoregressive integrative moving average (VARIMA) models were created to analyze the relationship of these parameters over time. ARIMA modelling, Granger causality testing and VARIMA impulse response function (IRF) plotting demonstrated that similar information is carried in minute mean ICP and MAP data, compared to 10-s mean slow-wave ICP and MAP data. Shorter window L-PRx variants, such as L-PRx_5, appear to have a similar ARIMA structure, have a linear association with PRx and display moderate-to-strong correlations (r ~ 0.700, p < 0.0001 for each patient). Thus, these particular L-PRx variants appear closest in nature to standard PRx. ICP and MAP derived via 10-s or minute based averaging display similar statistical time-series structure and co-variance patterns. PRx and L-PRx based on shorter windows also behave similarly over time. These results imply certain L-PRx variants may carry similar information to PRx in TBI.","Thelin EP, Raj R, Bellander BM, Nelson D, Piippo-Karjalainen A, Siironen J, Tanskanen P, Hawryluk G, Hasen M, Unger B, Zeiler FA",,,Journal of clinical monitoring and computing,,2020,no,"The paper does not investigate consciousness, states of consciousness, or transitions between conscious states. It also does not explicitly interpret findings in relation to consciousness or neural signatures/mechanisms of consciousness. The focus is on physiological parameters (ICP, MAP, PRx) and their statistical relationships in traumatic brain injury (TBI) patients.",yes,"This is an empirical research article analyzing data from 31 TBI patients across three centers, including original data analysis and statistical modeling.",no,"The study analyzes physiological data (ICP and MAP) but does not appear to analyze neural data in the sense specified by the criteria (EEG, MEG, fMRI, etc.). While ICP monitoring involves intracranial measurements, it's not specifically neural recording data as defined in the criteria.",no,"The study uses time-series analysis methods (ARIMA, VARIMA) and Granger causality testing, which are quantitative measures. However, these are not specifically complexity-family measures as defined in the criteria. While Granger causality is mentioned, it's used as a statistical tool rather than as a complexity measure.",Exclude,"This study of traumatic brain injury focuses on physiological parameters and statistical relationships, lacking direct investigation of consciousness or neural mechanisms. The research does not analyze neural data, apply complexity-family measures, or explicitly interpret findings in relation to consciousness. Consequently, the paper does not meet the specified screening criteria for consciousness research.",,Other / below screening threshold,1.4
Circadian clock resetting by arousal in Syrian hamsters: the role of stress and activity.,"Circadian rhythms in the Syrian hamster can be markedly phase shifted by 3 h of wheel running or arousal stimulation during their usual daily rest period (""subjective day""). Continuous wheel running is predictive but not necessary for phase shifts of this ""nonphotic"" type; hamsters aroused by gentle handling without running can also show maximal shifts. By contrast, physical restraint, a standard stress procedure and thus presumably arousing, is ineffective. To resolve this apparent paradox, phase-shifting effects of 3-h sessions of restraint or other stress procedures were assessed. In a preliminary study, phase shifts to arousal by gentle handling were significantly potentiated by the cortisol synthesis inhibitor metyrapone, suggesting that stress-related cortisol release may inhibit phase shifts to arousal. Next, it was confirmed that restraint in the subjective day does not induce phase shifts, but behavioral observations revealed that it also does not sustain arousal. Restraint combined with noxious compressed air blasts did sustain arousal and induced a significant cortisol response compared with arousal by gentle handling but did not induce shifts. Restraint combined with continuous horizontal rotation was also ineffective, as was EEG-validated arousal via confinement to a pedestal over water. However, 3 h of resident-intruder interactions (an intense psychosocial stress) or exposure to an open field (a mild stress) did induce large shifts that were positively correlated with indexes of forward locomotion. The results indicate that large phase shifts associated with arousal in the usual sleep period are neither induced nor prevented by stress per se, but are dependent on the expression of at least low levels of locomotor activity. Sustained arousal alone is not sufficient.","Mistlberger RE, Antle MC, Webb IC, Jones M, Weinberg J, Pollock MS",,,"American journal of physiology. Regulatory, integrative and comparative physiology",,2003,no,"The paper focuses on circadian rhythms and arousal in hamsters, but does not explicitly investigate consciousness or states of consciousness. While arousal is related to consciousness, the study's primary focus is on circadian rhythm phase shifting rather than consciousness mechanisms. The arousal discussed is more about behavioral activation than conscious states.",yes,This appears to be an empirical research article with experimental manipulations and measurements. The abstract describes specific experiments with controlled conditions and measured outcomes.,no,"While the study mentions EEG validation of arousal, this appears to be used only as a validation tool rather than as a primary neural data analysis. The main measurements focus on behavioral outcomes and cortisol responses rather than neural recordings.",no,"The abstract does not mention any complexity-family measures. The analyses appear to focus on phase shifts, behavioral measures, and cortisol responses rather than complexity or information-theoretic analyses of neural data.",Exclude,"The study primarily investigates circadian rhythm phase shifts in hamsters through behavioral and physiological measurements, lacking explicit focus on consciousness research or neural complexity analysis. While an empirical research article, it does not meet key screening criteria related to consciousness investigation, neural data analysis, or complexity-family measures. The research is fundamentally a behavioral and physiological study of arousal and circadian rhythms rather than a consciousness-focused neural investigation.",,Other / below screening threshold,1.4
Comparison of Waveforms Between Noninvasive and Invasive Monitoring of Intracranial Pressure.,"Intracranial pressure (ICP) is an important invasive monitoring parameter in management of patients with acute brain injury and compromised compliance. This study aimed to compare waveforms obtained from standard ICP monitoring and noninvasive ICP monitoring (nICP) methods.We analyzed continuous arterial blood pressure (ABP) waves, ICP (with standard monitoring), and nICP recorded simultaneously. All signal recordings were sliced into data chunks, each 1 min in duration, and from the mean pulse, we determined the time to peak (Tp) and the ratio between tidal and percussion waves (P2/P1). We also calculated the Isomap projection of the pulses into a bidimensional space-K1 and K2. The defined nICP and ICP parameters were compared using a unilateral Wilcoxon-Mann-Whitney test. The Pearson correlation coefficient and normalized mutual information were used to verify the association between parameters.In total, 1504 min of monitoring from ten patients were studied. Nine of the patients were male. The mean age of the patients was 58.4 ± 10.4 years, and they had an initial Glasgow Coma Scale of 9 ± 4, a mean Simplified Acute Physiology Score (SAPS II) of 45.6, and an intensive care unit stay of 44 ± 45 days. With the exception of Tp, all parameters showed a weak linear association but presented a strong nonlinear association.Mutual information analysis and a bigger sample size would be helpful to build more refined models and to improve understanding of the waveform relationships.","Gomes I, Shibaki J, Padua B, Silva F, Gonçalves T, Spavieri-Junior DL, Frigieri G, Mascarenhas S, Dias C",,,Acta neurochirurgica. Supplement,,2021,no,"The paper does not explicitly investigate consciousness, states of consciousness, or transitions between conscious states. While it mentions Glasgow Coma Scale scores, which relate to consciousness, the study itself does not interpret findings in relation to consciousness or neural signatures/mechanisms of consciousness.",yes,"This is an empirical research article with original data analysis from 10 patients, including quantitative measurements and statistical analysis, which meets the criteria for being an empirical research article.",no,"The study analyzes physiological signals (ICP, ABP) but does not analyze neural data in the sense specified by the criteria (EEG, MEG, fMRI, etc.). While ICP is related to brain function, it is not a direct neural recording method as specified in the criteria.",maybe,"The study does use some quantitative measures including mutual information, which is mentioned as one of the complexity-family measures in the criteria. However, this appears to be used as a secondary analysis tool rather than as a primary analysis of neural complexity.",Exclude,"This study on intracranial pressure monitoring fails to meet key screening criteria related to consciousness research and neural data analysis. While an empirical research article, the paper does not investigate consciousness states, lacks direct neural recording methods, and only marginally applies complexity measures in a non-neural context. Consequently, the study does not align with the specified research focus.",,Other / below screening threshold,1.4
An autonomic mode of brain activity.,"The relevance of interactions between autonomic and central nervous systems remains unclear for human brain function and health, particularly when both systems are challenged under sleep deprivation (SD). We measured brain activity (with fMRI), pulse and respiratory signals, and baseline brain amyloid beta burden (with PET) in healthy participants. We found that SD relative to rested wakefulness (RW) resulted in a significant increase in synchronized low frequency (LF, < 0.1 Hz) activity in an autonomically-related network (AN), including dorsal attention, visual, and sensorimotor regions, which we previously found to have consistent temporal coupling with LF pulse signal changes (regulated by sympathetic tone). SD resulted in a significant phase coherence between the LF component of the pulse signal and a medial network with peak effects in the midbrain reticular formation, and between LF component of the respiratory variations (regulated by respiratory motor output) and a cerebellar network. The LF power of AN during SD was significantly and independently correlated with pulse-medial network and respiratory-cerebellar network phase coherences (total adjusted R2 = 0.78). Higher LF power of AN during SD (but not RW) was associated with lower amyloid beta burden (Cohen's d = 0.8). In sum, SD triggered an autonomic mode of synchronized brain activity that was associated with distinct autonomic-central interactions. Findings highlight the direct relevance of global cortical synchronization to brain clearance mechanisms.","Shokri-Kojori E, Tomasi D, Demiral SB, Wang GJ, Volkow ND",,,Progress in neurobiology,,2023,maybe,"The paper investigates sleep deprivation and its effects on brain activity compared to rested wakefulness, which are states of consciousness. While the primary focus appears to be on autonomic-central nervous system interactions rather than consciousness per se, the study does examine transitions between conscious states (wakefulness and sleep-deprived states) and their neural correlates.",yes,"This is clearly an empirical research article with original data collection and analysis, including fMRI, pulse, respiratory signals, and PET measurements.",yes,"The study directly analyzes empirical neural data through fMRI measurements of brain activity, along with other physiological measurements.",maybe,"The study uses phase coherence analysis and low-frequency power measurements, which are quantitative measures of neural synchronization and complexity. While these aren't explicitly listed in the example measures in the criteria, phase coherence is related to measures like PLV/wPLI mentioned in the criteria. The study also examines network interactions and synchronization patterns.",Include,"This empirical research article analyzes neural data through fMRI and physiological measurements, examining sleep deprivation's impact on brain activity and autonomic-central nervous system interactions. While the study partially addresses consciousness research by investigating transitions between wakeful states, its primary focus is on neural synchronization and physiological mechanisms rather than direct consciousness exploration. The research meets key screening criteria through its quantitative approach and empirical neural data analysis.",,,4
Association Between Positive Occipital Sharp Transients of Sleep and Lambda Waves.,"Positive occipital sharp transients of sleep (POSTS) and lambda waves have similar morphology and location. We studied a possible association between these 2 normal EEG patterns. We reviewed a series of consecutive unselected ambulatory EEGs during a 3-month period (October 16, 2017 to January 19, 2018) and identified records with POSTS and records with lambda waves. Statistical analysis was performed using a chi-square test. A total of 140 ambulatory EEGs were reviewed. Duration of EEGs ranged from 24 to 168 hours (mean 76 hours). The population was 34% males, with ages ranging from 3 to 93 years (mean 48 years). Of the 140 records, 30 were abnormal, including 20 with epileptiform abnormalities. A chi-square test for independence (with Yates continuity correction) indicated a significant association between POSTS and lambda waves, χ2(1, n = 140) = 69.208, p < .001, φ = 0.72. In addition, 100% of records with lambda waves had POSTS, and 72% of records with POSTS had lambda waves. There is a high association between lambda waves and POSTS. This suggests a strong similarity between the 2 waveforms, and possibly a common occipital generator.","Amin U, Sullivan L, Trudeau P, Benbadis SR",,,Clinical EEG and neuroscience,,2019,maybe,"The paper focuses on sleep-related EEG patterns (POSTS and lambda waves) rather than explicitly investigating consciousness or its neural mechanisms. While sleep is a state of consciousness, the paper appears to be primarily focused on the morphological and statistical association between these two EEG patterns rather than consciousness itself.",yes,"This is clearly an empirical research article that analyzes EEG data from 140 ambulatory EEG recordings, meeting the criteria for an eligible study type.",yes,"The study directly analyzes empirical neural data (EEG recordings), meeting the criteria for empirical neural data application.",no,"The paper appears to use only basic statistical analysis (chi-square test) to examine the association between POSTS and lambda waves. There is no mention of complexity-family measures, entropy measures, or other advanced quantitative analyses specified in the criteria.",Include,"This empirical EEG study analyzes sleep-related neural patterns using basic statistical methods, but lacks explicit focus on consciousness mechanisms or advanced complexity measures. While the research involves neural data and represents an empirical investigation, it does not centrally address consciousness research or employ sophisticated quantitative complexity analyses. The peripheral connection to consciousness and absence of complex neural metrics suggest limited alignment with the specified screening criteria.",,,2.7
Response of muscle proprioceptors to spinal manipulative-like loads in the anesthetized cat.,"OBJECTIVE: The mechanisms underlying the benefits of spinal manipulation are not well understood. Neurophysiological mechanisms likely mediate its effects, at least in part, yet we know little about how the nervous system is affected by spinal manipulation. The purpose of the present study was to determine whether muscle spindles and Golgi tendon organs in paraspinal muscles respond to a mechanical load whose force-time profile is similar to that of a spinal manipulation. METHODS: Experiments were performed on 10 anesthetized adult cats. The L6 dorsal root was isolated for electrophysiological recordings while the L6-L7 vertebrae and associated paraspinal tissues on one side of the vertebral column were left intact. Single unit recordings were obtained from 5 muscle spindles, 4 Golgi tendon organs, and 1 presumed Pacinian corpuscle afferent with receptive fields in paraspinal muscles. Loads were applied at the spinous process of the L6 vertebra through use of an electronic feedback control system. The load simulated the force-time profile of a spinal manipulation. Loads were applied in compressive and distractive directions and at 2 different angles (0 degrees and 45 degrees) with respect to the long axis of the vertebral column. RESULTS: Golgi tendon organ afferent discharge frequency increased more to the impulse than to the preload during 13 of 15 spinal manipulations. Generally, the 4 Golgi tendon organ afferents became silent immediately at the end of each impulse. Similarly, muscle spindle discharge frequency increased more to the impulse than to the preload during 10 of 16 manipulations. Distractive manipulations loaded the spindles more effectively than compressive manipulations. After 7 of these 10 manipulations, muscle spindles became silent for 1.3 +/- 0.6 seconds (range, 0.1-4.3 seconds). Six of the 16 manipulations unloaded the muscle spindles. A presumed Pacinian corpuscle responded to the impulse of a manipulative-like load but not to loads with a slower force-time profile. CONCLUSION: The data suggest that the high-velocity, short-duration load delivered during the impulse of a spinal manipulation can stimulate muscle spindles and Golgi tendon organs more than the preload. The physiologically relevant portion of the manipulation may relate to its ability to increase as well as decrease the discharge of muscle proprioceptors. In addition, the preload, even in the absence of the impulse, can change the discharge of paraspinal muscle spindles. Loading of the vertebral column during a sham manipulation may affect the discharge of paraspinal proprioceptors.","Pickar JG, Wheeler JD",,,Journal of manipulative and physiological therapeutics,,2001,no,"The paper does not investigate consciousness, states of consciousness, or transitions between conscious states. It focuses on neurophysiological mechanisms of spinal manipulation, specifically examining muscle spindles and Golgi tendon organs in anesthetized cats, which is not directly related to consciousness research.",yes,"This is an empirical research article with original experimental data, including detailed methodology and results from electrophysiological recordings in cats.",maybe,"The study analyzes empirical neural data, specifically single-unit recordings from muscle spindles, Golgi tendon organs, and Pacinian corpuscle afferents. However, these are peripheral neural recordings rather than central nervous system recordings typically associated with consciousness research.",no,The paper uses basic quantitative measures (discharge frequency) but does not apply any of the specified complexity-family measures. The analysis focuses on simple frequency measurements and temporal patterns of neural discharge rather than complexity metrics.,Exclude,"This empirical study on spinal manipulation in cats lacks direct relevance to consciousness research, failing to investigate conscious states or apply complexity-family measures. While the research involves neural recordings and represents an original experimental study, it does not meet the core screening criteria focused on consciousness and advanced neural complexity analysis.",,Other / below screening threshold,1.4
On the state-nonstate theory of hypnosis: network and topological EEG findings.,"Hypnosis is a state of consciousness spontaneously occurring or induced through various techniques. Its occurrence is more likely in individuals with high scores of hypnotizability (highs) than in low hypnotizables (lows). The study aimed to assess the topological homogeneity within highs and lows during neutral hypnosis, and the EEG topological characteristics of highs and lows before and after hypnotic induction experienced as an altered state of consciousness only by highs. Sixteen highs and 16 lows were enrolled, informed that they would be submitted to hypnotic induction and studied across a session including open and closed eyes waking rest, hypnotic induction, neutral hypnosis, and post hypnosis open eyes rest. EEG was monitored throughout the session. Network analysis showed greater identifiability (less homogeneity) among lows than among highs. It revealed a similar pattern of changes in functional connectivity and topological properties-homological persistence and persistent entropy, which describe multiscale integration patterns-in the two groups across the session. Findings suggest that neutral hypnosis represents a modulation of the ordinary consciousness within its physiological variability rather than a distinct physiological state. Neither network nor topological differences account for the different subjective experiences of highs and lows.","Lucas M, Aime N, Callara A, Fontanelli L, Sebastiani L, Santarcangelo EL, Petri G",,,"Cerebral cortex (New York, N.Y. : 1991)",,2025,yes,The paper explicitly focuses on hypnosis as a state of consciousness and investigates transitions between conscious states (waking rest vs. hypnosis). It directly examines differences in consciousness between high and low hypnotizables and interprets findings in relation to consciousness states.,yes,This is clearly an empirical research article with original data collection and analysis. The study includes 32 participants (16 highs and 16 lows) and presents original experimental findings.,yes,The study explicitly uses EEG recordings throughout the experimental session and analyzes them using network analysis and topological measures. This is clearly empirical neural data analysis.,yes,"The study applies multiple complexity-family measures including network analysis, functional connectivity measures, topological properties, homological persistence, and persistent entropy. These are sophisticated quantitative measures that fall within the complexity-family measures specified in the criteria.",Include,"This empirical research study comprehensively investigates consciousness states through EEG analysis, focusing on hypnosis and neural network characteristics across different hypnotizability levels. The research applies sophisticated quantitative complexity measures to examine transitions between conscious states, utilizing advanced topological and network analysis techniques to explore neural dynamics. By systematically analyzing empirical neural data and employing complexity-family measures, the study provides a rigorous scientific approach to understanding consciousness variations.",,,4.9
Is Hypnotic Induction Necessary to Experience Hypnosis and Responsible for Changes in Brain Activity?,"The relevance of formal hypnotic induction to the experience of trance and its neural correlates is not clear, in that hypnotizability, beliefs and expectation of hypnosis may play a major role. The aim of the study was assessing the EEG brain activity of participants with high (highs) or low hypnotizability scores (lows), aware of their hypnotizability level and informed that the session will include simple relaxation, formal hypnotic induction and neutral hypnosis. A total of 16 highs and 15 lows (according to the Stanford Hypnotic Susceptibility Scale, form A) were enrolled. Their EEGs were recorded during consecutive conditions of open/closed-eyes relaxation, hypnotic induction, neutral hypnosis and post hypnosis not interrupted by interviews. The studied variables were theta, alpha and gamma power spectral density (PSD), and the Determinism (DET) and Entropy (ENT) of the EEG signal Multidimensional Recurrence Plot (mRP). Highs reported significantly greater changes in their state of consciousness than lows across the session. The theta, alpha and gamma PSD did not exhibit condition-related changes in both groups. The Alpha PSD was larger in highs than in lows on midline sites, and the different sides/regions' theta and gamma PSD were observed in the two groups independently from conditions. ENT showed no correlation with hypnotizability, while DET positively correlated with hypnotizability during hypnosis. In conclusion, the relevance of formal hypnotic induction to the experience of trance may be scarce in highs, as they are aware of their hypnotizability scores and expecting hypnosis. Cognitive processing varies throughout the session depending on the hypnotizability level.","Callara AL, Zelič Ž, Fontanelli L, Greco A, Santarcangelo EL, Sebastiani L",,,Brain sciences,,2023,yes,"The paper directly investigates states of consciousness, specifically hypnotic trance states and transitions between different states of consciousness (relaxation, hypnosis, post-hypnosis). The study explicitly examines changes in state of consciousness and their neural correlates.",yes,This is clearly an empirical research article with original data collection and analysis. The study includes 31 participants (16 highs and 15 lows) and presents specific experimental conditions and measurements.,yes,"The study directly analyzes empirical neural data through EEG recordings, including specific measures like power spectral density (PSD) across theta, alpha, and gamma bands, as well as multidimensional recurrence plot (mRP) analysis.",yes,"The study explicitly applies multiple complexity-family measures: Determinism (DET) from multidimensional recurrence plots, Entropy (ENT) from multidimensional recurrence plots, and Power spectral density analysis across different frequency bands. These are applied as primary analyses to the empirical EEG data.",Include,"This empirical research study comprehensively investigates consciousness states through EEG analysis, applying multiple complexity measures to neural data from participants with varying hypnotizability levels. The work directly examines transitions between conscious states, utilizing quantitative complexity-family measures like determinism and entropy to analyze neural correlates of hypnosis. By systematically exploring consciousness through empirical neural recordings and advanced analytical techniques, the study meets all specified screening criteria with high methodological rigor.",,,4.9
Detrended fluctuation analysis of intracranial pressure predicts outcome following traumatic brain injury.,"Detrended fluctuation analysis (DFA) is a recently developed technique suitable for describing scaling behavior of variability in physiological signals. The purpose of this study is to explore applicability of DFA methods to intracranial pressure (ICP) signals recorded in patients with traumatic brain injury (TBI). In addition to establishing the degree of fit of the power-law scaling model of detrended fluctuations of ICP in TBI patients, we also examined the relationship of DFA coefficients (scaling exponent and intercept) to: 1) measures of initial neurological functioning; 2) measures of functional outcome at six month follow-up; and 3) measures of outcome, controlling for patient characteristics, and initial neurological status. In a sample of 147 moderate-to-severely injured TBI patients, we found that a higher DFA scaling exponent is significantly associated with poorer initial neurological functioning, and that lower DFA intercept and higher DFA scaling exponent jointly predict poorer functional outcome at six month follow-up, even after statistical control for covariates reflecting initial neurological condition. DFA describes properties of ICP signal in TBI patients that are associated with both initial neurological condition and outcome at six months postinjury.","Burr RL, Kirkness CJ, Mitchell PH",,,IEEE transactions on bio-medical engineering,,2008,maybe,"The paper focuses on traumatic brain injury (TBI) and intracranial pressure (ICP) signals, which are related to brain function but do not explicitly investigate consciousness or states of consciousness. The focus appears to be on clinical outcomes and neurological functioning rather than consciousness per se.",yes,"This is an empirical research article with original data analysis of 147 TBI patients, including quantitative analysis and statistical testing of relationships between DFA measures and clinical outcomes.",maybe,"The study analyzes intracranial pressure (ICP) signals, which are physiological signals from the brain. However, ICP is not strictly a neural recording method in the sense of measuring neural activity directly (like EEG, LFP, or spike recordings). While ICP is related to brain function, it's more of a mechanical/pressure measurement.",yes,"The study explicitly uses Detrended Fluctuation Analysis (DFA), which is a complexity-family measure that analyzes scaling behavior and fractal properties of time series data. The paper applies this measure as a primary analysis tool to understand the properties of ICP signals and their relationship to clinical outcomes.",Include,"The study employs Detrended Fluctuation Analysis on intracranial pressure signals from traumatic brain injury patients, demonstrating a quantitative complexity measure applied to empirical physiological data. While the research provides insights into brain dynamics, it lacks an explicit consciousness research context and does not directly measure neural activity through traditional neural recording methods. The analysis focuses on clinical outcomes and neurological functioning rather than consciousness mechanisms.",,,3.5
Brain signal complexity tracks mind-wandering and visual perceptual learning.,"Often characterized as thoughts unrelated to the ongoing task, mind-wandering occupies up to 50% of our waking hours and impacts neural and behavioural functioning. Until now, research has focused on the impact of mind-wandering on immediate task performance, but its relationship to neural states that support learning-related gains over time remains unclear. Previous research examining brain signal complexity during task performance showed that periods of mind-wandering were associated with higher signal complexity compared with on-task states, reflecting increased neural flexibility. The primary aim of this study was to investigate whether higher signal complexity associated with mind-wandering may represent a flexible neural state conducive to longer-term learning. Twenty-six adults underwent electroencephalography recording while performing a visual texture discrimination task before and after a training period, with their attention state probed throughout the task. Task performance improved and N1 and P3 event-related potential (ERP) amplitudes were modulated significantly following training (p's < 0.01). Moreover, greater pre- and post-training mind-wandering, better post-training performance, and larger ERP amplitudes were all associated with higher signal complexity (p's < 0.05). Overall, these results suggest that greater engagement in mind-wandering is linked to a high-flexibility brain state that supports longer-term learning in low-level perceptual tasks.","Krile L, Burles F, Chohan K, Kelly M, Kam JWY, Protzner AB",,,Scientific reports,,2025,maybe,"The paper investigates mind-wandering, which is a state of consciousness characterized by thoughts unrelated to the ongoing task. While not explicitly framed as a consciousness study, it examines transitions between conscious states (on-task vs. mind-wandering) and their neural correlates. The study also looks at neural flexibility and states that support learning, which are relevant to consciousness research.",yes,This is clearly an empirical research article with original data collection and analysis. The study includes 26 participants and reports specific statistical results (p-values).,yes,The study explicitly uses EEG recordings and analyzes event-related potentials (N1 and P3 ERPs).,maybe,"The study explicitly mentions analyzing ""signal complexity"" and discusses neural flexibility, though the specific complexity measures used are not detailed in the abstract. While this suggests complexity measures were used, there's some uncertainty about whether they were from the ""complexity-family"" specified in the criteria.",Include,"This empirical research study investigates mind-wandering using EEG recordings, analyzing neural states and complexity during a visual discrimination task. The work meets key screening criteria by examining conscious states, utilizing empirical neural data, and exploring signal complexity, though some uncertainty exists regarding the specific complexity measures employed. The research provides insights into neural flexibility and learning-related brain states through quantitative analysis of mind-wandering.",,,4.3
From relaxed beliefs under psychedelics (REBUS) to revised beliefs after psychedelics (REBAS).,"The Relaxed Beliefs Under pSychedelics (REBUS) model proposes that serotonergic psychedelics decrease the precision weighting of neurobiologically-encoded beliefs. We conducted a preliminary examination of two psychological assumptions of REBUS: (a) psychedelics foster acute relaxation and post-acute revision of confidence in mental-health-relevant beliefs; which (b) facilitate positive therapeutic outcomes and are associated with the entropy of EEG signals. Healthy individuals (N = 11) were administered 1 mg and 25 mg psilocybin 4-weeks apart. Confidence ratings for personally held beliefs were obtained before, during, and 4-weeks post-psilocybin. Acute entropy and subjective experiences were measured, as was well-being (before and 4-weeks post-psilocybin). Confidence in negative self-beliefs decreased following 25 mg psilocybin. Entropy and subjective effects under 25 mg psilocybin correlated with decreases in negative self-belief confidence (acutely and at 4-weeks). Particularly strong evidence was seen for a relationship between decreases in negative self-belief confidence and increases in well-being. We report the first empirical evidence that the relaxation and revision of negative self-belief confidence mediates psilocybin's positive psychological outcomes, and provide tentative evidence for a neuronal mechanism, namely, increased neuronal entropy. Replication within larger and clinical samples is necessary. We also introduce a new measure for examining the robustness of these preliminary findings and the utility of the REBUS model.","Zeifman RJ, Spriggs MJ, Kettner H, Lyons T, Rosas FE, Mediano PAM, Erritzoe D, Carhart-Harris RL",,,Scientific reports,,2025,yes,The paper investigates consciousness-related phenomena through the study of psychedelic-induced changes in consciousness and their neural correlates. The REBUS model specifically addresses how psychedelics affect belief systems and consciousness.,yes,"This is an empirical research article with original data collection and analysis. The study includes 11 participants and measures multiple variables (EEG, confidence ratings, well-being) across different time points.",yes,"The study explicitly mentions analyzing EEG data and specifically measures entropy of EEG signals, which is a clear application of empirical neural data.",yes,The study explicitly uses entropy as a quantitative measure on EEG data. Entropy is specifically mentioned as a complexity-family measure that was analyzed in relation to the psychological outcomes.,Include,"This empirical research study investigates consciousness through psychedelic-induced changes, utilizing EEG entropy as a neural complexity measure to examine belief system modifications. The work meets all screening criteria by providing original data on neural correlates of consciousness, applying quantitative complexity measures, and systematically analyzing empirical neural data across multiple time points. The research offers a novel approach to understanding consciousness through the lens of psychedelic experiences and neural entropy.",,,4.9
Iatrogenic fractures in ankylosing spondylitis--a report of two cases.,"STUDY DESIGN: Two cases of intraoperative, iatrogenic cervical spine fractures in patients with ankylosing spondylitis are reported. OBJECTIVE: To describe the uncommon complication of iatrogenic cervical spine fractures occurring during spine surgery in patients with ankylosing spondylitis. SUMMARY OF BACKGROUND DATA: To our knowledge, this is the first report on this rare complication. METHODS: A 39-year-old patient (1) with ankylosing spondylitis was operated on for cervical stenosis due to C1/2 anterolisthesis. Fifteen hours postoperatively, he developed acute quadriplegia. MRI revealed a fracture/dislocation of C6 on C7 and compression of the spinal cord at this level. Revision was performed with decompression and instrumentation from the occiput to T3. A 55-year-old patient (2) with ankylosing spondylitis and thoracic hyperkyphosis underwent a correction procedure consisting of costotransversectomy, anterior cage implantation at T8/9, and posterior instrumentation from T4 to L1. Halo traction was temporarily applied for correction. At the end of the operation, with the patient still under anesthesia, increased mobility of the cervical spine was noticed. Emergent MRI revealed a fracture of the anterior structures of C6/7. Posterior instrumentation from C5 to T1 was then performed. RESULTS: Quadriplegia persisted in patient 1 until his death secondary to further complications. Patient 2 was mobilized without any neurologic deficits. The fracture healed in good alignment. CONCLUSIONS: Iatrogenic fractures of the cervical spine during surgery in ankylosing spondylitis patients are a rare but potentially severe complication. Early diagnosis and therapy are necessary before dislocation, cord compression, and subsequent neurologic impairment occur.","Ruf M, Rehm S, Poeckler-Schoeniger C, Merk HR, Harms J",,,"European spine journal : official publication of the European Spine Society, the European Spinal Deformity Society, and the European Section of the Cervical Spine Research Society",,2006,no,"The paper does not investigate consciousness, states of consciousness, or transitions between conscious states. While it mentions anesthesia and neurological outcomes, these are discussed as clinical outcomes rather than in the context of consciousness research.",yes,"The paper is an empirical research article reporting two clinical cases, which meets the criterion for an eligible study type.",no,"The paper does not analyze any neural data, such as EEG, MEG, fMRI/BOLD, or other neural recordings. It only uses MRI for structural imaging.",no,"The paper does not apply any quantitative complexity-family measures, such as entropy, Lempel-Ziv complexity, or other measures. The analysis is purely clinical and structural, focusing on surgical outcomes and complications.",Exclude,"This clinical case report on surgical complications in ankylosing spondylitis patients fails to meet the systematic review's core screening criteria related to consciousness research. The study lacks investigation of consciousness states, does not analyze neural data, and does not apply complexity-family measures, rendering it outside the intended research scope.",,Other / below screening threshold,0.1
Microvascular obstruction extent predicts major adverse cardiovascular events in patients with acute myocardial infarction and preserved ejection fraction.,"OBJECTIVES: To investigate the prognostic role of early post-infarction cardiac magnetic resonance (CMR) on long-term risk stratification of ST segment elevation myocardial infarction (STEMI) patients with preserved left ventricular ejection fraction (LVEF). METHODS: Seventy-seven STEMI patients treated by primary percutaneous coronary intervention (PCI) and LVEF > 50% at CMR were included. The median time between STEMI and CMR was 5 days (IQR 2-8). LV volumes and function, area at risk (on T2 weighted images), infarcted myocardium (on late enhanced images), intramyocardial hemorrhage, and early and late microvascular obstruction (MVO) were detected and measured. CMR tissue determinants were correlated with the incidence of major adverse cardiovascular events (MACEs) over a 5-year follow-up. RESULTS: During median follow-up of 4 years (range 3 to 5 years), eight (10%) patients experienced MACE, yielding an annualized event rate of 2.1%. All CMR tissue markers were not significantly different between MACE and no-MACE patients, except for the presence of late MVO (50% vs. 16%, respectively; p = 0.044) and its extent (2.30 ± 1.64 g vs. 0.18 ± 0.12 g, respectively; p = 0.000). From receiver-operating characteristic (ROC) curve (area under the curve 0.89; 95% confidence interval, 0.75-1.0; p = 0.000), late MVO extent > 0.385 g was a strong independent predictor of MACE at long-term follow-up (sensitivity = 87%, specificity = 90%; hazard ratio = 2.24; 95% confidence interval, 1.51-3.33; p = 0.000). CONCLUSIONS: Late MVO extent after primary PCI on CMR seems to be a strong predictor of MACE at 5-year follow-up in patients with LVEF > 50%. Noticeably, late MVO extent > 0.385 g provided relevant prognostic insights leading to improved long-term risk stratification. KEY POINTS: • Tissue markers provided by cardiac magnetic resonance aid in prognostic stratification after myocardial infarction • The occurrence of late microvascular obstruction after acute myocardial infarction increases risk of major adverse events at 5-year follow-up. • The greater microvascular obstruction extent on late gadolinium enhanced images is related to an increased risk of adverse events in patients with myocardial infarction and preserved left ventricular function.","Galea N, Dacquino GM, Ammendola RM, Coco S, Agati L, De Luca L, Carbone I, Fedele F, Catalano C, Francone M",,,European radiology,,2019,no,"The paper does not investigate consciousness, states of consciousness, or transitions between conscious states. It is focused entirely on cardiac magnetic resonance imaging and cardiovascular outcomes in STEMI patients, with no mention of consciousness or neural mechanisms related to consciousness.",yes,"The paper is an empirical research article with clear methodology, data collection, and analysis, presenting original research with empirical results.",no,"The study uses cardiac magnetic resonance imaging (CMR) data, not neural data. While CMR is a sophisticated imaging technique, it is focused on cardiac tissue rather than neural activity. There is no analysis of EEG, MEG, fMRI (in a neural context), or any other neural recording methods mentioned in the criteria.",no,"The study uses standard clinical imaging measures and statistical analyses (ROC curves, hazard ratios) but does not apply any of the specified complexity-family measures. The analysis focuses on traditional clinical metrics like LVEF, infarct size, and microvascular obstruction.",Exclude,"This cardiac imaging study focuses exclusively on cardiovascular outcomes and does not address consciousness research, neural data, or complexity measures. The paper fails to meet key screening criteria related to consciousness investigation, neural data analysis, and complexity-family measure applications. Consequently, the study does not qualify for inclusion in a systematic review targeting consciousness research.",,Other / below screening threshold,0.1
Effects of 24-h acute total sleep deprivation on physiological coupling in healthy young adults.,"Sleep deprivation is associated with dysregulation of the autonomic nervous system, adverse cardiovascular events, cognitive and complex motor performance impairment. Less is known about the effects of acute total sleep deprivation (ATSD) on physiological coupling. We aimed to determine the effects of 24-h ATSD on the physiological coupling between complex subsystems by evaluating the cardiorespiratory, cardiovascular and cortico-cardiac interactions. This study enrolled 38 young healthy participants aged 23.2 ± 2.4 years. Multiple synchronous physiological signals including electrocardiography, photoplethysmography, bio-electrical impedance, electroencephalography, and continuous hemodynamic data, were performed over a baseline night after regular sleep and after a night with 24-h ATSD in the supine position. The magnitude squared coherence, phase synchronization index, and heartbeat evoked potential amplitudes, were obtained from 10-min synchronous physiological recordings to estimate the coupling strength between two time series. Parameters of hemodynamic characteristics and heart rate variability were also calculated to quantify autonomic regulation. Results indicated that the magnitude squared coherence (0.38 ± 0.17 vs. 0.29 ± 0.12, p = 0.015) between respiration and heart rate variability along with the magnitude squared coherence (0.36 ± 0.18 vs. 0.27 ± 0.13, p = 0.012) between respiration and pulse transit time were significantly decreased after 24-h ATSD. There were no significant differences (all p > 0.05) in phase synchronization indices, heartbeat evoked potential amplitudes as well as other analyzed measurements between baseline and 24-h ATSD states. We conclude that exposure to 24-h ATSD appears to weaken the cardiorespiratory and respiratory-cardiovascular coupling strength of young healthy adults. These findings suggest that physiological coupling analysis may serve as a complementary approach for characterizing and understanding the complex effects of sleep deprivation.","Liu H, Yu X, Wang G, Han Y, Wang W",,,Frontiers in neuroscience,,2022,maybe,"The paper investigates sleep deprivation and its effects on physiological coupling, which is related to states of consciousness (wakefulness vs. sleep). However, it doesn't explicitly focus on consciousness mechanisms or neural signatures of consciousness. The study is more focused on physiological responses to sleep deprivation. While sleep is a state of consciousness, the paper's primary focus appears to be on physiological coupling rather than consciousness itself.",yes,This is clearly an empirical research article with original data collection and analysis. It includes 38 participants and presents quantitative results from multiple physiological measurements.,maybe,"The study includes EEG recordings as part of its physiological measurements. However, the EEG analysis appears to be limited to heartbeat evoked potentials rather than comprehensive neural data analysis. While EEG is mentioned, it's not clear how extensively it was analyzed in relation to the main findings.",no,"The study uses some quantitative measures (magnitude squared coherence, phase synchronization index) to analyze coupling between physiological signals. However, these measures, while quantitative, don't appear to be from the complexity-family measures specifically listed in the criteria. The analysis focuses more on traditional physiological coupling measures rather than complexity measures like entropy, information theory, or criticality measures.",Include,"The study partially addresses consciousness research through sleep deprivation investigation, but lacks explicit focus on consciousness mechanisms or neural signatures. While empirically robust with multiple physiological measurements, the research does not comprehensively apply complexity-family measures or deeply analyze neural data in relation to consciousness. Consequently, the paper only marginally meets the systematic review's screening criteria.",,,2.9
Thoracoscopic resection of a giant teratoma compressing the right heart.,"A 26-year old female had an incidental finding of a cystic mediastinal mass (10.8 × 9.4 × 10.0 cm) in the inferior-anterior mediastinum. It had compressed the superior vena cava, right atrium and right ventricle, and additional imaging studies could not exclude right heart involvement. She underwent exploration via right thoracoscopy (video-assisted thoracoscopy), and the right groin vessels were isolated for bypass, if needed. Examination of the mass revealed its extrapericardial origin from the thymus. Complete resection was achieved with minimally invasive techniques through a 2.5-cm incision using a three-port approach. She was discharged on postoperative day one. The interdisciplinary planning and cooperation in this case avoided thoracotomy or sternotomy and allowed for a safe and complete minimally invasive resection.","Rothermel L, Gilkeson R, Markowitz AH, Schröder C",,,Interactive cardiovascular and thoracic surgery,,2013,no,"The paper does not investigate consciousness, states of consciousness, or transitions between conscious states. It does not explicitly interpret findings in relation to consciousness or neural signatures/mechanisms of consciousness. The paper is focused on a medical case study involving thoracic surgery and mediastinal mass removal, which is unrelated to the consciousness research context.",no,"While the paper is an empirical research article (a case report), it is not the type of empirical research relevant to the systematic review's focus. It is a clinical case study without any neuroscience or consciousness-related components.",no,"The paper does not analyze any empirical neural data. The only data mentioned relates to anatomical measurements of the mediastinal mass and surgical outcomes. There is no mention of EEG, fMRI, or any other neural recording techniques.",no,"The paper does not apply any quantitative complexity-family measures. The measurements described are purely anatomical and clinical in nature, with no mention of complexity-family measures or quantitative analyses of neural data.",Exclude,"This medical case report about thoracic surgery fails to meet any of the specified screening criteria related to consciousness research, neural data analysis, or complexity measures. The paper is a clinical case study focused on surgical technique and patient management, with no connection to neuroscience, consciousness studies, or quantitative neural complexity analyses.",,Other / below screening threshold,0.1
Successful drug-coated balloon angioplasty and single anti-platelet therapy to treat an ischaemic stroke patient with haemorrhage and acute coronary syndrome.,"A 55-year-old male presented with two challenging problems, i.e. acute coronary syndrome (ACS) and a major bleeding episode. He first presented with ischaemic stroke and was treated with thrombolysis. However this was complicated by haemorrhagic transformation. He subsequently developed ACS with urgent coronary angiography demonstrating a critical stenosis in the proximal left anterior descending artery. Percutaneous coronary intervention (PCI) was deemed necessary but we were mindful of causing bleeding complications from the use of anti-thrombotic therapy. Despite the complexities, we used a novel approach in terms of PCI strategy and anti-platelet regimen (drug-coated balloon angioplasty and a single anti-platelet therapy) and achieved a successful outcome.","Ho HH, Mok KH",,,Acute cardiac care,,2016,no,"The abstract does not investigate consciousness, states of consciousness, or transitions between conscious states. It does not explicitly interpret findings in relation to consciousness or neural signatures/mechanisms of consciousness. The focus is entirely on cardiovascular intervention and management, with no connection to consciousness research.",no,"This appears to be a case report, which is not explicitly listed as an eligible study type. While it is empirical in nature, it's a single clinical case description rather than a systematic review, meta-analysis, or broader empirical research article.",no,"The abstract does not mention any neural data collection or analysis. While the patient had a stroke, there is no indication of any neural recordings or measurements being taken or analyzed.",no,There is no mention of any complexity-family measures or quantitative analyses of the type specified in the criteria. The only measurements mentioned relate to cardiovascular assessment (coronary angiography).,Exclude,"This clinical case report about acute coronary syndrome and stroke fails to meet any of the specified screening criteria related to consciousness research, neural data analysis, or complexity measures. The paper is a straightforward medical case description with no connection to the systematic review's focus on consciousness, neural mechanisms, or quantitative complexity analyses.",,Other / below screening threshold,0.1
Lateral (Parasagittal) Fluid Percussion Model of Traumatic Brain Injury.,"Fluid percussion was first conceptualized in the 1940s and has evolved into one of the leading laboratory methods for studying experimental traumatic brain injury (TBI). Over the decades, fluid percussion has been used in numerous species and today is predominantly applied to the rat. The fluid percussion technique rapidly injects a small volume of fluid, such as isotonic saline, through a circular craniotomy onto the intact dura overlying the brain cortex. In brief, the methods involve surgical production of a circular craniotomy, attachment of a fluid-filled conduit between the dura overlying the cortex and the outlet port of the fluid percussion device. A fluid pulse is then generated by the free-fall of a pendulum striking a piston on the fluid-filled cylinder of the device. The fluid enters the cranium, producing a compression and displacement of the brain parenchyma resulting in a sharp, high magnitude elevation of intracranial pressure that is propagated diffusely through the brain. This results in an immediate and transient period of traumatic unconsciousness as well as a combination of focal and diffuse damage to the brain, which is evident upon histological and behavioral analysis. Numerous studies have demonstrated that the rat fluid percussion model reproduces a wide range of pathological features associated with human TBI.","Van KC, Lyeth BG",,,"Methods in molecular biology (Clifton, N.J.)",,2016,no,"The paper discusses traumatic unconsciousness as a result of TBI, which is related to consciousness. However, this appears to be a secondary outcome rather than the primary focus of investigation. The main focus is on describing a methodological approach for studying TBI. While consciousness is mentioned, it's not explicitly studied or interpreted in terms of neural mechanisms of consciousness.",no,"This appears to be a methodological review or perspective paper describing the fluid percussion technique. While it references empirical studies, the abstract doesn't indicate that this is itself an empirical research article, systematic review, or meta-analysis. It seems to be more of a narrative description of a laboratory method.",no,"The abstract doesn't mention any specific neural data analysis. While it references ""histological and behavioral analysis,"" there's no indication of neural recording or analysis methods like EEG, fMRI, or other specified techniques.",no,There is no mention of any complexity-family measures or quantitative analyses of the type specified in the criteria. The paper appears to focus on describing the physical mechanism of the fluid percussion technique rather than applying complex analytical measures.,Exclude,"The methodological paper describing fluid percussion for traumatic brain injury fails to meet multiple screening criteria, particularly lacking empirical neural data analysis, quantitative complexity measures, and a primary focus on consciousness research. While touching on unconsciousness, the abstract primarily describes a laboratory technique rather than presenting an empirical study or systematic review of neural mechanisms.",,Other / below screening threshold,1.4
Leptomeningeal and subependymal seeding of diffuse intrinsic pontine glioma: a case report.,"DIPG (diffuse intrinsic pontine glioma) is a deadly cancerous tumor of the brainstem that spreads across the pons. The tumor's infiltrative nature, as well as the tumor's critical pathway and nuclei compression, contributes to the tumor's extremely poor prognosis and limited existing therapeutic options. A previous study revealed that in 40 patients with brainstem glioma, 13 (33%) patients had leptomeningeal spreading. In this paper, we reported a 7-year-old female patient who presented with a history of decreased consciousness and weakness of the right limb. Her magnetic resonance imaging (MRI) revealed a pontine mass. She was given 35 fractions of 54 Gy whole-brain radiotherapy. The post-radiotherapy MRI evaluation showed multiple nodules in periventricular region, and was suggestive of leptomeningeal and subependymal seeding of the pontine glioma in the lateral ventricles. This case report elucidated the leptomeningeal seeding in a pediatric patient with diffuse intrinsic pontine glioma.","Parenrengi MA, Prastikarunia R, Suryaningtyas W",,,Child's nervous system : ChNS : official journal of the International Society for Pediatric Neurosurgery,,2022,no,"The paper mentions ""decreased consciousness"" as a symptom, but this is merely a clinical observation rather than an investigation of consciousness itself. The paper does not study consciousness, states of consciousness, or transitions between conscious states. It focuses on a clinical case of DIPG and its progression. The mention of consciousness is incidental to the main focus of the study.",no,"This is a case report, which is not explicitly listed as an eligible study type. While it contains empirical observations, it is essentially a clinical report of a single patient's case, which falls more into the category of a narrative perspective rather than a systematic empirical research article.",no,"The paper uses MRI imaging, but this is not neural data in the sense specified by the criteria (EEG, MEG, fMRI/BOLD, etc.). While MRI can provide structural information about the brain, it is not being used to analyze neural activity or function in this study.",no,"There is no indication that any complexity-family measures are applied in this study. The analysis appears to be purely clinical and radiological, focusing on tumor progression and spread.",Exclude,"This case report of a pediatric brain tumor patient fails to meet the systematic review's screening criteria, as it does not investigate consciousness, neural mechanisms, or apply complexity measures. The study is a clinical narrative focused on tumor progression, lacking the required empirical neural data analysis or consciousness research focus specified in the screening requirements.",,Other / below screening threshold,0.1
Percutaneous aspiration of lumbar zygapophyseal joint synovial cyst under fluoroscopic guidance -A case report-.,"A 51-year-old man with a 1-month history of lower back pain and radiating pain visited to our pain clinic. A magnetic resonance imaging (MRI) scan demonstrated a cyst like mass at the level of the L4-5 interspace and compression of the thecal sac and the nerve root on the right side. We performed percutaneous needle aspiration of the lumbar zygapophyseal joint synovial cyst under fluoroscopic guidance. The patient felt an immediate relief of symptoms after the aspiration, and had no signs or symptoms of recurrence at the follow-up 6 months later. No demonstrable lesion was found in the 6 months follow-up MRI.","Shin KM, Kim MS, Ko KM, Jang JS, Kang SS, Hong SJ",,,Korean journal of anesthesiology,,2012,no,"The paper does not investigate consciousness, states of consciousness, or transitions between conscious states. It also does not explicitly interpret findings in relation to consciousness or neural signatures/mechanisms of consciousness. The focus is entirely on a specific medical condition and its treatment.",no,"While this is an empirical research article (a case report), it is not the type of empirical research that would be relevant for this systematic review. Case reports are typically considered lower-level evidence and this one doesn't align with the review's focus.",no,"The only imaging mentioned is MRI, which is used for anatomical assessment of the cyst and nerve compression. There is no analysis of neural data (EEG, MEG, fMRI/BOLD, etc.) or any other type of neural recordings mentioned in the abstract.",no,There is no mention or application of any complexity-family measures. The paper appears to focus on clinical outcomes (pain relief) and anatomical imaging findings.,Exclude,"This clinical case report about a patient with lower back pain fails to meet the screening criteria for consciousness research, as it does not investigate consciousness, analyze neural data, or apply complexity measures. The paper is a straightforward medical case report focused on a specific anatomical condition and its treatment, with no relevance to the systematic review's requirements.",,Other / below screening threshold,0.1
How hot is the hot zone? Computational modelling clarifies the role of parietal and frontoparietal connectivity during anaesthetic-induced loss of consciousness.,"In recent years, specific cortical networks have been proposed to be crucial for sustaining consciousness, including the posterior hot zone and frontoparietal resting state networks (RSN). Here, we computationally evaluate the relative contributions of three RSNs - the default mode network (DMN), the salience network (SAL), and the central executive network (CEN) - to consciousness and its loss during propofol anaesthesia. Specifically, we use dynamic causal modelling (DCM) of 10 min of high-density EEG recordings (N = 10, 4 males) obtained during behavioural responsiveness, unconsciousness and post-anaesthetic recovery to characterise differences in effective connectivity within frontal areas, the posterior 'hot zone', frontoparietal connections, and between-RSN connections. We estimate - for the first time - a large DCM model (LAR) of resting EEG, combining the three RSNs into a rich club of interconnectivity. Consistent with the hot zone theory, our findings demonstrate reductions in inter-RSN connectivity in the parietal cortex. Within the DMN itself, the strongest reductions are in feed-forward frontoparietal and parietal connections at the precuneus node. Within the SAL and CEN, loss of consciousness generates small increases in bidirectional connectivity. Using novel DCM leave-one-out cross-validation, we show that the most consistent out-of-sample predictions of the state of consciousness come from a key set of frontoparietal connections. This finding also generalises to unseen data collected during post-anaesthetic recovery. Our findings provide new, computational evidence for the importance of the posterior hot zone in explaining the loss of consciousness, highlighting also the distinct role of frontoparietal connectivity in underpinning conscious responsiveness, and consequently, suggest a dissociation between the mechanisms most prominently associated with explaining the contrast between conscious awareness and unconsciousness, and those maintaining consciousness.","Ihalainen R, Gosseries O, de Steen FV, Raimondo F, Panda R, Bonhomme V, Marinazzo D, Bowman H, Laureys S, Chennu S",,,NeuroImage,,2021,yes,"The paper directly investigates consciousness and transitions between conscious states, specifically focusing on loss of consciousness during propofol anesthesia and recovery. It explicitly examines neural mechanisms of consciousness through resting state networks and their connectivity patterns.",yes,"This is clearly an empirical research article presenting original analysis of EEG data with computational modeling (DCM). The study includes actual data collection and analysis, not just theoretical discussion.",yes,"The study analyzes high-density EEG recordings from 10 subjects during different states of consciousness. The neural data is central to the analysis, using dynamic causal modeling to examine connectivity patterns.",maybe,"While the study uses quantitative measures to analyze neural data, it's not entirely clear from the abstract whether these specifically include complexity-family measures. The study uses dynamic causal modeling (DCM) and examines connectivity patterns, but doesn't explicitly mention entropy, information theory, or other specific complexity measures listed in the criteria.",Include,"This empirical research article directly investigates consciousness through high-density EEG recordings during anesthesia, utilizing computational modeling to analyze neural connectivity patterns across different states of consciousness. The study meets key screening criteria by providing original neural data analysis, focusing explicitly on consciousness mechanisms, and employing sophisticated quantitative methods to examine transitions between conscious states. While demonstrating strong alignment with most screening requirements, there remains some uncertainty regarding the specific complexity-family measures applied.",,,4.6
Electroencephalographic characteristics of children and adolescents with chronic musculoskeletal pain.,"INTRODUCTION: The pathophysiology of pediatric musculoskeletal (MSK) pain is unclear, contributing to persistent challenges to its management. OBJECTIVES: This study hypothesizes that children and adolescents with chronic MSK pain (CPs) will show differences in electroencephalography (EEG) features at rest and during thermal pain modalities when compared with age-matched controls. METHODS: One hundred forty-two CP patients and 45 age-matched healthy controls (HCs) underwent a standardized thermal tonic heat and cold stimulations, while a 21-electrode headset collected EEG data. Cohorts were compared with respect to their EEG features of spectral power, peak frequency, permutation entropy, weight phase-lag index, directed phase-lag index, and node degree at 4 frequency bands, namely, delta (1-4 Hz), theta (4-8 Hz), alpha (8-13 Hz), and beta (13-30 Hz), at rest and during the thermal conditions. RESULTS: At rest, CPs showed increased global delta (P = 0.0493) and beta (P = 0.0002) power in comparison with HCs. These findings provide further impetus for the investigation and prevention of long-lasting developmental sequalae of early life chronic pain processes. Although no cohort differences in pain intensity scores were found during the thermal pain modalities, CPs and HCs showed significant difference in changes in EEG spectral power, peak frequency, permutation entropy, and network functional connectivity at specific frequency bands (P < 0.05) during the tonic heat and cold stimulations. CONCLUSION: This suggests that EEG can characterize subtle differences in heat and cold pain sensitivity in CPs. The complementation of EEG and evoked pain in the clinical assessment of pediatric chronic MSK pain can better detect underlying pain mechanisms and changes in pain sensitivity.","Ocay DD, Teel EF, Luo OD, Savignac C, Mahdid Y, Blain-Moraes S, Ferland CE",,,Pain reports,,2022,no,"The paper focuses on chronic musculoskeletal pain and its neural correlates, but does not explicitly investigate consciousness or states of consciousness. While pain perception involves conscious experience, the study's primary focus is on pain mechanisms rather than consciousness itself. The paper does not explicitly interpret findings in relation to consciousness or neural signatures of consciousness.",yes,This is clearly an empirical research article with original data collection and analysis. It includes a substantial sample size (142 CP patients and 45 controls) and presents quantitative results.,yes,"The study directly analyzes empirical neural data using EEG recordings from a 21-electrode headset, examining multiple frequency bands and various neural measures.",yes,"The study applies several quantitative measures including permutation entropy, which is a complexity-family measure. It also examines network functional connectivity and phase-lag indices, which are related to complexity measures.",Include,"This empirical research article analyzes EEG data from chronic musculoskeletal pain patients, employing multiple neural complexity measures and quantitative analyses. While the study meets criteria for empirical research, neural data application, and complexity-family measures, it does not explicitly investigate consciousness or conscious states, which disqualifies it from meeting the primary screening requirement. The research focuses on pain mechanisms rather than consciousness-related neural signatures.",,,2.5
Visual feature integration indicated by pHase-locked frontal-parietal EEG signals.,"The capacity to integrate multiple sources of information is a prerequisite for complex cognitive ability, such as finding a target uniquely identifiable by the conjunction of two or more features. Recent studies identified greater frontal-parietal synchrony during conjunctive than non-conjunctive (feature) search. Whether this difference also reflects greater information integration, rather than just differences in cognitive strategy (e.g., top-down versus bottom-up control of attention), or task difficulty is uncertain. Here, we examine the first possibility by parametrically varying the number of integrated sources from one to three and measuring phase-locking values (PLV) of frontal-parietal EEG electrode signals, as indicators of synchrony. Linear regressions, under hierarchical false-discovery rate control, indicated significant positive slopes for number of sources on PLV in the 30-38 Hz, 175-250 ms post-stimulus frequency-time band for pairs in the sagittal plane (i.e., F3-P3, Fz-Pz, F4-P4), after equating conditions for behavioural performance (to exclude effects due to task difficulty). No such effects were observed for pairs in the transverse plane (i.e., F3-F4, C3-C4, P3-P4). These results provide support for the idea that anterior-posterior phase-locking in the lower gamma-band mediates integration of visual information. They also provide a potential window into cognitive development, seen as developing the capacity to integrate more sources of information.","Phillips S, Takeda Y, Singh A",,,PloS one,,2012,maybe,"The paper investigates information integration during conscious visual perception and attention, which is related to consciousness. However, it doesn't explicitly frame its findings in terms of consciousness or neural signatures of consciousness. The focus is more on cognitive processing and information integration.",yes,This is clearly an empirical research article with original data collection and analysis. The abstract describes specific experimental methods and results.,yes,"The study uses EEG data, specifically analyzing phase-locking values (PLV) between frontal-parietal electrodes. This is a clear example of empirical neural data analysis.",yes,"The study uses phase-locking values (PLV), which is a measure of neural synchrony and can be considered part of the complexity-family measures. While not as complex as some other measures (like integrated information or entropy), PLV does quantify the complexity of neural interactions.",Include,"An empirical research study using EEG data to analyze neural synchrony during visual information integration, with quantitative phase-locking value measurements across different electrode pairs. The research partially addresses consciousness-related cognitive processing through its investigation of information integration mechanisms, though it does not explicitly frame findings in consciousness research terms. The study meets most screening criteria, particularly in its empirical neural data analysis and application of complexity-family measures.",,,4
EEG brain networks modulation during sleep onset: the effects of aging.,"The aim of the present study is to investigate differences in brain networks modulation during the pre- and post-sleep onset period, both within and between two groups of young and older individuals. Thirty-six healthy elderly and 40 young subjects participated. EEG signals were recorded during pre- and post-sleep onset periods and functional connectivity analysis, specifically focusing on the small world (SW) index, applied to EEG data (i.e., frequency bands) was examined. Significant differences in SW values were found between the pre-sleep and post-sleep onset phases in both young and older groups, with a reduction in the SW index in the theta band common to both groups. Additionally, an increase in the SW index in the beta band was exclusive to the elderly group during the post-sleep onset period, while an increase in the sigma band was exclusive to the young group. Furthermore, differences between the young and elderly groups were found during both phases, including a decrease in the SW index within the delta band, an increment in the sigma and beta bands in the elderly compared to the young group during the pre-sleep onset period, and a notable absence of sigma band modulation in the elderly group during the post-sleep onset condition. These findings provide insights into age-related changes in sleep-related brain network dynamics and their potential impact on sleep quality and cognitive functions, prompting interventions aimed at supporting healthy aging and addressing age-related cognitive decline.","Miraglia F, Cacciotti A, Vecchio F, Scarpelli S, Gorgoni M, De Gennaro L, Rossini PM",,,GeroScience,,2025,yes,"The study investigates transitions between conscious states, specifically focusing on pre- and post-sleep onset periods. Sleep onset represents a transition from wakefulness to sleep, which is a fundamental state of consciousness. The study explicitly examines brain network dynamics during this transition, which is directly relevant to understanding consciousness mechanisms.",yes,This is an empirical research article with original data collection and analysis. The study includes 76 participants (36 elderly and 40 young subjects) and presents empirical results from EEG recordings.,yes,"The study uses EEG recordings as its primary data source and applies functional connectivity analysis to these neural data. The analysis includes multiple frequency bands (delta, theta, beta, sigma) and examines small world network properties.",yes,"The study applies small world (SW) index analysis, which is a quantitative measure of network complexity. While this is a valid complexity measure, the abstract doesn't mention other complexity-family measures. However, the SW index is a recognized measure of network complexity and organization.",Include,"This empirical research study investigates brain network dynamics during sleep onset transitions using EEG recordings, directly examining consciousness state changes across young and elderly populations. The research applies quantitative complexity measures, specifically small world network analysis, to neural data across multiple frequency bands, providing insights into age-related brain network modulations during consciousness transitions.",,,4.9
The impact of sleep disorders on brain network connectivity in postpartum women: a functional near-infrared spectroscopy-based study.,"Sleep disorder is an important risk factor for postpartum depression. Although previous research has explored brain activity in postpartum depression, it has not fully revealed how insomnia affect mood by altering interactions between brain regions. This study aim to investigate the relationship between insomnia and depressive status in postpartum women, utilizing functional near-infrared spectroscopy (fNIRS) to explore brain network topological properties. Among 143 postpartum women, 40 were diagnosed with insomnia and 103 without. The results indicated that the Edinburgh Postnatal Depression Scale (EPDS) scores were significantly higher in the insomnia group compared to the control group. Compared with the control group, the insomnia group showed significantly increased connection strength of triangularis Broca's between middle and superior temporal gyrus and left between right dorsolateral prefrontal cortex (p < 0.001). Brain network topological analysis revealed that the small-world properties, clustering coefficient (p = 0.009), and local efficiency (p = 0.009) were significantly lower in the insomnia group compared to the control group. Notably, the local efficiency and clustering coefficient of the left temporal pole were significantly reduced and negatively correlated with EPDS scores. These findings elucidate how insomnia may exacerbate postpartum depression through changes in brain network properties. While the observed alterations in connectivity suggest a correlation, causation cannot be definitively established. Improving sleep quality remains a promising intervention, but further research is needed to clarify causal links and therapeutic targets.","Chen X, Zhao S, Chen D, Zhang D",,,Frontiers in neurology,,2024,maybe,"The paper investigates sleep disorders and their relationship to depression, which involves states of consciousness (sleep vs. wakefulness). However, the primary focus appears to be on depression rather than consciousness itself. While sleep is a state of consciousness, the study doesn't explicitly interpret findings in relation to consciousness mechanisms or neural signatures of consciousness.",yes,This is clearly an empirical research article with original data collection and analysis from 143 participants. The study includes statistical analysis and concrete results.,yes,"The study uses functional near-infrared spectroscopy (fNIRS) to collect neural data and analyzes brain network properties. While fNIRS is a valid neuroimaging technique, it's worth noting it's not as commonly used as other methods like EEG or fMRI. However, it still qualifies as empirical neural data collection and analysis.",yes,"The study applies several complexity-related measures including small-world properties, clustering coefficient, local efficiency, and network topological properties. These are legitimate complexity-family measures used to analyze brain network organization.",Include,"The study employs empirical neural data collection using fNIRS and applies quantitative complexity measures to analyze brain network properties, demonstrating strong methodological alignment with neural research criteria. While the research involves sleep and depression, its primary focus diverges from explicit consciousness research, resulting in a partial match to the consciousness research context. The investigation provides nuanced insights into brain network organization through advanced neuroimaging techniques.",,,3.5
Individual differences in wellbeing are supported by separable sets of co-active self- and visual-attention-related brain networks.,"How does the brain support 'wellbeing'? Because it is a multidimensional construct, it is likely the product of multiple co-active brain networks that vary across individuals. This is perhaps why prior neuroimaging studies have found inconsistent anatomical associations with wellbeing. Furthermore, these used 'laboratory-style' or 'resting-state' methods not amenable to finding manifold networks. To address these issues, we had participants watch a full-length romantic comedy-drama film during functional magnetic resonance imaging. We hypothesised that individual differences in wellbeing measured before scanning would be correlated with individual differences in brain networks associated with 'embodied' and 'narrative' self-related processing. Indeed, searchlight spatial inter-participant representational similarity and subsequent analyses revealed seven sets of co-activated networks associated with individual differences in wellbeing. Two were 'embodied self' related, including brain regions associated with autonomic and affective processing. Three sets were 'narrative self' related, involving speech, language, and autobiographical memory-related regions. Finally, two sets of visual-attention-related networks emerged. These results suggest that the neurobiology of wellbeing in the real world is supported by diverse but functionally definable and separable sets of networks. This has implications for psychotherapy where individualised interventions might target, e.g., neuroplasticity in language-related narrative over embodied self or visual-attentional related processes.","Ma Y, Skipper JI",,,Scientific reports,,2025,no,"The paper does not explicitly focus on consciousness or states of consciousness. While it studies brain networks related to wellbeing and self-processing, these are not directly framed in terms of consciousness or neural signatures of consciousness. The study appears to be more focused on psychological constructs (wellbeing, self-processing) rather than consciousness per se.",yes,"The paper appears to be an empirical research article using fMRI data and conducting original analyses, which meets the criterion for eligible study type.",yes,"The study uses fMRI data and applies representational similarity analysis to neural data, which meets this criterion. They specifically mention using ""functional magnetic resonance imaging"" and conducting ""searchlight spatial inter-participant representational similarity"" analyses.",maybe,"While the study uses representational similarity analysis, which is a quantitative measure, it's not clear from the abstract whether they specifically applied complexity-family measures as defined in the criteria. The analysis appears to focus more on network co-activation patterns and representational similarity rather than explicit complexity measures like entropy or integrated information.",Include,"The study employs fMRI and neural network analysis to investigate wellbeing, but lacks explicit focus on consciousness research. While the paper uses empirical neural data and represents an original research article, it does not directly address consciousness states or apply complexity-family measures as specified in the screening criteria. Consequently, the paper does not meet the fundamental requirements for inclusion in the systematic review.",,,2.5
An EEG-based emotion recognition method by fusing multi-frequency-spatial features under multi-frequency bands.,"BACKGROUND: Recognition of emotion changes is of great significance to a person's physical and mental health. At present, EEG-based emotion recognition methods are mainly focused on time or frequency domains, but rarely on spatial information. Therefore, the goal of this study is to improve the performance of emotion recognition by integrating frequency and spatial domain information under multi-frequency bands. NEW METHODS: Firstly, EEG signals of four frequency bands are extracted, and then three frequency-spatial features of differential entropy (DE) symmetric difference (SD) and symmetric quotient (SQ) are separately calculated. Secondly, according to the distribution of EEG electrodes, a series of brain maps are constructed by three frequency-spatial features for each frequency band. Thirdly, a Multi-Parallel-Input Convolutional Neural Network (MPICNN) uses the constructed brain maps to train and obtain the emotion recognition model. Finally, the subject-dependent experiments are conducted on DEAP and SEED-IV datasets. RESULTS: The experimental results of DEAP dataset show that the average accuracy of four-class emotion recognition, namely, high-valence high-arousal, high-valence low-arousal, low-valence high-arousal and low-valence low-arousal, reaches 98.71 %. The results of SEED-IV dataset show the average accuracy of four-class emotion recognition, namely, happy, sad, neutral and fear reaches 92.55 %. COMPARISON WITH EXISTING METHODS: This method has a best classification performance compared with the state-of-the-art methods on both four-class emotion recognition datasets. CONCLUSIONS: This EEG-based emotion recognition method fused multi-frequency-spatial features under multi-frequency bands, and effectively improved the recognition performance compared with the existing methods.","Chen Q, Mao X, Song Y, Wang K",,,Journal of neuroscience methods,,2025,no,"The paper focuses on emotion recognition using EEG, but does not explicitly investigate consciousness or states of consciousness. While emotions are related to conscious experience, the study appears to be primarily focused on classification and recognition rather than understanding consciousness mechanisms. The paper does not explicitly interpret findings in relation to consciousness or neural signatures of consciousness.",yes,This is clearly an empirical research article with original data analysis and results. It presents a novel method and reports specific experimental results with accuracy metrics.,yes,The study directly analyzes empirical neural data in the form of EEG recordings from two datasets (DEAP and SEED-IV). The analysis includes multiple frequency bands and spatial features.,maybe,"The study uses differential entropy (DE) as one of its measures, which is a complexity-family measure. However, this appears to be used more as a feature extraction method for emotion classification rather than as a primary analysis tool for understanding neural complexity or consciousness.",Include,"An empirical EEG study on emotion recognition that analyzes neural data using complexity measures, but lacks explicit focus on consciousness research mechanisms. While the paper demonstrates rigorous methodology and uses neural data with quantitative complexity measures, it primarily aims at emotion classification rather than exploring consciousness-related neural signatures. The study meets technical criteria for neural data analysis but falls short of direct consciousness research objectives.",,,2.7
Sciatic neuropathy developed after injection during curettage.,"Intramuscular injections are likely the most common cause of sciatic nerve injury in developing countries. Less common causes include piriformis syndrome, primary tumors of the sciatic nerve, metastatic tumors invading or compressing the nerve, endometriosis, vascular malformations, and prolonged immobilization or positioning. While the most reliable diagnostic and prognostic methods include nerve conduction studies and electromyography, magnetic resonance imaging has been suggested as an alternative method of determining type of lesion, establishing location, and investigating level of nerve involvement. A case of sciatic neuropathy that developed after intramuscular injection, with patient in prolonged lithotomy position and under sedation, is described.","Altıntaş A, Gündüz A, Kantarcı F, Gözübatık Çelik G, Koçer N, Kızıltan ME",,,Agri : Agri (Algoloji) Dernegi'nin Yayin organidir = The journal of the Turkish Society of Algology,,2016,no,"The paper does not investigate consciousness, states of consciousness, or transitions between conscious states. It does not explicitly interpret findings in relation to consciousness or neural signatures/mechanisms of consciousness. The only mention of consciousness-related concepts is ""sedation,"" but this is merely contextual to the case presentation, not the focus of investigation.",maybe,"The paper is a case report, which is an empirical research article. However, it is a single case study rather than a systematic review or meta-analysis, and case reports typically have limited generalizability.",maybe,"The paper mentions nerve conduction studies and EMG, which are forms of neural data. However, these are used diagnostically rather than as research data to investigate neural mechanisms. The focus is on clinical diagnosis rather than neural data analysis.",no,"There is no mention or indication of any complexity-family measures being applied. The diagnostic methods mentioned (nerve conduction studies, EMG, MRI) are standard clinical tools rather than complexity analysis techniques.",Exclude,"This case report on sciatic nerve injury lacks any substantive connection to consciousness research, complexity measures, or systematic neural data analysis. The paper primarily describes a clinical diagnostic approach using standard medical techniques, falling well outside the specified screening criteria for consciousness and neural complexity research. Consequently, the manuscript does not meet the fundamental requirements for inclusion in the targeted research domain.",,Other / below screening threshold,0.1
Assessing spatiotemporal variability of brain spontaneous activity by multiscale entropy and functional connectivity.,"Brain signaling occurs across a wide range of spatial and temporal scales, and analysis of brain signal variability and synchrony has attracted recent attention as markers of intelligence, cognitive states, and brain disorders. However, current technologies to measure brain signals in humans have limited resolutions either in space or in time and cannot fully capture spatiotemporal variability, leaving it untested whether temporal variability and spatiotemporal synchrony are valid and reliable proxy of spatiotemporal variability in vivo. Here we used optical voltage imaging in mice under anesthesia and wakefulness to monitor cortical voltage activity at both high spatial and temporal resolutions to investigate functional connectivity (FC, a measure of spatiotemporal synchronization), Multi-Scale Entropy (MSE, a measure of temporal variability), and their relationships to Regional Entropy (RE, a measure of spatiotemporal variability). We observed that across cortical space, MSE pattern can largely explain RE pattern at small and large temporal scales with high positive and negative correlation respectively, while FC pattern strongly negatively associated with RE pattern. The time course of FC and small scale MSE tightly followed that of RE, while large scale MSE was more loosely coupled to RE. fMRI and EEG data simulated by reducing spatiotemporal resolution of the voltage imaging data or considering hemodynamics yielded MSE and FC measures that still contained information about RE based on the high resolution voltage imaging data. This suggested that MSE and FC could still be effective measures to capture spatiotemporal variability under limitation of imaging modalities applicable to human subjects. Our results support the notion that FC and MSE are effective biomarkers for brain states, and provide a promising viewpoint to unify these two principal domains in human brain data analysis.","Liu M, Song C, Liang Y, Knöpfel T, Zhou C",,,NeuroImage,,2019,maybe,"The paper explicitly investigates transitions between conscious states (anesthesia vs. wakefulness) and analyzes brain states. While consciousness isn't the primary focus, the study examines neural signatures that are relevant to consciousness states.",yes,This is clearly an empirical research article presenting original experimental results using optical voltage imaging in mice. The study includes actual data collection and analysis.,yes,The study directly analyzes empirical neural data through optical voltage imaging of cortical activity. They also validate their findings against simulated fMRI and EEG data.,yes,"The study explicitly applies multiple complexity-family measures: Multi-Scale Entropy (MSE) as a measure of temporal variability, Regional Entropy (RE) as a measure of spatiotemporal variability, and Functional Connectivity (FC) as a measure of spatiotemporal synchronization. These are primary analyses, not just theoretical discussions.",Include,"This empirical research article applies multiple quantitative complexity measures to neural data, analyzing brain states through optical voltage imaging across anesthesia and wakefulness. The study systematically examines functional connectivity, multi-scale entropy, and regional entropy, providing a comprehensive approach to understanding neural variability and synchronization. By validating findings across different measurement modalities, the research offers insights into brain state markers with potential implications for human neuroscience.",,,4.6
Transient orbital apex syndrome with magnetic resonance imaging evidence following sub-Tenon's ropivacaine anesthesia during combined cataract and macular surgery: a case report.,"BACKGROUND: Although sub-Tenon’s anesthesia (STA) is a widely accepted regional anesthesia technique in ophthalmic surgery, we report a rare case of transient orbital apex syndrome (OAS) following its administration using ropivacaine during combined cataract and macular surgery. CASE PRESENTATION: We describe the clinical course of a 71-year-old male who developed acute postoperative vision loss, ptosis, ophthalmoplegia, and mydriasis in the operated eye following sub-Tenon’s ropivacaine injection. Orbital MRI revealed mild perineural fluid surrounding the optic nerve and localized edema of the retrobulbar fat, without evidence of compressive lesions or optic nerve thickening. The patient received supportive therapy, including oxygen, neurotrophic agents, and osmotic and microcirculation enhancers. Remarkably, all neurological signs resolved within 24 h, and visual acuity improved to 0.15. CONCLUSION: Although STA is considered a safer alternative to needle-based techniques, this case highlights the potential for rare but reversible complications such as OAS. Early recognition and timely, supportive management contributed to the patient’s favorable recovery, although outcomes may vary in other cases. In addition, thorough preoperative counseling and vigilant postoperative monitoring are essential, particularly in elderly or high-risk patients, to ensure prompt detection and management of any unexpected complications.","Cao X, Ge Z, Gong Y",,,BMC ophthalmology,,2025,no,"The paper focuses on a clinical case of orbital apex syndrome following anesthesia, rather than investigating consciousness, states of consciousness, or transitions between conscious states. While anesthesia is related to consciousness, the study is primarily about a specific clinical complication of anesthesia rather than consciousness mechanisms or neural signatures of consciousness.",no,"This is a case report, which is not explicitly listed as an eligible study type. While it contains empirical observations, it's a single clinical case rather than a systematic review, meta-analysis, or broader empirical research study.",no,"The paper does not analyze any neural data. While it mentions MRI findings, these are anatomical rather than neural activity measurements. There is no analysis of EEG, MEG, fMRI/BOLD, or other neural recordings.",no,"The paper does not apply any complexity-family measures. The analysis is purely clinical and observational, focusing on symptoms and anatomical findings rather than quantitative neural complexity measures.",Exclude,"This case report fails to meet the screening criteria for consciousness research, lacking empirical neural data analysis, quantitative complexity measures, and a primary focus on consciousness mechanisms. The study is a clinical case report about orbital apex syndrome following anesthesia, which does not align with the specified research parameters for inclusion.",,Other / below screening threshold,0.1
Systems-level analysis of local field potentials reveals differential effects of lysergic acid diethylamide and ketamine on neuronal activity and functional connectivity.,"Psychedelic substances have in recent years attracted considerable interest as potential treatments for several psychiatric conditions, including depression, anxiety, and addiction. Imaging studies in humans point to a number of possible mechanisms underlying the acute effects of psychedelics, including changes in neuronal firing rates and excitability as well as alterations in functional connectivity between various brain nodes. In addition, animal studies using invasive recordings, have suggested synchronous high-frequency oscillations involving several brain regions as another key feature of the psychedelic brain state. To better understand how the imaging data might be related to high-resolution electrophysiological measurements, we have here analyzed the aperiodic part of the local field potential (LFP) in rodents treated with a classic psychedelic (LSD) or a dissociative anesthetic (ketamine). In addition, functional connectivity, as quantified by mutual information measures in the LFP time series, has been assessed with in and between different structures. Our data suggest that the altered brain states of LSD and ketamine are caused by different underlying mechanisms, where LFP power shifts indicate increased neuronal activity but reduced connectivity following ketamine, while LSD also leads to reduced connectivity but without an accompanying change in LFP broadband power.","Nasretdinov A, Barrientos SA, Brys I, Halje P, Petersson P",,,Frontiers in neuroscience,,2023,yes,"The paper investigates altered states of consciousness through psychedelic substances (LSD) and dissociative anesthetics (ketamine), which are explicitly mentioned as ""altered brain states"". The study examines the neural mechanisms of these consciousness states and their neural signatures.",yes,"The paper appears to be an empirical research article with original data analysis of LFP recordings in rodents, as it describes specific experimental methods and results, indicating it is not a commentary or theoretical paper.",yes,"The study explicitly analyzes empirical neural data through Local Field Potential (LFP) recordings, analysis of LFP power and aperiodic components, and functional connectivity measures using mutual information.",maybe,"The study applies several relevant complexity-family measures, including mutual information for functional connectivity analysis, analysis of aperiodic components of LFP (which relates to complexity measures), and power spectrum analysis (which can relate to complexity measures).",Include,"This empirical research investigates altered consciousness states through psychedelic and anesthetic substances, utilizing local field potential recordings and functional connectivity measures in rodents. The study systematically analyzes neural data using quantitative complexity-family measures, providing insights into the neural mechanisms underlying different states of consciousness. By examining LFP power, aperiodic components, and mutual information, the research offers a comprehensive approach to understanding complex brain state transitions.",,,4.9
Cystothecostomy: a new technique to treat long segment spinal extradural arachnoid cyst.,"Pathogenesis and treatment of the spinal arachnoid cyst has not been well established. A novel method of treatment of a long segment spinal arachnoid cyst is being presented in a 9-year-old boy. He presented to us with a slowly progressive spastic paraparesis. MRI revealed dorsal epidural arachnoid cyst extending from T7 vertebral body to L1 body producing marked cord compression. In order to save the child from a long segment laminectomy or laminoplasty, a new minimally invasive technique was devised. In this technique L1 laminectomy was performed under local anaesthesia, and the cyst was communicated to thecal sac by making an interconnecting stoma. We named this procedure as cystothecostomy. There was gradual neurological recovery after the procedure.","Dev R, Singh G, Singh SK, Mamgain A",,,British journal of neurosurgery,,2008,no,"The paper does not investigate consciousness, states of consciousness, or transitions between conscious states. It does not explicitly interpret findings in relation to consciousness or neural signatures/mechanisms of consciousness. The paper is focused on a clinical case of spinal arachnoid cyst treatment, which is unrelated to consciousness research.",yes,"The paper is an empirical research article presenting a case study with clinical outcomes, which meets the criteria for an eligible study type. However, it is a single case report rather than a systematic review or meta-analysis.",no,"The paper does not analyze any neural data. While it mentions MRI imaging, this is used for anatomical visualization rather than neural data analysis. There is no mention of EEG, MEG, fMRI/BOLD, or any other neural recording techniques.",no,"The paper does not apply any complexity-family measures. The analysis appears to be purely clinical, focusing on surgical outcomes and neurological recovery without any quantitative complexity analysis.",Exclude,"This clinical case report on spinal arachnoid cyst treatment fails to meet the screening criteria for consciousness research, as it does not investigate consciousness, analyze neural data, or apply complexity measures. The paper is a single case study focused on surgical intervention, lacking the required elements of consciousness research methodology.",,Other / below screening threshold,0.1
Entropy and bispectral index during anaesthesia in children.,"Entropy is a new EEG based technology developed as a measure of depth of anaesthesia. The Entropy algorithm quantifies the degree of disorder in the EEG. During anaesthesia the disorder of the EEG, or entropy, falls. Entropy is independent of absolute frequency or amplitude of the EEG. This may make it suitable for paediatric anaesthesia. In this prospective observational blinded study we recorded the Entropy and Bispectral Index in 23 children undergoing general anaesthesia with isoflurane and nitrous oxide, supplemented with peripheral nerve blockade. We recorded Entropy at several times during anaesthesia, pre-awakening and 1-minute post-awakening. Entropy pre-awakening and 1 minute after awakening was compared to a value during anaesthesia in three age groups; less than one-year-old (infants), one to five years (toddlers) and five to twelve years (children). The correlation between BIS and Entropy was also calculated. Entropy post-awakening was higher than during anaesthesia for all age groups. Entropy pre-awakening was higher than during anaesthesia for the children and toddlers. This was not as apparent in infants. There was a strong correlation between BIS and Entropy for children and toddlers. The correlation was less for infants. This study demonstrates that, in children, Entropy is lower during anaesthesia when compared to awake values. Further evaluation in the paediatric population is worthwhile.","Davidson AJ, Kim MJ, Sangolt GK",,,Anaesthesia and intensive care,,2004,yes,"The paper directly investigates states of consciousness, specifically anesthesia-induced unconsciousness and transitions between anesthetized and awake states. The study explicitly measures depth of anesthesia and compares neural signatures between conscious and unconscious states.",yes,"This is clearly an empirical research article, specifically described as a ""prospective observational blinded study"" with 23 subjects and quantitative measurements.",yes,"The study directly analyzes empirical neural data through EEG recordings, using both Entropy and Bispectral Index (BIS) measurements. These are established neural recording methods for assessing consciousness levels.",yes,"The study explicitly uses entropy as a quantitative measure to analyze EEG complexity. Entropy is specifically mentioned as a ""measure of disorder in the EEG"" and is used as a primary analysis tool to quantify consciousness levels.",Include,"This empirical research study investigates consciousness through quantitative neural complexity measures, specifically applying entropy analysis to EEG data during anesthesia and wakefulness. The work systematically examines neural signatures across different age groups, utilizing empirical neural recordings and complexity-family measures to analyze transitions between conscious states. By directly measuring entropy in EEG recordings, the study provides a rigorous approach to understanding neural complexity during consciousness transitions.",,,4.9
Extranodal Rosai-Dorfman disease with multiple spinal lesions: a rare presentation.,"BACKGROUND: Rosai-Dorfman disease is an idiopathic histiocytic proliferative disorder characterized by sinus histiocytosis and massive lymphadenopathy. Extranodal involvement is rare and central nervous system (CNS) involvement is unusual. We present a case of a multiple-level spinal involvement by Rosai-Dorfman disease without cervical lymphadenopathy, which is distinctly rare. Very few cases have been reported in literature. Its resemblance with meningiomas both clinically and radiologically makes its diagnosis all the more difficult. CASE DESCRIPTION: A 23-year-old woman presented with quadriparesis and incontinence of urine and stool with a history of being operated on twice for dorsal spine tumor. On examination she had hypoesthesia below the C6 vertebra with anesthesia below D3, and absent joint position and vibration sensations. The patient had spasticity in lower limbs with normal tone in upper limbs. Deep tendon reflexes were hyporeflexic in upper limbs and hyperreflexic in lower limbs with bilateral ankle clonus with bilateral Babinski sign. Magnetic resonance imaging of the cervicodorsal spine was suggestive of multiple intradural extramedullary space-occupying lesion with probability of meningiomas. Surgical resection of 3 tumors was done and sent for histopathology, which was suggestive of sinus histiocytosis with massive lymphadenopathy (Rosai-Dorfman disease). The patient had good postoperative recovery and was followed up for 5 months with no new complaints. CONCLUSION: Rosai-Dorfman disease is a rare entity having clinical and radiological similarity to meningioma. It is similar to lymph node histiocytosis and rarely involves the CNS. It is a benign lymphohistiocytic proliferative condition of unknown etiology. Histopathology showing emperipolesis (lymphophagocytosis) and immunohistochemistry showing S-100 positivity is diagnostic. Surgical resection is the treatment of choice.","Bhandari A, Patel PR, Patel MP",,,Surgical neurology,,2006,no,"The paper does not investigate consciousness, states of consciousness, or transitions between conscious states. It focuses on a clinical case of Rosai-Dorfman disease affecting the central nervous system, but does not explicitly study consciousness mechanisms or signatures.",maybe,"The paper is an empirical research article presenting a clinical case study with histopathological findings, but it is a single case report rather than a systematic review or meta-analysis.",no,"The paper does not analyze any neural data in the sense specified by the criteria. While it includes MRI imaging, this is used for anatomical diagnosis rather than analyzing neural activity or function. There are no EEG, MEG, fMRI/BOLD, or other neural recordings mentioned.",no,"The paper does not apply any of the specified complexity-family measures. The analysis is purely clinical and histopathological, focusing on diagnosis and treatment of the disease.",Exclude,"This clinical case report on Rosai-Dorfman disease fails to meet the systematic review's screening criteria, as it does not investigate consciousness, analyze neural data, or apply complexity-family measures. The paper is a single case study focused on clinical diagnosis and treatment, which falls outside the specified research parameters for consciousness and neural complexity research.",,Other / below screening threshold,0.1
Decoding rapidly presented visual stimuli from prefrontal ensembles without report nor post-perceptual processing.,"The role of the primate prefrontal cortex (PFC) in conscious perception is debated. The global neuronal workspace theory of consciousness predicts that PFC neurons should contain a detailed code of the current conscious contents. Previous research showed that PFC is indeed activated in paradigms of conscious visual perception, including no-report paradigms where no voluntary behavioral report of the percept is given, thus avoiding a conflation of signals related to visual consciousness with signals related to the report. Still, it has been argued that prefrontal modulation could reflect post-perceptual processes that may be present even in the absence of report, such as thinking about the perceived stimulus, therefore reflecting a consequence rather than a direct correlate of conscious experience. Here, we investigate these issues by recording neuronal ensemble activity from the macaque ventrolateral PFC during briefly presented visual stimuli, either in isolated trials in which stimuli were clearly perceived or in sequences of rapid serial visual presentation (RSVP) in which perception and post-perceptual processing were challenged. We report that the identity of each stimulus could be decoded from PFC population activity even in the RSVP condition. The first visual signals could be detected at 60 ms after stimulus onset and information was maximal at 150 ms. However, in the RSVP condition, 200 ms after the onset of a stimulus, the decoding accuracy quickly dropped to chance level and the next stimulus started to be decodable. Interestingly, decoding in the ventrolateral PFC was stronger compared to posterior parietal cortex for both isolated and RSVP stimuli. These results indicate that neuronal populations in the macaque PFC reliably encode visual stimuli even under conditions that have been shown to challenge conscious perception and/or substantially reduce the probability of post-perceptual processing in humans. We discuss whether the observed activation reflects conscious access, phenomenal consciousness, or merely a preconscious bottom-up wave.","Bellet J, Gay M, Dwarakanath A, Jarraya B, van Kerkoerle T, Dehaene S, Panagiotaropoulos TI",,,Neuroscience of consciousness,,2022,yes,"The paper explicitly investigates consciousness and conscious perception, specifically examining the role of prefrontal cortex in conscious visual perception. The study directly addresses questions about conscious access and phenomenal consciousness, comparing conditions that challenge conscious perception.",yes,This is clearly an empirical research article presenting original experimental results from neuronal recordings in macaques. The study includes detailed methodology and empirical findings about decoding accuracy and timing of neural responses.,yes,"The study directly analyzes empirical neural data through ""neuronal ensemble activity"" recordings from the macaque ventrolateral PFC and posterior parietal cortex. The data appears to be from electrophysiological recordings, though the specific type (e.g., LFP, spiking) isn't explicitly stated in the abstract.",maybe,"While the study uses quantitative analysis methods (decoding accuracy, timing analysis), it's not entirely clear from the abstract whether it specifically applies complexity-family measures as defined in the criteria. The decoding analysis might involve some of these measures (e.g., information theory measures), but this isn't explicitly stated.",Include,"This empirical research article directly investigates consciousness through neuronal ensemble recordings in macaques, analyzing visual perception mechanisms with sophisticated neural data analysis. The study strongly meets criteria for consciousness research context, eligible study type, and empirical neural data application, with only minor uncertainty regarding specific complexity-family measures. The research provides quantitative insights into neural processing of conscious visual stimuli across different perceptual conditions.",,,4.3
Weakly Correlated Local Cortical State Switches under Anesthesia Lead to Strongly Correlated Global States.,"During recovery from anesthesia, brain activity switches abruptly between a small set of discrete states. Surprisingly, this switching also occurs under constant doses of anesthesia, even in the absence of stimuli. These metastable states and the transitions between them are thought to form a ""scaffold"" that ultimately guides the brain back to wakefulness. The processes that constrain cortical activity patterns to these states and govern how states are coordinated between different cortical regions are unknown. If state transitions were driven by subcortical modulation, different cortical sites should exhibit near-synchronous state transitions. Conversely, spatiotemporal heterogeneity would suggest that state transitions are coordinated through corticocortical interactions. To differentiate between these hypotheses, we quantified synchrony of brain states in male rats exposed to a fixed isoflurane concentration. States were defined from spectra of local field potentials recorded across layers of visual and motor cortices. A transition synchrony measure shows that most state transitions are highly localized. Furthermore, while most pairs of cortical sites exhibit statistically significant coupling of both states and state transition times, coupling strength is typically weak. States and state transitions in the thalamic input layer (L4) are particularly decoupled from those in supragranular and infragranular layers. This suggests that state transitions are not imposed on the cortex by broadly projecting modulatory systems. Although each pairwise interaction is typically weak, we show that the multitude of such weak interactions is sufficient to confine global activity to a small number of discrete states.SIGNIFICANCE STATEMENT The brain consistently recovers to wakefulness after anesthesia, but this process is poorly understood. Previous work revealed that, during recovery from anesthesia, corticothalamic activity falls into one of several discrete patterns. The neuronal mechanisms constraining the cortex to just a few discrete states remain unknown. Global states could be coordinated by fluctuations in subcortical nuclei that project broadly to the cortex. Alternatively, these states may emerge from interactions within the cortex itself. Here, we provide evidence for the latter possibility by demonstrating that most pairs of cortical sites exhibit weak coupling. We thereby lay groundwork for future investigations of the specific cellular and network mechanisms of corticocortical activity state coupling.","Blackwood EB, Shortal BP, Proekt A",,,The Journal of neuroscience : the official journal of the Society for Neuroscience,,2022,yes,"The paper directly investigates transitions between conscious states, specifically focusing on brain activity during recovery from anesthesia and the transition to wakefulness. The study explicitly examines ""metastable states"" that guide the brain back to wakefulness, which is directly relevant to consciousness research.",yes,This is clearly an empirical research article presenting original experimental findings from rat studies. The paper includes detailed methodology and results from neural recordings.,yes,The study analyzes empirical neural data through local field potentials (LFP) recorded across different layers of visual and motor cortices. This is explicitly stated in the abstract and is a core component of the methodology.,maybe,"While the study uses quantitative measures to analyze brain states and transitions, the abstract doesn't explicitly mention specific complexity-family measures from the list provided. However, the analysis of ""spectra of local field potentials"" and ""transition synchrony measure"" suggests some form of quantitative analysis of neural complexity. The study also examines coupling between different cortical sites, which likely involves measures of information transfer or synchronization.",Include,"This empirical research study investigates neural state transitions during anesthesia recovery, utilizing local field potential recordings across cortical layers in rats. The work directly addresses consciousness research by examining brain activity patterns and state transitions, with quantitative analysis of neural complexity and synchronization. While specific complexity measures are not explicitly detailed, the study's methodological approach strongly suggests sophisticated neural data analysis relevant to understanding conscious state dynamics.",,,4.6
[Some practical problems of clinical diagnosis of brain death].,"The authors experienced thirty brain deaths including eighteen head injuries and seven cerebrovascular accidents during the period from Nov. 1980 to Dec. 1982 and encountered with some practical problems on clinical diagnosis of brain death. In sixteen patients subjected to barbiturate (pentobarbital) therapy, the attempt to meet the criteria of brain death made it necessary to confirm the total cerebrocirculatory arrest as well as to measure the serum concentration of pentobarbital and assure its level low enough. But as a result of the angiograms performed in twenty-four cases the cerebral angiography sometimes failed to give sufficient evidence to confirm it not merely because of the angiographical intracranial delayed opacification but also because of the dissociation of filling between supra- and infratentorial spaces or between right and left hemispheres. And besides the contrast enhancement of cerebral vessels was verified in computed tomograms of two cases among ten cases who had already met the criteria and demonstrated angiographical nonfilling phenomenon. The angiographical narrowing of C 1-2, A 1, M 1 portions or basilar artery observed on serial angiograms preceding the angiographical nonfilling phenomenon was regarded as direct vascular compression by cerebral swelling or vasospasm and considered to suggest that brain death might be impending. At present the continuous monitoring of intracranial pressure performed in twenty-six cases proved to be a convincing guide to suspicion of brain death or impending brain death according to decrease in cerebral perfusion pressure and appearance of so-called plateau waves recorded in four cases.(ABSTRACT TRUNCATED AT 250 WORDS)","Aruga T, Ono K, Kawahara N, Sasaki M, Tsutsumi H, Toyooka H, Mii K, Tsuzuki M, Takakura K",,,No to shinkei = Brain and nerve,,1983,no,"The paper focuses on brain death diagnosis and clinical criteria, which is tangentially related to consciousness as it deals with the complete loss of consciousness. However, it does not explicitly investigate consciousness mechanisms or transitions between conscious states. The focus is primarily clinical rather than consciousness-research oriented.",yes,This appears to be an empirical research article reporting on clinical observations and measurements from 30 brain death cases. It meets this criterion as it presents original empirical data and analysis.,no,"The paper primarily uses angiography, CT scans, and intracranial pressure monitoring. While these are neurological measurements, they are not the type of neural data specified in the criteria (EEG, MEG, fMRI, etc.). The measurements focus on vascular and structural aspects rather than neural activity patterns.",no,"The paper does not appear to apply any of the specified complexity-family measures. The analysis focuses on clinical criteria, angiographic findings, and pressure measurements, but there's no mention of entropy, information theory, or other complexity measures.",Exclude,"This clinical study on brain death diagnosis lacks direct investigation of consciousness mechanisms, does not employ specified neural data types, and fails to apply complexity-family measures. While empirically grounded, the research does not align with the screening criteria focused on consciousness research and neural complexity analysis. The paper's primary focus on clinical brain death criteria diverges from the required research parameters.",,Other / below screening threshold,1.4
Reactivation of seizure-related changes to interictal spike shape and synchrony during postseizure sleep in patients.,"OBJECTIVE: Local field potentials (LFPs) arise from synchronous activation of millions of neurons, producing seemingly consistent waveform shapes and relative synchrony across electrodes. Interictal spikes (IISs) are LFPs associated with epilepsy that are commonly used to guide surgical resection. Recently, changes in neuronal firing patterns observed in the minutes preceding seizure onset were found to be reactivated during postseizure sleep, a process called seizure-related consolidation (SRC), due to similarities with learning-related consolidation. Because IISs arise from summed neural activity, we hypothesized that changes in IIS shape and relative synchrony would be observed in the minutes preceding seizure onset and would be reactivated preferentially during postseizure slow-wave sleep (SWS). METHODS: Scalp and intracranial recordings were obtained continuously across multiple days from clinical macroelectrodes implanted in patients undergoing treatment for intractable epilepsy. Data from scalp electrodes were used to stage sleep. Data from intracranial electrodes were used to detect IISs using a previously established algorithm. Partial correlations were computed for sleep and wake periods before and after seizures as a function of correlations observed in the minutes preceding seizures. Magnetic resonance imaging (MRI) and computed tomography (CT) scans were co-registered with electroencephalography (EEG) to determine the location of the seizure-onset zone (SOZ). RESULTS: Changes in IIS shape and relative synchrony were observed on a subset of macroelectrodes minutes before seizure onset, and these changes were reactivated preferentially during postseizure SWS. Changes in synchrony were greatest for pairs of electrodes where at least one electrode was located in the SOZ. SIGNIFICANCE: These data suggest preseizure changes in neural activity and their subsequent reactivation occur across a broad spatiotemporal scale: from single neurons to LFPs, both within and outside the SOZ. The preferential reactivation of seizure-related changes in IISs during postseizure SWS adds to a growing body of literature suggesting that pathologic neural processes may utilize physiologic mechanisms of synaptic plasticity.","Bower MR, Kucewicz MT, St Louis EK, Meyer FB, Marsh WR, Stead M, Worrell GA",,,Epilepsia,,2017,maybe,"The paper focuses on epilepsy and interictal spikes, which are related to consciousness in the sense that they affect brain states and potentially consciousness. However, the paper doesn't explicitly investigate consciousness or transitions between conscious states as its primary focus. While it mentions sleep-wake transitions and slow-wave sleep, these are studied in relation to seizure patterns rather than consciousness per se. The connection to consciousness is indirect.",yes,This is clearly an empirical research article with original data collection and analysis. The study involves continuous recordings from multiple patients and includes specific methodological details and results.,yes,"The study strongly meets this criterion. It analyzes multiple types of neural data including local field potentials (LFPs), scalp EEG recordings, and intracranial recordings from macroelectrodes. The analysis of these empirical neural data is central to the study.",no,"The paper mentions using partial correlations to analyze synchrony between electrodes, which could be considered a basic complexity measure. However, it doesn't appear to apply more sophisticated complexity-family measures as defined in the criteria. The analysis seems to focus more on basic correlation and synchrony measures rather than the specific complexity measures listed in the criteria.",Include,"This empirical research article analyzes neural data from epilepsy patients, utilizing multiple recording techniques and examining interictal spike patterns across sleep-wake transitions. While the study involves sophisticated neural data analysis, its primary focus on seizure mechanisms rather than explicit consciousness research and limited application of advanced complexity measures suggests partial alignment with the screening criteria. The research provides insights into neural activity patterns but does not directly investigate consciousness or employ comprehensive complexity-family measures.",,,3.1
Putting the brakes on inhibitory models of frontal lobe function.,"There has been much recent debate regarding the neural basis of motor response inhibition. An influential hypothesis from the last decade proposes that a module within the right inferior frontal cortex (RIFC) of the human brain is dedicated to supporting response inhibition. However, there is growing evidence to support the alternative view that response inhibition is just one prominent example of the many cognitive control processes that are supported by the same set of 'domain general' functional networks. Here, I test directly between the modular and network accounts of motor response inhibition by applying a combination of data-driven, event-related and functional connectivity analyses to fMRI data from a variety of attention and inhibition tasks. The results demonstrate that there is no inhibitory module within the RIFC. Instead, response inhibition recruits a functionally heterogeneous ensemble of RIFC networks, which can be dissociated from each other in the context of other task demands.",Hampshire A,,,NeuroImage,,2015,no,"The paper does not explicitly investigate consciousness or states of consciousness. While cognitive control and response inhibition are related to conscious processing, the paper appears to be primarily about functional networks and their role in motor control, rather than consciousness per se. The abstract does not mention consciousness or neural signatures of consciousness.",yes,"The paper appears to be an empirical research article that analyzes fMRI data from various tasks, which meets the criterion for being an empirical research article.",yes,"The study clearly uses empirical neural data, specifically fMRI data, and applies both event-related and functional connectivity analyses, which meets this criterion.",no,"While the paper mentions ""data-driven"" and ""functional connectivity analyses,"" it does not explicitly mention applying any of the specified complexity-family measures. The analyses appear to focus on network organization and functional connectivity rather than complexity measures like entropy, information theory, or criticality measures.",Include,"This neuroscience study uses fMRI data to investigate motor response inhibition and cognitive control networks, but does not directly address consciousness research or apply complexity-family measures. While the paper represents an empirical research article with neural data analysis, it falls short of the specific screening criteria related to consciousness investigation and quantitative complexity measures.",,,2.5
Iterative function system and genetic algorithm-based EEG compression.,"A method for EEG compression is proposed, using Iterative Function System (IFS) and Genetic Algorithms (GAs) with elitist model, keeping the quality sufficiently good for clinical purposes. Compression using IFS is usually called fractal compression. The self transformability property of the EEG signals is assumed and is exploited in the fractal compression technique. To ascertain the self transformability of the EEG signal, some isometric transformations have been applied. The technique described here utilizes Genetic Algorithm that decreases the search space for finding the self similarities in the given signal. This article presents theory and implementation of the proposed method. The fidelity of the reconstructed signal obtained by the present compression algorithm has been assessed both qualitatively and quantitatively. The compression ratios, for the EEG signals in various states, are found to be comparable to the other available techniques for EEG compression. In our method at least 85% data reduction has been achieved.","Mitra SK, Sarbadhikari SN",,,Medical engineering & physics,,1997,no,"The paper does not explicitly investigate consciousness or states of consciousness. While EEG is a tool that can be used to study consciousness, this paper appears to be purely about signal processing and compression methods, without any mention of consciousness-related applications or interpretations.",yes,"This appears to be an empirical research article presenting a novel method for EEG compression, including implementation and quantitative assessment of the method.",maybe,"The paper does work with EEG data, which is a form of neural recording. However, the focus is on compression algorithms rather than analyzing the neural data itself for scientific insights. The EEG data appears to be used as test material for the compression algorithm rather than being analyzed for neural patterns or mechanisms.",no,"While the paper uses fractal compression (which relates to complexity), this is not being used as a measure to analyze neural complexity or consciousness. Instead, it's being used as a compression technique. The paper does not appear to apply any of the specified complexity-family measures for analyzing neural data.",Exclude,"This technical paper on EEG compression techniques fails to meet key screening criteria related to consciousness research, as it does not investigate consciousness states or apply complexity measures to neural data. While the study is an empirical research article using EEG data, its primary focus is signal processing methodology rather than neural mechanism analysis or consciousness-related investigations.",,Other / below screening threshold,1.4
Spinal epidural haematoma: report of 11 cases and review of the literature.,"Spinal epidural haematomas (SEH) are rare; most are caused by trauma, anticoagulant therapy, vascular anomalies, hypertension, blood dyscrasias, epidural anaesthesia or, rarely, spinal surgery. We report 11 cases and review the literature (16 cases). The clinical picture is that of acute spinal cord compression. MRI characteristics are quite specific. On sagittal sections, the SEH appears as a biconvex mass, dorsal to the thecal sac, clearly outlined and with tapering superior and inferior margins. The dura mater is seen as curvilinear low signal separating the haematoma from the cord. Within 24 h of onset, the haematoma is isointense with the cord on T1-weighted images and heterogeneous on T2-weighted images. Later, it gives high signal on both T1- and T2-weighted images. Differential diagnosis must include subdural haematoma, epidural neoplasm and abscess. Complete neurological recovery rapidly follows laminectomy and removal of the clot. In three of our cases, the haematoma resolved spontaneously. MRI is the best examination for diagnostic and follow-up.","Boukobza M, Guichard JP, Boissonet M, George B, Reizine D, Gelbert F, Merland JJ",,,Neuroradiology,,1994,no,"The paper does not investigate consciousness, states of consciousness, or transitions between conscious states. It also does not explicitly interpret findings in relation to consciousness or neural signatures/mechanisms of consciousness.",yes,"The paper is an empirical research article that reports on 11 cases and reviews 16 additional cases from the literature, meeting the criterion of being an empirical research article.",no,"The paper primarily uses MRI imaging data, which is not considered neural data in the context of the screening criteria. While MRI can show structural changes, it does not directly measure neural activity or function as specified in the criteria (EEG, MEG, fMRI/BOLD, etc.).",no,"The paper does not mention or apply any complexity-family measures. The analysis appears to be purely clinical and radiological, focusing on MRI characteristics and clinical outcomes rather than quantitative complexity measures.",Exclude,"This clinical case report on spinal epidural hematomas fails to meet key screening criteria related to consciousness research, neural data analysis, and complexity-family measures. The study focuses on MRI characteristics and clinical outcomes of a medical condition, lacking the specified research elements of consciousness investigation, neural data analysis, or quantitative complexity measures. Consequently, the paper does not align with the required screening parameters for the intended research domain.",,Other / below screening threshold,0.1
Is synchronized neuronal gamma activity relevant for selective attention?,"Today, much evidence exists that sensory feature binding is accomplished by phase synchronization of induced neuronal gamma activity (30-80 Hz). Recent studies furthermore suggest that phase synchronization of induced gamma activity may represent a general mechanism enabling transient associations of neural assemblies and thus may play a central role in cortical information processing. Here, we describe findings indicating that synchronized gamma activity is moreover specifically involved in selective attention. While feature binding appears to depend primarily on induced gamma synchronization, attentional processes seem to involve both induced and evoked gamma oscillations. Yet it is still an open question, as to which top-down and bottom-up processes are associated with attentional modulation of gamma activity. A possible mechanism to project influences from attentional control structures to areas concerned with stimulus representation and vice versa, may be neuronal synchronization and the resulting firing rate changes of coincidence-detecting neurons in target areas.","Fell J, Fernández G, Klaver P, Elger CE, Fries P",,,Brain research. Brain research reviews,,2003,maybe,"The paper discusses neural mechanisms related to sensory feature binding and selective attention, which are fundamental aspects of conscious processing. While it doesn't explicitly mention consciousness, it investigates neural mechanisms (gamma oscillations) that are closely related to conscious perception and information processing.",maybe,"The abstract appears to be from a research article presenting empirical findings about gamma oscillations and their role in feature binding and attention. However, the abstract's language (""Here, we describe findings..."") suggests this might be a review or perspective piece rather than primary empirical research.",maybe,"The paper discusses gamma oscillations (30-80 Hz) and neuronal synchronization, which are typically measured through empirical neural recordings (likely EEG or LFP). However, the abstract doesn't explicitly state that they collected or analyzed such data. It's unclear whether this is a primary empirical study or a theoretical discussion of existing findings.",maybe,"The paper discusses phase synchronization and neuronal synchronization, which are related to complexity measures, but doesn't explicitly mention applying specific quantitative complexity-family measures. While synchronization analysis might involve some complexity measures, this isn't clearly stated in the abstract.",Include,"Neural mechanisms of sensory feature binding and selective attention are explored, with potential implications for conscious processing, though the explicit connection to consciousness remains implicit. The study discusses gamma oscillations and neuronal synchronization, but lacks clear evidence of primary empirical research or specific quantitative complexity-family measures. Uncertainty exists regarding the precise nature of the research methodology and its direct alignment with the screening criteria.",,,3.1
Permutation entropy in intraoperative ECoG of brain tumour patients in awake tumour surgery- a robust parameter to separate consciousness from unconsciousness.,"Awake craniotomies represent an essential opportunity in the case of lesions in eloquent areas. Thus, optimal surveillance of the patient during different stages of sedation, as well as the detection of seizure activity during brain surgery, remains difficult, as skin electrodes for electroencephalographic (EEG) analysis are not applicable in most cases. We assessed the applicability of ECoG to monitor different stages of sedation, as well as the influence of different patient characteristics, such as tumour volume, size, entity, and age or gender on permutation entropy (PeEn). We conducted retrospective analysis of the ECoG data of 16 patients, who underwent awake craniotomies because of left-sided brain tumours at our centre between 2014 and 2016. PeEn could be easily calculated and compared using frontal and parietal cortical electrodes. A comparison of PeEn scores showed significantly higher values in awake patients than in patients under anaesthesia (p ≤ 0.004) and significantly higher ones in the state of transition than under general anaesthesia (p = 0.023). PeEn scores in frontal and parietal leads did not differ significantly, making them both applicable for continuous surveillance during brain surgery. None of the following clinical characteristics showed significant correlation with PeEn scores: tumour volume, WHO grade, first or recurrent tumour, gender, and sex. Being 50 years or older led to significantly lower values in parietal leads but not in frontal leads. ECoG and a consecutive analysis of PeEn are feasible and suitable for the continuous surveillance of patients during awake craniotomies. Hence, the analysis is not influenced by patients' clinical characteristics.","Lange N, Schleifer S, Berndt M, Jörger AK, Wagner A, Krieg SM, Jordan D, Bretschneider M, Ryang YM, Meyer B, Gempt J",,,Scientific reports,,2019,yes,"The study directly investigates states of consciousness and transitions between them, specifically examining different stages of sedation and anesthesia during awake craniotomies. It explicitly looks at neural signatures (ECoG) during transitions between awake states and anesthesia, which is directly relevant to consciousness research.",yes,This is an empirical research article presenting original data analysis from 16 patients. It includes statistical analysis and concrete results.,yes,"The study uses ECoG (electrocorticography) recordings, which is a direct form of neural data recording. The analysis is based on empirical neural measurements from frontal and parietal cortical electrodes.",yes,"The study specifically uses permutation entropy (PeEn), which is a recognized complexity-family measure. The analysis focuses on PeEn as a primary measure to distinguish between different states of consciousness and anesthesia.",Include,"This empirical research study directly investigates consciousness states through ECoG neural recordings, applying permutation entropy as a quantitative complexity measure to analyze transitions between awake and anesthetized states. The work systematically examines neural data from 16 patients, providing a rigorous analysis of consciousness-related neural signatures across different sedation levels, with statistically significant findings about neural complexity during consciousness transitions.",,,4.9
Analyzing brain-activation responses to auditory stimuli improves the diagnosis of a disorder of consciousness by non-linear dynamic analysis of the EEG.,"Although auditory stimuli benefit patients with disorders of consciousness (DOC), the optimal stimulus remains unclear. We explored the most effective electroencephalography (EEG)-tracking method for eliciting brain responses to auditory stimuli and assessed its potential as a neural marker to improve DOC diagnosis. We collected 58 EEG recordings from patients with DOC to evaluate the classification model's performance and optimal auditory stimulus. Using non-linear dynamic analysis (approximate entropy [ApEn]), we assessed EEG responses to various auditory stimuli (resting state, preferred music, subject's own name [SON], and familiar music) in 40 patients. The diagnostic performance of the optimal stimulus-induced EEG classification for vegetative state (VS)/unresponsive wakefulness syndrome (UWS) and minimally conscious state (MCS) was compared with the Coma Recovery Scale-Revision in 18 patients using the machine learning cascade forward backpropagation neural network model. Regardless of patient status, preferred music significantly activated the cerebral cortex. Patients in MCS showed increased activity in the prefrontal pole and central, occipital, and temporal cortices, whereas those in VS/UWS showed activity in the prefrontal and anterior temporal lobes. Patients in VS/UWS exhibited the lowest preferred music-induced ApEn differences in the central, middle, and posterior temporal lobes compared with those in MCS. The resting state ApEn value of the prefrontal pole (0.77) distinguished VS/UWS from MCS with 61.11% accuracy. The cascade forward backpropagation neural network tested for ApEn values in the resting state and preferred music-induced ApEn differences achieved an average of 83.33% accuracy in distinguishing VS/UWS from MCS (based on K-fold cross-validation). EEG non-linear analysis quantifies cortical responses in patients with DOC, with preferred music inducing more intense EEG responses than SON and familiar music. Machine learning algorithms combined with auditory stimuli showed strong potential for improving DOC diagnosis. Future studies should explore the optimal multimodal sensory stimuli tailored for individual patients.Trial registration: The study is registered in the Chinese Registry of Clinical Trials (Approval no: KYLL-2023-414, Registration code: ChiCTR2300079310).","Qu S, Wu X, Tang Y, Zhang Q, Huang L, Cui B, Jiao S, Sun Q, Zeng F",,,Scientific reports,,2024,yes,"The study directly investigates disorders of consciousness (DOC), specifically comparing vegetative state/unresponsive wakefulness syndrome (VS/UWS) and minimally conscious state (MCS). It explicitly focuses on consciousness states and their neural signatures through EEG responses to different stimuli.",yes,This is clearly an empirical research article with original data collection and analysis. The study includes 58 EEG recordings from patients and presents quantitative results from machine learning analysis.,yes,The study directly analyzes empirical neural data through EEG recordings. They specifically examine EEG responses to different auditory stimuli and use these data for classification and analysis.,yes,"The study explicitly uses approximate entropy (ApEn), which is a well-established complexity-family measure. They apply this measure to analyze EEG responses and use it as part of their classification approach. The results are quantitatively analyzed and compared between different consciousness states.",Include,"This empirical research study comprehensively investigates disorders of consciousness by analyzing EEG recordings using complexity measures like approximate entropy, with a robust methodology involving machine learning classification across different consciousness states. The work directly addresses neural signatures of consciousness through quantitative analysis of brain responses to auditory stimuli, meeting all screening criteria with high methodological rigor and empirical depth.",,,4.9
"High-voltage, diffuse delta rhythms coincide with wakeful consciousness and complexity in Angelman syndrome.","Abundant evidence from slow wave sleep, anesthesia, coma, and epileptic seizures links high-voltage, slow electroencephalogram (EEG) activity to loss of consciousness. This well-established correlation is challenged by the observation that children with Angelman syndrome (AS), while fully awake and displaying volitional behavior, display a hypersynchronous delta (1-4 Hz) frequency EEG phenotype typical of unconsciousness. Because the trough of the delta oscillation is associated with down-states in which cortical neurons are silenced, the presence of volitional behavior and wakefulness in AS amidst diffuse delta rhythms presents a paradox. Moreover, high-voltage, slow EEG activity is generally assumed to lack complexity, yet many theories view functional brain complexity as necessary for consciousness. Here, we use abnormal cortical dynamics in AS to assess whether EEG complexity may scale with the relative level of consciousness despite a background of hypersynchronous delta activity. As characterized by multiscale metrics, EEGs from 35 children with AS feature significantly greater complexity during wakefulness compared with sleep, even when comparing the most pathological segments of wakeful EEG to the segments of sleep EEG least likely to contain conscious mentation and when factoring out delta power differences across states. These findings (i) warn against reverse inferring an absence of consciousness solely on the basis of high-amplitude EEG delta oscillations, (ii) corroborate rare observations of preserved consciousness under hypersynchronization in other conditions, (iii) identify biomarkers of consciousness that have been validated under conditions of abnormal cortical dynamics, and (iv) lend credence to theories linking consciousness with complexity.","Frohlich J, Bird LM, Dell'Italia J, Johnson MA, Hipp JF, Monti MM",,,Neuroscience of consciousness,,2020,yes,The paper directly investigates consciousness and its relationship with EEG patterns. It specifically examines the paradox of consciousness in Angelman syndrome patients who display EEG patterns typically associated with unconsciousness. The study explicitly interprets findings in relation to consciousness and neural mechanisms.,yes,This is clearly an empirical research article with original data analysis from 35 children with Angelman syndrome. The abstract describes specific empirical findings and comparisons between wakefulness and sleep states.,yes,"The study analyzes empirical EEG data, which is explicitly mentioned multiple times in the abstract. They specifically examine delta frequency EEG activity and use multiscale metrics to analyze the data.",yes,"The abstract explicitly mentions using ""multiscale metrics"" to analyze EEG complexity. While specific measures aren't named, the focus on complexity analysis and its relationship to consciousness strongly suggests the use of quantitative complexity-family measures. The paper appears to directly analyze complexity measures as a primary analysis, not just theoretically discuss them.",Include,"This empirical research article directly investigates consciousness through EEG analysis of Angelman syndrome patients, utilizing quantitative complexity measures to examine neural dynamics across wakefulness and sleep states. The study provides original data from 35 children, systematically analyzing neural complexity in relation to conscious states, and meets all screening criteria for consciousness research with empirical neural data analysis.",,,4.9
Spontaneous intracranial hypotension resulting in stupor caused by diencephalic compression.,"A 51-year-old man had a 4-month history of progressive headache and gradual onset of somnolence. MRI suggested spontaneous intracranial hypotension (SIH) with diencephalic compression, but he did not improve after three epidural blood patches. He became alert following intrathecal saline infusion that normalized his CSF pressure. A CSF leak was noted on spinal MRI and confirmed with CT contrast myelography. Surgical ligation of a torn dural root sleeve isolating a ruptured Tarlov's cyst resulted in permanent cure.","Pleasure SJ, Abosch A, Friedman J, Ko NU, Barbaro N, Dillon W, Fishman RA, Poncelet AN",,,Neurology,,1998,no,"The paper discusses somnolence (a state of consciousness) and its relationship to intracranial hypotension, but this appears to be a clinical case report focusing on diagnosis and treatment rather than investigating consciousness mechanisms or neural signatures of consciousness. While consciousness is mentioned, it's not studied in the context of understanding consciousness itself.",no,"This appears to be a clinical case report, which is not explicitly listed as an eligible study type. While it contains empirical observations, it's more of a clinical narrative than a systematic research study, review, or meta-analysis.",no,"The paper mentions MRI and CT imaging, but these are used for anatomical diagnosis rather than analyzing neural activity or function. There's no indication of any neural recording or analysis methods being used (no EEG, MEG, fMRI/BOLD, etc.).",no,There is no mention or application of any complexity-family measures. The paper focuses on clinical diagnosis and treatment outcomes rather than quantitative analysis of neural complexity or information processing.,Exclude,"This clinical case report fails to meet key screening criteria for consciousness research, lacking empirical neural data analysis, quantitative complexity measures, and a systematic research approach. While discussing somnolence, the paper is primarily a diagnostic narrative focused on clinical treatment rather than investigating consciousness mechanisms or neural signatures.",,Other / below screening threshold,1.4
Cerebrovascular response to elevation of ventricular pressure.,"The behaviour of Pial vessels to levels of CSF-pressure between 10 and 100 mmHg induced by vetricular infusion of mock CSF, was observed in 6 cats under barbiturate and N2O anaesthesia, using the cranial window technique and videoangiometry. Supratentorial pressure (STP) equaled infratentorial pressure in the cisterna magna (CMP) throughou. No changes in pial arterial calibres were noted up to a CMP of 13 mmHg (i.e. a cerebral perfusion pressure (CPP) of 100 mmHg). Further increase of CMP to 45 mmHg induced significant arterial dilatation of 40 +/- 3.4%. With a further rise of ventricular fluid pressure (VFP) no marked further arterial dilatation occurred. Dilatation of arteries up to 100 um resting diameter and arteries between 100 and 250 um resting diameter and arteries between 100 and 250 um was not significantly different. When CPP approached 40 mmHg, arteries were still 47 +/- 3.6% dilated. Pial venous calibre did not vary by more than 20% during elevation of VFP. At CPP 47 mmHg, small and large veins were dilated by 14%. Single venous segments were compressed by crossing pial arteries and caused upstream venous congestion and distension.","Kato Y, Auer LM",,,Acta neurochirurgica,,1989,no,"The paper does not investigate consciousness, states of consciousness, or transitions between conscious states. It also does not explicitly interpret findings in relation to consciousness or neural signatures/mechanisms of consciousness. The focus is on vascular responses to pressure changes, not on consciousness-related topics.",yes,"The paper is an empirical research article with original experimental data, which meets the criteria for an eligible study type.",no,"The study does not analyze empirical neural data such as EEG, MEG, fMRI, or other neural recordings. The measurements are purely vascular/physiological, not neural.",no,"The study does not apply any of the specified complexity-family measures, such as entropy, Lempel-Ziv complexity, Kolmogorov measures, or other information-theoretic analyses. The analysis is focused on straightforward physiological measurements of vessel diameter and pressure relationships.",Exclude,"This experimental study on pial vessel behavior in cats under anesthesia lacks direct investigation of consciousness, neural data analysis, or complexity-family measures. Despite being an empirical research article, the paper does not meet the core screening criteria related to consciousness research, neural data application, or quantitative complexity analysis. Consequently, the study falls outside the systematic review's scope.",,Other / below screening threshold,0.1
Supplemental oxygen and quality of sleep in patients with chronic obstructive lung disease.,"The hypothesis that supplemental oxygen could improve the quality of sleep was tested in 23 consecutive patients (14 male, nine female; age 42-74 years) with chronic obstructive lung disease (mean (SD) FEV1 0.81 (0.32) litre, FEV1/FVC 37% (12%). Patients breathed compressed air or supplemental oxygen via nasal cannulas on consecutive nights in a randomised, double blind, crossover trial. Quality of sleep was assessed by questionnaire and by electroencephalographic sleep staging. The study had a power of 80% to detect, at the 0.05 level, a 20% improvement in total sleep time. Seventeen patients slept for two nights in the laboratory. Oxygenation during sleep was improved by oxygen administration, but there was no improvement in quality of sleep. There was an acclimatisation effect with better sleep on the second night. Six patients spent an additional acclimatisation night in the laboratory as well as the two study nights. There was no difference in sleep quality between the second and third nights or between the compressed air and the oxygen nights in these patients. Subgroups of patients with an arterial carbon dioxide tension of over 43 mm Hg (5.7 kPa) (n = 12) and arterial oxygen saturation of less than 90% (n = 11) while awake did not show any improvement in quality of sleep on the oxygen night. It is concluded that supplemental oxygen improves nocturnal oxygenation but does not immediately improve the quality of sleep in the laboratory in patients with chronic obstructive lung disease.","McKeon JL, Murree-Allen K, Saunders NA",,,Thorax,,1989,maybe,"The paper studies sleep quality and uses EEG sleep staging, which relates to states of consciousness. However, the primary focus is on the clinical effects of oxygen supplementation on sleep quality in COPD patients, rather than investigating consciousness mechanisms or neural signatures of consciousness. While sleep is a state of consciousness, the study doesn't explicitly interpret findings in relation to consciousness mechanisms.",yes,"This is clearly an empirical research article with a randomized, double-blind, crossover trial design.",yes,"The study uses EEG for sleep staging, which qualifies as empirical neural data analysis. However, the EEG analysis appears to be used primarily for clinical sleep staging rather than detailed neural mechanism investigation.",no,The abstract does not mention any complexity-family measures. The analysis appears to focus on basic sleep staging metrics rather than complex neural dynamics or information-theoretic measures.,Include,"A clinical study on oxygen supplementation in COPD patients using EEG sleep staging, which partially addresses consciousness-related states but lacks explicit consciousness mechanism investigation. While the research involves empirical neural data through EEG, it does not apply complexity-family measures or deeply explore consciousness neural signatures. The study primarily focuses on clinical sleep quality outcomes rather than consciousness research.",,,2.7
From Black Holes Entropy to Consciousness: The Dimensions of the Brain Connectome.,"It has been shown that the theory of relativity can be applied physically to the functioning brain, so that the brain connectome should be considered as a four-dimensional spacetime entity curved by brain activity, just as gravity curves the four-dimensional spacetime of the physical world. Following the most recent developments in modern theoretical physics (black hole entropy, holographic principle, AdS/CFT duality), we conjecture that consciousness can naturally emerge from this four-dimensional brain connectome when a fifth dimension is considered, in the same way that gravity emerges from a 'flat' four-dimensional quantum world, without gravitation, present at the boundaries of a five-dimensional spacetime. This vision makes it possible to envisage quantitative signatures of consciousness based on the entropy of the connectome and the curvature of spacetime estimated from data obtained by fMRI in the resting state (nodal activity and functional connectivity) and constrained by the anatomical connectivity derived from diffusion tensor imaging.",Le Bihan D,,,"Entropy (Basel, Switzerland)",,2023,maybe,"The paper explicitly deals with consciousness, proposing a theoretical framework for how consciousness might emerge from brain connectivity. However, this appears to be primarily theoretical rather than an empirical investigation of consciousness states or transitions. The paper discusses ""quantitative signatures of consciousness"" but seems to be proposing rather than testing these.",no,"This appears to be a theoretical paper that proposes a framework based on physics concepts. There's no indication that this is an empirical research article, systematic review, or meta-analysis. The abstract suggests this is primarily a theoretical/simulation-only paper without empirical results, which explicitly falls outside the inclusion criteria.",no,"While the paper mentions fMRI and diffusion tensor imaging data, it appears to be discussing how these could be used in the future rather than actually analyzing empirical neural data. The abstract suggests this is a theoretical proposal rather than an analysis of actual neural recordings.",no,"The paper mentions entropy of the connectome, but this appears to be in the context of theoretical proposals rather than actual application of complexity measures to empirical data. There's no clear indication that the paper applies any of the specified complexity-family measures to real data.",Exclude,"A theoretical physics-inspired proposal about consciousness fails to meet key screening criteria, particularly lacking empirical neural data analysis and not representing an empirical research study. While addressing consciousness conceptually, the paper does not apply quantitative complexity measures to actual neural recordings or provide systematic empirical evidence, rendering it ineligible for inclusion.",,Other / below screening threshold,1.4
Out-of-step: brain-heart desynchronization in anxiety disorders.,"Imaging studies in anxiety disorders (AD) show abnormal functional connectivity primarily in the salience network (SN), somatomotor network (SMN), and default mode network (DMN). However, it is not clear how precisely these network changes occur including their relation to psychopathological symptoms. Here, we show that the functional networks affected in AD overlap with cortical regions that receive visceral inputs (the so-called central/visceral autonomic network). Focusing on cardiac afferents, we suggest that network changes in AD may be due to reduced phase synchronization between ongoing neural and cardiac activity. This neuro-cardiac desynchronization occurs due to the abnormal phase resetting of neural activity at the onset of each heartbeat, as measured by a lower intertrial coherence and heartbeat-evoked potential. Biochemically, cardiac afferents reach subcortical serotonergic raphe nuclei and noradrenergic locus coeruleus (among others) which, in turn, are known to reciprocally modulate the DMN and SMN/SN on the cortical level. Consistent with the network changes in AD, decreases in serotonergic and noradrenergic activity are known to increase connectivity in both SMN and SN while, at the same time, they decrease DMN connectivity. SMN and SN increases, in turn, lead to increased emotional arousal/anxiety and bodily awareness whereas decreased DMN connectivity leads to an unstable sense-of-self in AD. Finally, we integrate our proposal with interoceptive predictive processing models suggesting neuro-cardiac desynchronization as a mechanism for ""noisy"" bottom-up information leading to a persistently uncertain bodily state in top-down models. In sum, integrating theories on active interference and hyperarousal, we propose a precise neuro-cardiac and biochemically -driven mechanisms for key psychopathological symptoms of AD.","Tumati S, Paulus MP, Northoff G",,,Molecular psychiatry,,2021,no,"The paper does not directly investigate consciousness or conscious states. While it discusses neural networks and their relationship to anxiety disorders, it focuses on functional connectivity and neuro-cardiac synchronization rather than consciousness mechanisms. The paper does not explicitly interpret findings in relation to consciousness or its neural signatures.",no,"This appears to be a theoretical/review paper that proposes mechanisms rather than presenting new empirical research. The abstract suggests this is primarily a theoretical integration of existing knowledge (""we propose,"" ""we suggest"") rather than an empirical study or systematic review with clear methodology.",no,"While the paper discusses neural networks and connectivity, it does not appear to directly analyze empirical neural data. Instead, it synthesizes existing knowledge about network changes in anxiety disorders and proposes theoretical mechanisms. There's no indication of original data analysis or systematic review of empirical neural data.",no,"The paper mentions some quantitative measures (intertrial coherence, heartbeat-evoked potential) but does not appear to apply complexity-family measures as primary analyses. The focus is on functional connectivity and phase synchronization rather than complexity measures.",Exclude,"The proposed study does not meet the systematic review's screening criteria, as it lacks direct investigation of consciousness, does not present empirical neural data analysis, and fails to apply complexity-family measures. While offering theoretical insights into anxiety disorders and neural networks, the paper does not align with the required research focus on consciousness mechanisms and quantitative complexity measures.",,Other / below screening threshold,1.4
Neural net classification of REM sleep based on spectral measures as compared to nonlinear measures.,"In various studies the implementation of nonlinear and nonconventional measures has significantly improved EEG (electroencephalogram) analyses as compared to using conventional parameters alone. A neural network algorithm well approved in our laboratory for the automatic recognition of rapid eye movement (REM) sleep was investigated in this regard. Originally based on a broad range of spectral power inputs, we additionally supplied the nonlinear measures of the largest Lyapunov exponent and correlation dimension as well as the nonconventional stochastic measures of spectral entropy and entropy of amplitudes. No improvement in the detection of REM sleep could be achieved by the inclusion of the new measures. The accuracy of the classification was significantly worse, however, when supplied with these variables alone. In view of results demonstrating the efficiency of nonconventional measures in EEG analysis, the benefit appears to depend on the nature of the problem.","Grözinger M, Fell J, Röschke J",,,Biological cybernetics,,2001,yes,"The paper focuses on REM sleep detection using EEG analysis, which is a state of consciousness. The study explicitly deals with transitions between sleep states, which meets the criterion of investigating consciousness or states of consciousness.",yes,"The paper appears to be an empirical research article that presents original analysis of EEG data using neural networks and various complexity measures. It is not a commentary or theoretical paper, which meets the criterion of being an empirical research article.",yes,"The study directly analyzes EEG data, which is explicitly mentioned as one of the acceptable neural recording methods. The analysis includes both conventional and nonconventional measures applied to empirical EEG data, which meets the criterion of analyzing empirical neural data.",yes,"The paper explicitly applies several complexity-family measures, including the largest Lyapunov exponent, correlation dimension, spectral entropy, and entropy of amplitudes. These are all quantitative complexity measures applied as primary analyses to the empirical data, which meets the criterion of applying quantitative complexity-family measures.",Include,"This study investigates REM sleep detection using EEG analysis, employing multiple complexity measures including Lyapunov exponent, correlation dimension, and spectral entropy. The research represents an empirical neural data analysis that directly applies quantitative complexity-family measures to explore transitions between conscious states, meeting all specified screening criteria.",,,4.9
Functional neuroimaging of extraversion-introversion.,"Neuroimaging techniques such as functional magnetic resonance imaging and positron emission tomography have provided an unprecedented neurobiological perspective for research on personality traits. Evidence from task-related neuroimaging has shown that extraversion is associated with activations in regions of the anterior cingulate cortex, dorsolateral prefrontal cortex, middle temporal gyrus and the amygdala. Currently, resting-state neuroimaging is being widely used in cognitive neuroscience. Initial exploration of extraversion has revealed correlations with the medial prefrontal cortex, anterior cingulate cortex, insular cortex, and the precuneus. Recent research work has indicated that the long-range temporal dependence of the resting-state spontaneous oscillation has high test-retest reliability. Moreover, the long-range temporal dependence of the resting-state networks is highly correlated with personality traits, and this can be used for the prediction of extraversion. As the long-range temporal dependence reflects real-time information updating in individuals, this method may provide a new approach to research on personality traits.","Lei X, Yang T, Wu T",,,Neuroscience bulletin,,2015,no,"The paper focuses on personality traits (specifically extraversion) and their neural correlates, but does not explicitly investigate consciousness or conscious states. While it discusses resting-state networks and temporal dependence, these are not explicitly linked to consciousness mechanisms or signatures. The paper appears to be primarily about personality neuroscience rather than consciousness research.",yes,"The abstract suggests this is a research article that presents empirical findings, particularly regarding the relationship between resting-state networks and personality traits.",yes,"The paper clearly uses empirical neural data, specifically fMRI and PET imaging data. It analyzes both task-related and resting-state neuroimaging data.",maybe,"The paper mentions ""long-range temporal dependence"" analysis of resting-state oscillations, which could potentially be related to complexity measures. However, it's not explicitly clear if this involves standard complexity-family measures like entropy or other specified measures. The description is somewhat vague about the specific analytical methods used.",Include,"The study focuses on personality traits and neural correlates using neuroimaging techniques, but lacks explicit investigation of consciousness or conscious states. While the research employs empirical neural data and appears to be an eligible study type, it does not clearly demonstrate application of complexity-family measures or direct relevance to consciousness research. The primary focus on personality neuroscience suggests limited alignment with the specified screening criteria.",,,2.7
Cross-Scale Dynamicity of Entropy and Connectivity in the Sleeping Brain.,"Introduction: The concept of local sleep refers to the phenomenon of local brain activity that modifies neural networks during unresponsive global sleep. Such network rewiring may differ across spatial scales; however, the global and local alterations in brain systems remain elusive in human sleep. Materials and Methods: We examined cross-scale changes of brain networks in sleep. Functional magnetic resonance imaging data were acquired from 28 healthy participants during nocturnal sleep. We adopted both metrics of connectivity (functional connectivity [FC] and regional homogeneity [ReHo]) and complexity (multiscale entropy) to explore the global and local functionality of the neural assembly across nonrapid eye movement sleep stages. Results: Long-range FC decreased with sleep depth, whereas local ReHo peaked at the N2 stage and reached its lowest level at the N3 stage. Entropy exhibited a general decline at the local scale (Scale 1) as sleep deepened, whereas the coarse-scale entropy (Scale 3) was consistent across stages. Discussion: The negative correlation between Scale-1 entropy and ReHo reflects the enhanced signal regularity and synchronization in sleep, identifying the information exchange at the local scale. The N2 stage showed a distinctive pattern toward local information processing with scrambled long-distance information exchange, indicating a specific time window for network reorganization. Collectively, the multidimensional metrics indicated an imbalanced global-local relationship among brain functional networks across sleep-wake stages.","Kung YC, Li CW, Hsiao FC, Tsai PJ, Chen S, Li MK, Lee HC, Chang CY, Wu CW, Lin CP",,,Brain connectivity,,2022,yes,"The paper directly investigates states of consciousness, specifically focusing on sleep stages (NREM sleep) and transitions between conscious states (wake-sleep). It examines neural network changes during sleep, which is explicitly related to consciousness.",yes,"This is an empirical research article with original data collection and analysis from 28 healthy participants. The paper presents clear methodology and results sections, indicating it's a full research article rather than a commentary or theoretical piece.",yes,The study uses functional magnetic resonance imaging (fMRI) data to analyze brain networks during sleep. This is a valid form of empirical neural data analysis. The study specifically examines functional connectivity (FC) and regional homogeneity (ReHo) metrics.,yes,The study explicitly applies multiscale entropy as a complexity measure to analyze brain network functionality. Entropy is specifically mentioned as one of the complexity-family measures in the screening criteria. The paper also uses other quantitative measures (FC and ReHo) to analyze network properties.,Include,"This empirical research article investigates consciousness through sleep stages using fMRI data, analyzing neural networks with quantitative complexity measures like multiscale entropy. The study meets all screening criteria by providing original neural data analysis, examining transitions between conscious states, and applying complexity-family measures to explore brain network functionality across sleep-wake stages.",,,4.9
"The effect of age on electroencephalogram measures of anesthesia hypnosis: A comparison of BIS, Alpha Power, Lempel-Ziv complexity and permutation entropy during propofol induction.","BACKGROUND: Improving anesthesia administration for elderly population is of particular importance because they undergo considerably more surgical procedures and are at the most risk of suffering from anesthesia-related complications. Intraoperative brain monitors electroencephalogram (EEG) have proved useful in the general population, however, in elderly subjects this is contentious. Probably because these monitors do not account for the natural differences in EEG signals between young and older patients. In this study we attempted to systematically characterize the age-dependence of different EEG measures of anesthesia hypnosis. METHODS: We recorded EEG from 30 patients with a wide age range (19-99 years old) and analyzed four different proposed indexes of depth of hypnosis before, during and after loss of behavioral response due to slow propofol infusion during anesthetic induction. We analyzed Bispectral Index (BIS), Alpha Power and two entropy-related EEG measures, Lempel-Ziv complexity (LZc), and permutation entropy (PE) using mixed-effect analysis of variances (ANOVAs). We evaluated their possible age biases and their trajectories during propofol induction. RESULTS: All measures were dependent on anesthesia stages. BIS, LZc, and PE presented lower values at increasing anesthetic dosage. Inversely, Alpha Power increased with increasing propofol at low doses, however this relation was reversed at greater effect-site propofol concentrations. Significant group differences between elderly patients (>65 years) and young patients were observed for BIS, Alpha Power, and LZc, but not for PE. CONCLUSION: BIS, Alpha Power, and LZc show important age-related biases during slow propofol induction. These should be considered when interpreting and designing EEG monitors for clinical settings. Interestingly, PE did not present significant age differences, which makes it a promising candidate as an age-independent measure of hypnotic depth to be used in future monitor development.","Biggs D, Boncompte G, Pedemonte JC, Fuentes C, Cortinez LI",,,Frontiers in aging neuroscience,,2022,yes,"The paper directly investigates states of consciousness, specifically anesthesia-induced hypnosis and transitions between conscious states during propofol induction. The study explicitly examines neural signatures of consciousness through EEG measures during different levels of anesthesia.",yes,"This is clearly an empirical research article with original data collection and analysis from 30 patients. The study includes detailed methodology and results sections, indicating it's a full research paper, not a commentary or theoretical piece.",yes,"The study directly analyzes empirical neural data through EEG recordings, including multiple measures (BIS, Alpha Power, Lempel-Ziv complexity, and permutation entropy). The analysis is quantitative and based on actual neural recordings.",yes,"The study explicitly applies multiple complexity-family measures: Lempel-Ziv complexity (LZc) and permutation entropy (PE). These are directly analyzed as primary measures, not just theoretically discussed. The study specifically examines their relationship with anesthetic depth and age-related differences.",Include,"This empirical research study directly investigates consciousness states through EEG analysis during anesthesia, utilizing multiple complexity-family measures like Lempel-Ziv complexity and permutation entropy. The work systematically examines neural data across different age groups, providing quantitative insights into consciousness transitions and neural signatures during propofol-induced hypnosis. By applying rigorous empirical methods and analyzing neural recordings, the study meets all key screening criteria for consciousness research.",,,4.9
"Examining self-reported social functioning, sleep quality, and psychotic-like experiences in college students.","Impairments in social and role functioning have been associated with the prodromal phase of psychosis. Additionally, sleep disturbances impacting daily functioning have been detected across the schizophrenia spectrum. Relationships between social functioning, sleep quality, and psychotic-like experiences (PLEs) in undergraduate-level student populations are less understood. The current project aimed to investigate whether self-reported measures of sleep quality would moderate the relationship between social functioning and PLE endorsement in a community sample of 3042 undergraduate student participants between the ages of 18-35. Participants completed the Social Functioning Scale, the Pittsburgh Sleep Quality Index, and the Prodromal Questionnaire, which indexed PLEs. Bivariate correlations revealed significant associations between social functioning, sleep, and PLEs. As expected, poor sleep and poor social functioning were associated with increased endorsement of PLEs. Contrary to expectation, poor sleep quality was associated with better social functioning. In hierarchical multiple regression models, the interaction between social functioning and sleep was not associated with PLE endorsement. Results indicated that both poor sleep and poor social functioning were significantly associated with PLEs when included in the same model. These findings suggest that poor social functioning and disrupted sleep may act additively to influence PLEs, and that they are both important contributors to psychotic symptoms. Due to deleterious effects of poor sleep on physical and emotional health, these findings provide impetus to further investigate relationships between sleep quality, social functioning, and PLEs using such high-resolution methods as actigraphy, mobile sensing, ecological momentary assessment, and neuroimaging.","Korenic SA, Ered A, Pierce KM, Calvo EM, Olino TM, Murty VP, Ellman LM",,,Journal of psychiatric research,,2021,no,"The paper does not directly investigate consciousness or states of consciousness. While it examines psychotic-like experiences (PLEs) and sleep, which could be tangentially related to consciousness, the study focuses on social functioning and sleep quality as predictors of PLEs. The paper does not explicitly interpret findings in relation to consciousness or neural mechanisms of consciousness.",yes,This is an empirical research article with a large sample size (n=3042) and quantitative analysis. It meets this criterion as it presents original empirical research.,no,"The paper does not analyze any neural data. While it mentions neuroimaging as a potential future direction in the conclusion, the actual study uses only self-reported measures (Social Functioning Scale, Pittsburgh Sleep Quality Index, and Prodromal Questionnaire). No neural recordings or measurements are included.",no,The study does not apply any complexity-family measures. The analysis appears to be based on standard statistical methods (correlations and hierarchical multiple regression) rather than complexity or information-theoretic measures.,Exclude,"This study of psychotic-like experiences and sleep quality fails to meet key screening criteria related to consciousness research, neural data analysis, and complexity-family measures. While an empirical research article with a large sample size, the paper does not investigate consciousness directly, analyze neural recordings, or apply quantitative complexity measures. The research primarily uses self-reported behavioral measures, which fall outside the systematic review's specified scope.",,Other / below screening threshold,0.1
Dissociative states and neural complexity.,"Recent findings indicate that neural mechanisms of consciousness are related to integration of distributed neural assemblies. This neural integration is particularly vulnerable to past stressful experiences that can lead to disintegration and dissociation of consciousness. These findings suggest that dissociation could be described as a level of neural disintegration reflecting a number of independent processes by means of neural complexity. In the present study measurement of dissociation, traumatic stress symptoms and neural complexity calculated using nonlinear analysis of EEG [during rest conditions], and electrodermal activity (EDA) [during rest and Stroop task] were performed in 52 university students (mean age 24.1). Neural complexity has been described using pointwise correlation dimension (PD2) calculated from EEG and EDA records. While no significant relationship was found between EEG complexity and dissociative symptoms, statistically significant relationship between EDA complexity and dissociative symptoms during rest, but not during the Stroop task, has been found. These results indicate that electrodermal complexity during rest may reflect a level of dissociative symptoms.","Bob P, Svetlak M",,,Brain and cognition,,2011,yes,"The paper explicitly investigates consciousness and dissociation, which is a state of consciousness. The abstract mentions ""neural mechanisms of consciousness"" and discusses dissociation as a form of ""neural disintegration."" The study frames its findings in relation to consciousness theory.",yes,"This appears to be an empirical research article with original data collection and analysis from 52 university students. It includes actual measurements and statistical analysis, not just theoretical discussion.",maybe,"The study uses EEG recordings during rest conditions, which is a valid form of empirical neural data. However, it also uses electrodermal activity (EDA), which is not strictly neural data. The EEG component satisfies this criterion, though the mixed nature of the data types might slightly reduce confidence.",yes,The study explicitly uses pointwise correlation dimension (PD2) as a complexity measure to analyze both EEG and EDA data. PD2 is a recognized complexity measure related to the correlation dimension family.,Include,"This empirical research study investigates consciousness through neural complexity measures, specifically analyzing EEG and electrodermal activity in relation to dissociative symptoms. The work applies quantitative complexity-family measures to explore neural mechanisms of consciousness, utilizing pointwise correlation dimension to examine neural integration and disintegration. By systematically collecting and analyzing data from 52 university students, the study provides an original investigation of consciousness-related neural processes.",,,4.7
Rhythms and Background (RnB): The Spectroscopy of Sleep Recordings.,"Nonrapid eye movement (NREM) sleep is characterized by the interaction of multiple oscillations essential for memory consolidation, alongside a dynamic arrhythmic 1/f scale-free background that may also contribute to its functions. Recent spectral parametrization methods, such as fitting oscillation and one-and-over-F and irregular resampling auto-spectral analysis, enable the dissociation of rhythmic and arrhythmic components in the spectral domain; however, they do not resolve these processes in the time domain. Instantaneous measures of frequency, amplitude, and phase-amplitude coupling (PAC) are thus still confounded by fluctuations in arrhythmic activity. This limitation represents a pitfall for studies of NREM sleep relying on instantaneous estimates to investigate oscillatory coupling. To address this limitation, we introduce ""Rhythms and Background"" (RnB), a novel wavelet-based methodology designed to dynamically denoise time series data of arrhythmic interference. This enables the extraction of purely rhythmic time series, suitable for enhanced time-domain analyses of sleep rhythms. We first validate RnB through simulations, demonstrating it accurately estimates the spectral profiles of individual and multiple oscillations across a range of arrhythmic conditions. We then apply RnB to publicly available intracranial electroencephalogram sleep recordings, showing that it provides an improved spectral and time-domain representation of hallmark NREM rhythms. Finally, we demonstrate that RnB significantly enhances the assessment of PAC between cardinal NREM oscillations, outperforming traditional methods that conflate rhythmic and arrhythmic components. This methodological advance offers a substantial improvement in the analysis of sleep oscillations, providing greater precision in the study of rhythmic activity critical to NREM sleep functions.","Dubé J, Foti M, Jaffard S, Latreille V, Frauscher B, Carrier J, Lina JM",,,eNeuro,,2026,maybe,"The paper focuses on NREM sleep, which is a state of consciousness. While it doesn't explicitly discuss consciousness mechanisms, it investigates neural oscillations during sleep that are relevant to understanding states of consciousness. The study of sleep oscillations and their interactions is directly relevant to understanding consciousness transitions and states.",yes,"This is clearly an empirical research article that presents a novel methodology (RnB) and validates it through both simulations and analysis of real intracranial EEG data. The paper includes original empirical results, not just theoretical discussion.",yes,"The study explicitly works with intracranial EEG recordings, which is a valid form of empirical neural data. The authors analyze real sleep recordings and demonstrate their method's effectiveness on actual neural data.",maybe,"The paper focuses on spectral analysis and phase-amplitude coupling (PAC), which are quantitative measures of neural dynamics. While these aren't explicitly complexity measures like entropy or information theory, they do analyze the complex interactions between different oscillatory components in neural signals. However, the primary focus seems to be on developing a denoising methodology rather than applying complexity-family measures as a primary analysis.",Include,"This empirical research article investigates neural oscillations during NREM sleep using intracranial EEG recordings, presenting a novel methodology for analyzing sleep rhythms. While the study provides insights into consciousness-related neural dynamics through spectral analysis and phase-amplitude coupling, it only partially meets the criteria for complexity-family measures. The research demonstrates strong empirical neural data application and consciousness research context, with some uncertainty around the specific complexity measures employed.",,,3.4
Analysis of neurologic symptoms in deep diving: implications for selection of divers.,"Eighteen professional divers (age range 24-33 yr, mean 28.3) participated in one simulated dive to 360 meters of seawater (msw) in a helium-oxygen (heliox) atmosphere with equal compression and decompression profiles. All divers were given an extensive neurologic examination before diving. Clinical neurologic symptoms observed during the dives were equilibrium disorder, sleep disturbances, fatigue, nausea, loose stools, stomach pain, tremor, mental disturbances, reduced appetite, and headache. Symptoms were scored individually by each diver. The symptoms were analyzed statistically by factor analysis, which grouped them into four factors. These symptoms are presumably related to functional disturbances in the brain stem and the cerebellum. Factor 3 symptoms (tremor, mental disturbances, reduced appetite) correlated significantly to a history of predive decompression sickness (P = 0.006) and to cerebral concussion (P = 0.023). Three divers were periodically unable to work at bottom due to equilibrium disorder, diarrhea, or nausea. One diver with mild polyneuropathy and slight cerebral atrophy as seen by computerized tomography and another diver with abnormal electroencephalography were periodically unable to work due to equilibrium disorder and nausea, respectively. We advocate that divers with signs of central or peripheral nervous system dysfunction should not be selected for deep diving.","Todnem K, Nyland H, Riise T, Kambestad BK, Vaernes R, Hjelle JO, Svihus R, Aarli JA",,,Undersea biomedical research,,1990,no,"The paper does not primarily investigate consciousness or conscious states. While it mentions ""mental disturbances"" and neurological symptoms, these are incidental findings in a study focused on diving safety and neurological effects of deep diving. The study does not explicitly interpret findings in relation to consciousness mechanisms or neural signatures of consciousness.",yes,"The paper appears to be an empirical research article with original data collection and analysis. It includes clinical examinations, symptom scoring, and statistical analysis of neurological symptoms in divers.",no,"The paper mentions EEG recordings for one diver and CT scans for another, but these are not the primary focus of the analysis. The main data analyzed are clinical symptoms and their statistical grouping. The neural data mentioned appears to be incidental rather than central to the study's analysis.",no,"The paper uses factor analysis for statistical grouping of symptoms, but does not apply any of the specified complexity-family measures. There is no mention of entropy, information theory measures, or other complexity metrics listed in the criteria.",Exclude,"This study of deep diving neurological symptoms does not meet the systematic review's criteria for consciousness research, as it lacks primary focus on consciousness mechanisms, does not centrally analyze neural data, and does not apply complexity-family measures. While an empirical research article, the paper's methodology and objectives diverge significantly from the specified screening requirements.",,Other / below screening threshold,1.4
Stroke causes a transient imbalance of interhemispheric information flow in EEG during non-REM sleep.,"OBJECTIVE: Large-scale connectivity, especially interhemispheric connections, plays a crucial role for recovery after stroke. Here we used methods from information theory to characterize interhemispheric information flow in wake- and sleep-EEG after cerebral ischemia. METHODS: 34 patients with unilateral ischemic stroke were included. Symbolic Transfer Entropy (STE) was applied between bipolar EEG signals on the left and the right cerebral hemisphere during polysomnographic recordings in the acute phase and 3 months after stroke. RESULTS: In the acute phase, we found a sleep stage-dependent preferred interhemispheric asymmetry: during non-REM sleep the information flow was predominantly directed from the contralesional toward the ipsilesional hemisphere. This effect was greatly reduced in a follow-up recording 3 months after stroke onset. CONCLUSION: Our findings are consistent with functional imaging studies showing a transient hyperactivity of contralesional areas after stroke. We conclude that STE is a robust method for detecting post-stroke connectivity reorganizations, and that sleep stages have to be taken into account when assessing functional connectivity. SIGNIFICANCE: EEG is more widely available than functional MRI. Future studies will have to confirm whether EEG derived STE can be useful in a clinical setting during rehabilitation after stroke.","Zubler F, Seiler A, Horvath T, Roth C, Miano S, Rummel C, Gast H, Nobili L, Schindler KA, Bassetti CL",,,Clinical neurophysiology : official journal of the International Federation of Clinical Neurophysiology,,2018,yes,"The study investigates wakefulness and sleep states, which are fundamental states of consciousness. While the primary focus is on stroke recovery, the study explicitly examines neural connectivity during different states of consciousness (wake and sleep) and interprets the findings in relation to functional connectivity during these conscious states.",yes,"This is an empirical research article with original data collection and analysis from 34 patients, including methodology, results, and conclusions based on actual experimental data.",yes,"The study uses EEG data, specifically analyzing bipolar EEG signals from both hemispheres, which is a direct form of empirical neural data analysis. The study also uses polysomnographic recordings, which include additional neural data.",yes,"The study explicitly uses Symbolic Transfer Entropy (STE), which is a complexity-family measure that quantifies information flow between brain regions. This is a primary analysis method in the study, not just theoretical discussion.",Include,"This empirical research article investigates neural connectivity during wake and sleep states using EEG data, applying Symbolic Transfer Entropy to analyze information flow between brain hemispheres in stroke patients. The study meets all screening criteria by examining consciousness states, utilizing empirical neural data, and applying quantitative complexity-family measures as a primary analytical approach.",,,4.9
An unusual case of recurrent traumatic spinal epidural hematoma accompanied by osteoporotic vertebral compression fractures: Case report.,"RATIONALE: Traumatic spinal epidural hematoma (SEH) is a rare clinical condition. Here, we present an extraordinary case of recurrent SEH accompanied by thoracolumbar spine fractures resulting from minor trauma, and provide evidence-based recommendations for the surgical management strategies in this unique scenario. PATIENT CONCERNS: A 71-year-old female patient presented with back pain after a fall. Magnetic resonance imaging revealed an SEH with L2 vertebral compression fracture. Following unsuccessful conservative treatment, percutaneous vertebroplasty was performed at the 2nd lumbar vertebra under local anesthesia. Two years later, the patient experienced another fall and was diagnosed with spinal hematoma with L1 vertebral compression fractures. DIAGNOSES: The patient was diagnosed with recurrent osteoporotic vertebral compression fracture accompanying SEH. OUTCOMES: After 1 week of conservative treatment, notable improvement of limbs numbness was observed. The patient ultimately underwent L1 vertebroplasty surgery. The patient was discharged smoothly on the third postoperative day and made a full recovery after 4 months. LESSONS: SEH is a rare clinical finding that can occur even after a minor trauma in the elderly. It is worth noting that osteoporotic vertebral compression fractures with asymptomatic or stable intraspinal hematoma, is not considered to be a contraindication for percutaneous vertebroplasty. And percutaneous vertebroplasty is a safe and effective treatment for osteoporotic compression fractures with asymptomatic SEH.","Meng Y, Su K, Dai Y, Chang X, Yang Y, Mei W, Zhang W, Pan H",,,Medicine,,2024,no,"The paper does not investigate consciousness, states of consciousness, or transitions between conscious states. It is focused on traumatic spinal epidural hematoma and vertebral compression fractures, which are clinical conditions unrelated to consciousness research.",maybe,"The paper is a case report of a single patient, which is an empirical research article. However, it is a clinical case report rather than a systematic review or meta-analysis, and the type of empirical research typically included in systematic reviews of consciousness research.",no,"The paper does not analyze any neural data. While it mentions MRI imaging, this is used for anatomical assessment rather than neural activity measurement. There is no mention of EEG, MEG, fMRI/BOLD, or any other neural recording techniques.",no,"The paper does not apply any complexity-family measures. The analysis is purely clinical, focusing on patient outcomes and surgical interventions. There is no mention of any quantitative complexity measures or neural analysis techniques.",Exclude,"This clinical case report fails to meet the screening criteria for consciousness research, as it does not investigate consciousness, analyze neural data, or apply complexity-family measures. The study is a single-patient clinical report focused on spinal trauma and surgical management, with no relevance to neural mechanisms or consciousness research.",,Other / below screening threshold,0.1
Assessment of Intramedullary Spinal Pressure in Small Breed Dogs With Thoracolumbar Disk Extrusion Undergoing Hemilaminectomy.,"OBJECTIVE: To assess intramedullary spinal pressure (IMP) in small breed dogs with thoracolumbar disk extrusion. STUDY DESIGN: Prospective cohort study. ANIMALS: Small breed dogs (n = 14) with thoracolumbar disk extrusion undergoing hemilaminectomy and healthy chondrodystrophic laboratory dogs (control; n = 3) without spinal disease. METHODS: Diagnosis was based on clinical and neurological examinations and magnetic resonance imaging (MRI) and was confirmed intraoperatively. A standardized anesthesia protocol and surgical procedure were used to minimize factors that could influence IMP. Intramedullary pressure was measured through a minidurotomy at the site of spinal cord compression using a fiber optic catheter inserted perpendicular to the longitudinal axis of the spinal cord. Measurements were taken after hemilaminectomy and again after removal of extruded disk material. RESULTS: Affected dogs had significantly higher IMP compared to control dogs (P = .008) and IMP decreased significantly post-decompression compared with initial values (P < .001). No correlation was found between IMP and neurologic grade, degree of spinal cord compression on MRI, or signal intensity changes on MRI. CONCLUSION: Acute thoracolumbar disk extrusion is associated with increased IMP in small breed dogs and surgical decompression results in an immediate decrease of IMP.","Noussitou FL, Gorgas D, Rohrbach H, Henke D, Howard J, Forterre F",,,Veterinary surgery : VS,,2015,no,"The paper does not investigate consciousness, states of consciousness, or transitions between conscious states. It is focused on physical pressure measurements and surgical outcomes in dogs with thoracolumbar disk extrusion, rather than on consciousness-related research.",yes,"The paper is an empirical research article (a prospective cohort study) with clear methodology and results, meeting the criteria for an eligible study type.",no,"While the study involves neurological examination and MRI imaging, it does not analyze the specified types of neural data (e.g., EEG, MEG, fMRI/BOLD). The primary measurements are physical pressure readings using a fiber optic catheter, and the MRI is used for diagnosis rather than neural data analysis.",no,The study does not apply any of the specified complexity-family measures. The analysis is focused on simple pressure measurements and their statistical comparison between groups.,Exclude,"This veterinary study on spinal pressure in dogs does not meet the systematic review's core criteria, as it lacks investigation of consciousness, does not analyze neural data in the specified formats, and does not apply complexity-family measures. While the paper is an empirical research article, its focus on physical pressure measurements and surgical outcomes falls outside the targeted research domain.",,Other / below screening threshold,0.1
Prolonged Disease Course Leads to Impaired Brain Function in Anxiety Disorder: A Resting State EEG Study.,"OBJECTIVE: Anxiety disorder (AD) is a common disabling disease. The prolonged disease course may lead to impaired cognitive performance, brain function, and a bad prognosis. Few studies have examined the effect of disease course on brain function by electroencephalogram (EEG). METHODS: Resting-state EEG analysis was performed in 34 AD patients. The 34 patients with AD were divided into two groups according to the duration of their illness: anxious state (AS) and generalized anxiety disorder (GAD). Then, EEG features, including univariate power spectral density (PSD), fuzzy entropy (FE), and multivariable functional connectivity (FC), were extracted and compared between AS and GAD. These features were evaluated by three previously validated machine learning methods to test the accuracy of classification in AS and GAD. RESULTS: Significant decreased PSD and FE in GAD were detected compared with AS, especially in the Alpha 2 band. In addition, FC analysis indicated that GAD patients' connection between the left and right hemispheres decreased. Based on machine learning, AS and GAD are classified on a six-month criterion with the highest classification accuracy of up to 0.99 ± 0.0015. CONCLUSION: The brain function of patients is more severely impaired in AD patients with longer illness duration. Resting-state EEG demonstrated to be a promising examination in the classification in GAD and AS using machine learning methods with better classification accuracy.","Mou S, Yan S, Shen S, Shuai Y, Li G, Shen Z, Shen P",,,Neuropsychiatric disease and treatment,,2024,no,"The paper does not explicitly investigate consciousness, states of consciousness, or transitions between conscious states. It focuses on anxiety disorder and its effects on brain function, but does not interpret the findings in relation to consciousness or neural signatures/mechanisms of consciousness.",yes,"This is an empirical research article with original data collection and analysis, including a specific methodology, data collection from 34 patients, and quantitative analysis.",yes,"The study directly analyzes empirical neural data through resting-state EEG recordings, including power spectral density (PSD) and functional connectivity (FC) analyses.",maybe,"The study applies fuzzy entropy (FE), which is a complexity-family measure, as one of its primary analyses. It also uses functional connectivity measures, though these are not explicitly described as complexity measures.",Include,"This empirical research article analyzing anxiety disorder through EEG data fails to meet the primary screening criterion of investigating consciousness or conscious states. While the study employs neural data analysis and includes complexity measures like fuzzy entropy, its clinical focus on anxiety disorder classification prevents it from qualifying as a consciousness research study. The paper's methodological rigor and neural data analysis are strong, but its thematic scope does not align with the specified research context.",,,2.5
The causal interaction within attention networks and emotion network: a fMRI study.,"fMRI studies have suggested that there are two different attention networks: the dorsal attention network (DAN) and the ventral attention network (VAN). The emotion network has also been discovered by some researches. The dorsal attention network controls goal-oriented top-down deployment of attention; the ventral attention network controls stimulus-driven bottom-up deployment of attention; the emotion network will feed back the stimulus especially fearful expressions from the environment. The interaction within these networks has been noticed but few studies have been carried out. The purpose of this study is to explore the interaction within these networks. The regions of interest were acquired by using the GLM analysis after which the granger causality among these ROIs was calculated. Connections among ROIs were considered as causal when their respective granger causality value is greater than the mean value of all granger causalities. According to the results, there is interaction within the three networks, which suggested that the ventral attention network may distract the dorsal attention network and that the emotion network may influence both attention networks.","Sicong Liu, Xianxian Kong, Zhenlan Jin, Ling Li",10.1109/EMBC.2014.6944102,https://doi.org/10.1109/EMBC.2014.6944102,Annual International Conference of the IEEE Engineering in Medicine and Biology Society. IEEE Engineering in Medicine and Biology Society. Annual International Conference,,2014,maybe,"The paper focuses on attention networks and their interactions, which are related to consciousness but not explicitly framed in terms of consciousness research. While attention is a fundamental aspect of conscious processing, the abstract doesn't explicitly discuss consciousness, states of consciousness, or neural signatures of consciousness.",yes,This appears to be an empirical research article using fMRI data and conducting GLM analysis and Granger causality calculations. The study presents original research with empirical results.,yes,"The study clearly uses empirical neural data, specifically fMRI data, and applies analysis techniques (GLM and Granger causality) to this data.",yes,"The study uses Granger causality, which is a complexity-family measure that falls within the acceptable measures listed. However, it appears to use this measure primarily for network analysis rather than as a complexity measure per se.",Include,"The study employs empirical fMRI data and applies Granger causality analysis, meeting key methodological criteria for neural research. However, the work lacks explicit framing within consciousness research, with only implicit connections to conscious processing through attention network interactions. While technically satisfying some screening requirements, the paper's direct relevance to consciousness studies remains limited.",,,3.1
Signal Information Prediction of Mortality Identifies Unique Patient Subsets after Severe Traumatic Brain Injury: A Decision-Tree Analysis Approach.,"Nonlinear physiological signal features that reveal information content and causal flow have recently been shown to be predictors of mortality after severe traumatic brain injury (TBI). The extent to which these features interact together, and with traditional measures to describe patients in a clinically meaningful way remains unclear. In this study, we incorporated basic demographics (age and initial Glasgow Coma Scale [GCS]) with linear and non-linear signal information based features (approximate entropy [ApEn], and multivariate conditional Granger causality [GC]) to evaluate their relative contributions to mortality using cardio-cerebral monitoring data from 171 severe TBI patients admitted to a single neurocritical care center over a 10 year period. Beyond linear modelling, we employed a decision tree analysis approach to define a predictive hierarchy of features. We found ApEn (p = 0.009) and GC (p = 0.004) based features to be independent predictors of mortality at a time when mean intracranial pressure (ICP) was not. Our combined model with both signal information-based features performed the strongest (area under curve = 0.86 vs. 0.77 for linear features only). Although low ""intracranial"" complexity (ApEn-ICP) outranked both age and GCS as crucial drivers of mortality (fivefold increase in mortality where ApEn-ICP <1.56, 36.2% vs. 7.8%), decision tree analysis revealed clear subsets of patient populations using all three predictors. Patients with lower ApEn-ICP who were >60 years of age died, whereas those with higher ApEn-ICP and GCS ≥5 all survived. Yet, even with low initial intracranial complexity, as long as patients maintained robust GC and ""extracranial"" complexity (ApEn of mean arterial pressure), they all survived. Incorporating traditional linear and novel, non-linear signal information features, particularly in a framework such as decision trees, may provide better insight into ""health"" status. However, caution is required when interpreting these results in a clinical setting prior to external validation.","Gao L, Smielewski P, Li P, Czosnyka M, Ercole A",,,Journal of neurotrauma,,2020,no,"The paper does not explicitly investigate consciousness, states of consciousness, or transitions between conscious states. While it focuses on traumatic brain injury (TBI), which can affect consciousness, the study's primary focus is on mortality prediction using physiological signals, not on consciousness or neural signatures of consciousness.",yes,"This is an empirical research article analyzing data from 171 TBI patients over a 10-year period, including original data analysis and statistical testing.",no,"The study analyzes physiological signals including intracranial pressure (ICP) and mean arterial pressure (MAP), which are not strictly neural data as defined in the criteria (EEG, MEG, fMRI, etc.). The measurements are more cardiovascular and intracranial pressure-based rather than direct neural recordings.",yes,"The study applies relevant complexity measures, specifically approximate entropy (ApEn) and multivariate conditional Granger causality (GC), which are explicitly mentioned as primary analysis tools and used to predict mortality outcomes.",Include,"This empirical research study applies complexity measures like approximate entropy and Granger causality to predict mortality in traumatic brain injury patients, but does not directly investigate consciousness or use neural data as defined by the screening criteria. While the paper demonstrates rigorous quantitative analysis, it falls short of meeting key requirements related to consciousness research and neural data investigation.",,,2.5
Simulating bistable perception with interrupted ambiguous stimulus using self-oscillator dynamics with percept choice bifurcation.,"A behavioral stochastic self-oscillator model is used for simulating interrupted ambiguous stimulus-induced percept reversals. The results provide further support for a dynamical systems foundation of cognitive and psychological problems as discussed in detail within the context of Gestalt psychology by Wagemans et al. (Concept Theor Found Psychol Bull 138(6):1218-1252, 2012), and for coordination dynamics of the brain (Kelso in Philos Trans R Soc B 367:906-918, 2012). Statistical evaluation of simulated reversal time series predicts a maximum of the percept reversal rate that conforms with a number of results in the literature. The macroscopic model is based on two inhibitorily coupled sets of three coupled nonlinear equations, one triplet for each percept. The derivation of our specific dynamics equations is based on a drastically simplified field theoretical approach using well-known phase synchronization for explaining brain dynamics on the macroscopic EEG level. The degree of coherence (contrast μ, 0 ≤ μ ≤ 1) of the superimposed fields required for onset of bistable dynamics is related to a phase synchronization index of EEG fields, and it is used in the present context as ambiguity control parameter. For quantitative agreement with the experimental data, the addition of a stochastic Langevin force term in the attention equation proved essential. Formal analysis leads to a quantification of well-known ""cognitive inertia"" and supports the interplay between percept choice (bifurcation) dynamics during stimulus onset and adaptive gain (attention fatigue) driven quasiperiodic percept reversals.",Fürstenau N,,,Cognitive processing,,2014,maybe,"The paper discusses perceptual reversals and bistable perception, which are related to conscious perception and processing. However, it doesn't explicitly frame this in terms of consciousness research or neural mechanisms of consciousness. While perceptual bistability is relevant to consciousness studies, the paper appears to focus more on dynamical systems modeling of perception rather than consciousness per se.",no,"This appears to be a theoretical/simulation paper that develops and tests a mathematical model. While it mentions ""statistical evaluation"" and comparison with experimental data, it seems to be primarily a theoretical modeling study without new empirical data collection or systematic review of empirical studies.",no,"The paper mentions EEG fields and phase synchronization, but only in the context of theoretical modeling. It doesn't appear to analyze actual empirical neural data. Instead, it uses a ""drastically simplified field theoretical approach"" to simulate EEG-level dynamics.",no,"While the paper uses mathematical modeling and includes some quantitative measures (like phase synchronization index), it doesn't appear to apply the specific complexity-family measures listed in the criteria. The measures used are more focused on dynamical systems properties rather than complexity measures.",Include,"A theoretical modeling paper exploring perceptual dynamics through mathematical simulation, which lacks direct empirical neural data analysis and does not explicitly apply complexity-family measures. While touching on perception and brain dynamics, the study does not meet the core screening criteria for consciousness research, empirical neural data application, or quantitative complexity measure analysis. The paper's focus on dynamical systems modeling places it outside the specified research parameters.",,,2.5
Investigating the synchronization of hippocampal neural network in response to acute nicotine exposure.,"Previous studies suggested that gamma oscillations in the brain are associated with higher order cognitive function including selective visual attention, motor task planning, sensory perception, working memory and dreaming REM sleep. These oscillations are mainly observed in cortical regions and also occur in neocortical and subcortical areas and the hippocampus. In this paper, we investigate the influence of acute exposure to nicotine on the complexity of hippocampal gamma oscillations.Using the approximate entropy method, the influence of acute nicotine exposure on the hippocampal gamma oscillations was investigated. The hippocampal gamma oscillations have been generated in response to the 100 Hz stimulus and isolated using the visual inspection and spectral analysis method. Our central hypothesis is that acute exposure to nicotine significantly reduces the complexity of hippocampal gamma oscillations. We used brain-slice recordings and the approximate entropy method to test this hypothesis. The approximate entropy (complexity) values of the hippocampal gamma oscillations are estimated from the 14 hippocampal slices. Our results show that it takes at least 100 msec to see any hippocampal activities in response to the 100 Hz stimulus. These patterns noticeably changed after 100 msec until 300 msec after the stimulus Finally, they were less prominent after 300 msec. We have analyzed the isolated hippocampal gamma oscillations (between 150 and 250 msec after the stimulus) using the approximate entropy (ApEn) method. Our results showed that the ApEn (complexity) values of hippocampal gamma oscillations during nicotine exposure were reduced compared to those of hippocampal gamma oscillations during control, and washout. This reduction was much more significant in response to acute nicotine exposure (p < 0.05) compared to those during control and washout conditions. These results suggest that the neural firing becomes regular and the hippocampal networks become synchronized in response to nicotine exposure.","Akkurt D, Akay YM, Akay M",,,Journal of neuroengineering and rehabilitation,,2010,maybe,"The paper investigates gamma oscillations, which are explicitly linked to ""higher order cognitive function including selective visual attention, motor task planning, sensory perception, working memory and dreaming REM sleep."" While not directly studying consciousness, these are closely related neural mechanisms. The study examines neural patterns that are relevant to conscious processing, though consciousness is not explicitly mentioned as a primary focus.",yes,This is clearly an empirical research article with original experimental data from brain-slice recordings.,yes,The study analyzes empirical neural data through brain-slice recordings of hippocampal gamma oscillations. The data is directly measured and analyzed.,yes,"The study explicitly uses approximate entropy (ApEn) as a complexity measure to analyze the neural data. This is a recognized complexity-family measure that quantifies the complexity of the neural oscillations. The analysis is central to the study's findings, not just theoretical discussion.",Include,"This empirical research article analyzes hippocampal gamma oscillations using brain-slice recordings and approximate entropy, providing quantitative neural data that explores mechanisms related to cognitive processing. The study meets key screening criteria by applying complexity-family measures to empirical neural data, with findings that suggest neural network synchronization in response to nicotine exposure. While not directly focused on consciousness, the research investigates neural patterns closely associated with higher-order cognitive functions.",,,4.3
Causality of cortical and cardiovascular activity during cyclic alternating pattern in non-rapid eye movement sleep.,"The dynamic interplay between central and autonomic nervous system activities plays a pivotal role in orchestrating sleep. Macrostructural changes such as sleep-stage transitions or phasic, brief cortical events elicit fluctuations in neural outflow to the cardiovascular system, but the causal relationships between cortical and cardiovascular activities underpinning the microstructure of sleep are largely unknown. Here, we investigate cortical-cardiovascular interactions during the cyclic alternating pattern (CAP) of non-rapid eye movement sleep in a diverse set of overnight polysomnograms. We determine the Granger causality in both 507 CAP and 507 matched non-CAP sequences to assess the causal relationships between electroencephalography (EEG) frequency bands and respiratory and cardiovascular variables (heart period, respiratory period, pulse arrival time and pulse wave amplitude) during CAP. We observe a significantly stronger influence of delta activity on vascular variables during CAP sequences where slow, low-amplitude EEG activation phases (A1) dominate than during non-CAP sequences. We also show that rapid, high-amplitude EEG activation phases (A3) provoke a more pronounced change in autonomic activity than A1 and A2 phases. Our analysis provides the first evidence on the causal interplay between cortical and cardiovascular activities during CAP. Granger causality analysis may also be useful for probing the level of decoupling in sleep disorders. This article is part of the theme issue 'Advanced computation in cardiovascular physiology: new challenges and opportunities'.","Hartmann S, Ferri R, Bruni O, Baumert M",,,"Philosophical transactions. Series A, Mathematical, physical, and engineering sciences",,2021,yes,"The paper investigates sleep states and transitions, specifically focusing on cyclic alternating pattern (CAP) during non-rapid eye movement sleep. Sleep and sleep transitions are explicitly mentioned as relevant states of consciousness in the screening criteria. The study examines neural mechanisms during these states, making it clearly relevant to consciousness research.",yes,"This appears to be an empirical research article analyzing overnight polysomnograms from multiple subjects (507 CAP and 507 matched non-CAP sequences). It presents original research with empirical results, meeting this criterion.",yes,"The study clearly uses empirical neural data, specifically EEG recordings across different frequency bands. It also incorporates other physiological measurements (heart period, respiratory period, pulse arrival time, pulse wave amplitude) in relation to neural activity.",yes,"The study explicitly uses Granger causality analysis, which is listed as one of the acceptable complexity-family measures in the screening criteria. This is used as a primary analysis tool to assess causal relationships between cortical and cardiovascular activities.",Include,"This empirical research article investigates sleep states using EEG and physiological measurements, employing Granger causality analysis to explore neural-cardiovascular interactions during cyclic alternating pattern. The study meets all screening criteria by analyzing empirical neural data, applying quantitative complexity measures, and focusing on consciousness-related sleep transitions. Its comprehensive approach provides novel insights into the causal relationships between cortical and cardiovascular activities during non-rapid eye movement sleep.",,,4.9
Mutual information analysis of EEG signals indicates age-related changes in cortical interdependence during sleep in middle-aged versus elderly women.,"Elderly subjects exhibit declining sleep efficiency parameters with longer time spent awake at night and greater sleep fragmentation. In this article, we report on the changes in cortical interdependence during sleep stages between 15 middle-aged (range: 42-50 years) and 15 elderly (range: 71-86 years) women subjects. Cortical interdependence assessed from EEG signals typically exhibits increasing levels of correlation because human subjects progress from wake to deeper stages of sleep. EEG signals acquired from previously existing polysomnogram datasets were subjected to mutual information analysis to detect changes in information transmission associated with change in sleep stage and to understand how age affects the interdependence values. We observed a significant reduction in the interdependence between central EEG signals of elderly subjects in nonrapid eye movement and rapid eye movement stage sleep in comparison with middle-aged subjects (age group effect: elderly versus middle aged P < 0.001, sleep stage effect: P < 0.001, interaction effect between age group and sleep stage: P = 0.007). A narrowband analysis revealed that the reduction in mutual information was present in delta, theta, and sigma frequencies. These findings suggest that the lowered cortical interdependence in sleep of elderly subjects may indicate independently evolving dynamic neural activities at multiple cortical sites. The loss of synchronization between neural activities during sleep in the elderly may make these women more susceptible to localized disturbances that could lead to frequent arousals.","Ramanand P, Bruce MC, Bruce EN",,,Journal of clinical neurophysiology : official publication of the American Electroencephalographic Society,,2010,yes,"The paper investigates sleep stages and transitions between wakefulness and different sleep stages, which are fundamental states of consciousness. The study explicitly examines changes in cortical interdependence during different sleep stages, which are directly related to consciousness states.",yes,This is an empirical research article presenting original analysis of EEG data from polysomnogram datasets. The paper includes statistical analysis and presents concrete findings.,yes,The study directly analyzes empirical neural data in the form of EEG signals from polysomnogram recordings. They specifically examine cortical interdependence using EEG data across different sleep stages.,yes,"The study applies mutual information analysis to assess information transmission between cortical regions. Mutual information is explicitly listed in the screening criteria as a complexity-family measure. The analysis includes both broadband and narrowband (delta, theta, and sigma frequencies) assessments.",Include,"This empirical research article investigates sleep stages using EEG data, applying mutual information analysis to examine cortical interdependence across different consciousness states. The study meets all screening criteria by analyzing neural data, employing quantitative complexity measures, and providing a systematic investigation of age-related changes in neural dynamics during sleep. Rigorous statistical analysis and clear methodological approach demonstrate a comprehensive exploration of consciousness-related neural mechanisms.",,,4.9
Pathological theta oscillations in idiopathic generalised epilepsy.,"OBJECTIVE: To investigate spectral power, inter- and intra-hemispheric coherence in the interictal scalp electroencephalography (EEG) of 41 patients with idiopathic generalised epilepsy. METHODS: Two minutes of eyes-closed waking interictal EEG activity was analysed. Fast Fourier transformation was performed. Raw and age-regressed, Z-transformed values were computed for 19 electrodes and 4 frequency bands: absolute power (AP, ZAP), percent power (RP, ZRP), band mean frequency (MF, ZMF), inter-hemispheric (CO, ZCO) and intra-hemispheric (IC, ZIC) coherence. Compressed values (scalp averages) were computed for each parameter and 4 frequency bands. Compressed data of the patients (GE group) and the healthy controls (C group) were compared. RESULTS: ZAP across the entire 1.5-25.0 Hz range was greater in the GE than in the C group. Delta and theta ZRP was greater, alpha ZRP was less in GE than in C. ZMF and ZIC was about the same in the GE and C groups. The crucial, band-specific finding was significantly greater theta-ZCO in the GE group, in contrast to normal or decreased ZCO in the other bands. In addition, within-group correlation between ZAP of the frequency bands, correlation of ZAP and ZCO, correlation of ZIC and ZCO were different for the two groups. CONCLUSIONS: The pattern of enhanced ZAP, ZRP, ZCO, together with normal ZIC and ZMF in the theta range was a peculiar, novel finding in GE. It was incompatible with any of the known patterns of altered power and coherence due to lesional or metabolic aetiology. This pattern presumably indicates the presence of a powerful, diffuse, hypersynchronous, hypercoherent theta oscillation at the thalamo-cortical level of the brain. The role of inter-hemispheric connections in maintaining this oscillation was suggested. The other findings suggest disturbed central regulation of EEG power and coherence in the interictal state.",Clemens B,,,Clinical neurophysiology : official journal of the International Federation of Clinical Neurophysiology,,2004,no,"The paper focuses on interictal EEG in epilepsy patients, which is not directly investigating consciousness or conscious states. While epilepsy can affect consciousness during seizures, this study specifically looks at interictal (between seizures) activity during wakefulness. The findings are interpreted in terms of thalamo-cortical oscillations and neural connectivity, but not explicitly in relation to consciousness mechanisms.",yes,This is clearly an empirical research article with original data analysis of EEG recordings from 41 patients and control subjects. The study includes detailed methodology and quantitative results.,yes,"The study directly analyzes empirical neural data through EEG recordings, including spectral power analysis, coherence measurements, and various frequency band analyses.",no,"While the study uses quantitative measures (spectral power, coherence), these are not specifically complexity-family measures as defined in the criteria. The measures used (AP, RP, MF, CO, IC) are more basic spectral and coherence analyses rather than complexity measures like entropy, information theory measures, or criticality measures.",Include,"This empirical neuroscience study analyzing EEG data from epilepsy patients meets criteria for being an original research article with neural data analysis. However, it does not investigate consciousness directly nor apply complexity-family measures, falling short of the specific screening requirements for consciousness research. The study's focus on spectral power and coherence in interictal EEG recordings provides valuable neurological insights but does not align with the systematic review's targeted research parameters.",,,2.5
Prediction of postoperative visual cognitive impairment using graph theory and machine learning based on resting-state brain networks.,"BACKGROUND: Visual cognitive impairment is among the most common postoperative cognitive dysfunctions, significantly impacting recovery and quality of life in elderly patients. However, effective preoperative prediction methods remain lacking. We developed a machine learning model using graph theory analysis of resting-state functional connectivity networks to predict postoperative visual cognitive impairment. METHODS: In this nested case-control study, 74 elderly patients underwent preoperative rs-fMRI. Postoperative impairment was assessed using Trail Making Test Part A (TMT-A) and Digit Symbol Substitution Test (DSST). We constructed dynamic functional connectivity networks, extracting local (degree, path length, clustering coefficient, efficiency) and global features (modularity, entropy). Sparse representation-based feature selection and classification were applied to build the predictive model. RESULTS: 16 patients (21.6%) developed postoperative impairment. Analysis revealed 16 significant features (P < 0.05) differentiating groups, with key hubs in a visual-cognition network: Inferior occipital gyrus (ventral visual stream), Medial superior frontal gyrus (default mode/executive control), Cuneus (dorsal attention network), The model achieved an AUC = 0.877, accuracy = 0.840, sensitivity = 0.833, and specificity = 0.842 on independent testing. CONCLUSION: Our graph theory-machine learning framework reliably predicts postoperative visual cognitive impairment by identifying disruptions in a clinically interpretable visual-cognition network. This approach offers potential guidance for perioperative decision-making. TRIAL REGISTRATION: Chinese Clinical Trial Registry (ChiCTR-DCD-15006096, 16th/March/2015, https://www.chictr.org.cn/showproj.html?proj=10583 ).","Liu S, Jiang Z, Ye P, Lv F, Tao F, Cai Y, Yi L, Li S, Wu G, Zhang J, Gu W",,,BMC medical imaging,,2025,no,"The paper does not explicitly investigate consciousness or states of consciousness. While cognitive function is related to consciousness, the study's primary focus is on predicting postoperative cognitive impairment rather than investigating consciousness mechanisms or signatures. The paper does not explicitly interpret findings in relation to consciousness.",yes,The paper is clearly an empirical research article with original data collection and analysis. It includes a nested case-control study with 74 patients and presents specific methodological details and results.,yes,"The study uses resting-state fMRI (rs-fMRI) data, which is a valid form of empirical neural data. The analysis includes functional connectivity networks and various network measures.",no,"The study applies several quantitative measures including graph theory measures, entropy, and network modularity. However, these are primarily network topology measures rather than complexity-family measures as specified in the criteria. The entropy measure mentioned is likely a basic information-theoretic measure rather than a complexity measure like Kolmogorov complexity or integrated information.",Include,"This empirical neuroscience study uses resting-state fMRI to predict postoperative cognitive impairment, but does not directly investigate consciousness or apply complexity-family measures. While the research is methodologically rigorous and analyzes neural data, it lacks explicit focus on consciousness mechanisms or the specific quantitative complexity measures required by the screening criteria.",,,2.5
Spectral entropy and bispectral index as measures of the electroencephalographic effects of propofol.,"Recently, Datex-Ohmeda introduced the Entropy Moduletrade mark for measuring depth of anesthesia. Based on the Shannon entropy of the electroencephalogram, state entropy (SE) and response entropy (RE) are computed. We investigated the dose-response relationship of SE and RE during propofol anesthesia in comparison with the Bispectral Indextrade mark (BIS). Twenty patients were studied without surgical stimulus. Anesthesia was induced by a constant propofol infusion of 2000 mg/h (451 +/- 77 microg x min(-1) x kg(-1)) via a large forearm vein. Propofol was infused until substantial burst suppression occurred (more than 50%) or mean arterial blood pressure decreased to <60 mm Hg. Hereafter, infusions were stopped until recovery of BIS values up to 60 was reached. Subsequently, the constant propofol infusion of 2000 mg/h was restarted to increase depth of anesthesia and again decreased (infusion was stopped) within the BIS value range of 40-60. The coefficient of determination (R2) and the prediction probability (P(K)) were calculated to evaluate the performance of SE, RE, and BIS to predict changing propofol effect-site concentrations. R2 values for SE, RE, and BIS of 0.88 +/- 0.08, 0.89 +/- 0.07, and 0.92 +/- 0.06, respectively, were similar. The calculated P(K) values, however, revealed a significant difference between SE and RE compared with BIS, with P(K) = 0.77 +/- 0.09, 0.76 +/- 0.10, and 0.84 +/- 0.06, respectively. BIS seems to show slight advantages in predicting propofol effect-site concentrations compared with SE and RE, as measured by P(K) but not as measured by R2.","Ellerkmann RK, Soehle M, Alves TM, Liermann VM, Wenningmann I, Roepcke H, Kreuer S, Hoeft A, Bruhn J",,,Anesthesia and analgesia,,2006,yes,"The study explicitly investigates states of consciousness during anesthesia, specifically measuring depth of anesthesia using entropy-based measures. This directly relates to consciousness research, particularly the transition between conscious and unconscious states during anesthesia.",yes,This is clearly an empirical research article with original data collection and analysis. The study includes 20 patients and presents quantitative results comparing different measures of anesthetic depth.,yes,"The study analyzes empirical neural data in the form of electroencephalogram (EEG) recordings, which are used to compute state entropy (SE) and response entropy (RE). This is explicitly mentioned in the abstract.",yes,"The study directly applies Shannon entropy, a fundamental complexity-family measure, to analyze EEG data. This is not just theoretical discussion but actual application of entropy measures to analyze consciousness states.",Include,"This empirical research study investigates consciousness states during anesthesia by analyzing EEG data using Shannon entropy measures, meeting all screening criteria for consciousness research. The work systematically applies quantitative complexity-family measures to neural data, comparing different entropy-based indices of anesthetic depth across 20 patients. By directly examining transitions between conscious states through empirical neural recordings, the study provides a rigorous scientific approach to understanding consciousness mechanisms.",,,4.9
Reconfiguration of network hub structure after propofol-induced unconsciousness.,"INTRODUCTION: General anesthesia induces unconsciousness along with functional changes in brain networks. Considering the essential role of hub structures for efficient information transmission, the authors hypothesized that anesthetics have an effect on the hub structure of functional brain networks. METHODS: Graph theoretical network analysis was carried out to study the network properties of 21-channel electroencephalogram data from 10 human volunteers anesthetized on two occasions. The functional brain network was defined by Phase Lag Index, a coherence measure, for three states: wakefulness, loss of consciousness induced by the anesthetic propofol, and recovery of consciousness. The hub nodes were determined by the largest centralities. The correlation between the altered hub organization and the phase relationship between electroencephalographic channels was investigated. RESULTS: Topology rather than connection strength of functional networks correlated with states of consciousness. The average path length, clustering coefficient, and modularity significantly increased after administration of propofol, which disrupted long-range connections. In particular, the strength of hub nodes significantly decreased. The primary hub location shifted from the parietal to frontal region, in association with propofol-induced unconsciousness. The phase lead of frontal to parietal regions in the α frequency band (8-13 Hz) observed during wakefulness reversed direction after propofol and returned during recovery. CONCLUSIONS: Propofol reconfigures network hub structure in the brain and reverses the phase relationship between frontal and parietal regions. Changes in network topology are more closely associated with states of consciousness than connectivity and may be the primary mechanism for the observed loss of frontal to parietal feedback during general anesthesia.","Lee H, Mashour GA, Noh GJ, Kim S, Lee U",,,Anesthesiology,,2013,yes,"The paper directly investigates consciousness and transitions between conscious states, specifically studying the effects of general anesthesia (propofol) on consciousness. It explicitly examines the relationship between brain network properties and states of consciousness (wakefulness, loss of consciousness, and recovery).",yes,This is clearly an empirical research article with original data collection and analysis. The study includes 10 human volunteers and presents specific methodological details and results.,yes,The study analyzes empirical neural data using 21-channel EEG recordings. The analysis includes specific neural measures like Phase Lag Index and examines network properties across different states of consciousness.,yes,"The study applies multiple quantitative complexity-family measures, including graph theoretical network analysis, Phase Lag Index (coherence measure), network topology measures (average path length, clustering coefficient, modularity), hub node analysis, and phase relationship analysis. The paper not only applies these measures but uses them as primary analyses to understand the relationship between network properties and consciousness states.",Include,"This empirical research study comprehensively investigates consciousness through quantitative neural network analysis, utilizing EEG data from human volunteers to examine brain network properties during anesthesia-induced unconsciousness. By applying multiple complexity-family measures like graph theoretical analysis and phase relationship assessments, the research provides mechanistic insights into neural mechanisms of consciousness across different states. The study meets all screening criteria through its rigorous empirical approach, direct investigation of consciousness, and sophisticated neural data analysis.",,,4.9
Modulation mode of amygdala morphology and cognitive function under acute sleep deprivation in healthy male.,"The amygdala plays a crucial role in various behavioral functions and psychiatric conditions, with its morphology showing alterations in sleep disorders. While the impact of chronic sleep disorders on amygdala morphology has been studied, the effects of acute sleep deprivation (ASD) remain largely unexplored. The present study aimed to investigate the modulation between amygdala sub-region volumes and spatial working memory (SWM) performance under ASD conditions. Twenty-eight healthy male participants underwent MRI scanning and performed SWM tasks before and after 24 h of ASD. Amygdala sub-region volumes were segmented into nine sub-regions, and Granger causality analysis was employed to examine the relationship between amygdala morphology and SWM performance. Results revealed significant decreases in SWM accuracy and increases in reaction time following ASD. Localized changes in amygdala sub-regions were observed, with increased left cortico-amygdaloid transition area (CAT) volume and decreased right paralaminar nucleus (PL) volume. Granger causality analysis uncovered a bidirectional modulation between centromedial and cortical-like nuclei, and a progressive involvement of amygdala sub-regions in modulating SWM performance as task difficulty increased. These findings demonstrate a complex interplay between sleep, amygdala morphology, and cognitive function, suggesting that the amygdala plays a crucial role in modulating cognitive performance under ASD conditions. The differential involvement of amygdala sub-regions across varying cognitive loads indicates a flexible and adaptive system attempting to maintain performance in the face of sleep loss.","Zhang H, Xu L, Yi X, Zhang X",,,Sleep medicine,,2025,maybe,"The paper investigates acute sleep deprivation (ASD) and its effects on cognitive performance and brain structure. While sleep and sleep deprivation are states of consciousness, the paper doesn't explicitly frame its findings in terms of consciousness or neural mechanisms of consciousness. The focus appears to be more on cognitive performance and structural brain changes. However, sleep deprivation does represent a transition between conscious states.",yes,"This is clearly an empirical research article with original data collection and analysis, including MRI scanning and behavioral tasks. The study includes 28 participants and presents quantitative results.",maybe,"The study uses MRI data to analyze amygdala morphology and applies Granger causality analysis to examine relationships between brain regions. While MRI is a valid form of neural data, it's primarily structural rather than functional neural data. However, the Granger causality analysis does involve functional relationships between brain regions.",yes,"The study uses Granger causality analysis, which is a complexity-family measure that examines directional information transfer between brain regions. This is explicitly mentioned as one of the acceptable measures in the criteria.",Include,"An empirical research study investigating acute sleep deprivation's impact on brain structure and cognitive performance, utilizing MRI and Granger causality analysis. The research partially addresses consciousness research through sleep state transitions and applies complexity-family measures, with a focus on structural neural data and cognitive performance changes. While not exclusively a consciousness study, the work provides insights into neural mechanisms during sleep deprivation.",,,3.5
Basal forebrain contributes to default mode network regulation.,"The default mode network (DMN) is a collection of cortical brain regions that is active during states of rest or quiet wakefulness in humans and other mammalian species. A pertinent characteristic of the DMN is a suppression of local field potential gamma activity during cognitive task performance as well as during engagement with external sensory stimuli. Conversely, gamma activity is elevated in the DMN during rest. Here, we document that the rat basal forebrain (BF) exhibits the same pattern of responses, namely pronounced gamma oscillations during quiet wakefulness in the home cage and suppression of this activity during active exploration of an unfamiliar environment. We show that gamma oscillations are localized to the BF and that gamma-band activity in the BF has a directional influence on a hub of the rat DMN, the anterior cingulate cortex, during DMN-dominated brain states. The BF is well known as an ascending, activating, neuromodulatory system involved in wake-sleep regulation, memory formation, and regulation of sensory information processing. Our findings suggest a hitherto undocumented role of the BF as a subcortical node of the DMN, which we speculate may be important for switching between internally and externally directed brain states. We discuss potential BF projection circuits that could underlie its role in DMN regulation and highlight that certain BF nuclei may provide potential target regions for up- or down-regulation of DMN activity that might prove useful for treatment of DMN dysfunction in conditions such as epilepsy or major depressive disorder.","Nair J, Klaassen AL, Arato J, Vyssotski AL, Harvey M, Rainer G",,,Proceedings of the National Academy of Sciences of the United States of America,,2018,maybe,"The paper investigates states of consciousness, specifically quiet wakefulness and active exploration states, and their neural correlates. It examines transitions between internally-directed (rest) and externally-directed (active exploration) brain states. While not explicitly focused on consciousness theory, it studies neural mechanisms related to conscious state transitions and default mode network activity, which are closely tied to consciousness research.",yes,This appears to be an empirical research article presenting original experimental findings about basal forebrain activity and its relationship to the default mode network. The abstract describes specific experimental results and measurements.,yes,"The study analyzes empirical neural data, specifically local field potential (LFP) recordings, including gamma oscillations. The abstract explicitly mentions measuring gamma-band activity and directional influences between brain regions.",no,"While the study analyzes neural oscillations and directional influences (which might involve some complexity measures), the abstract doesn't explicitly mention any specific complexity-family measures from the list provided in the criteria. The analysis appears to focus more on basic oscillatory activity and directional influences rather than explicit complexity measures.",Include,"This empirical research article investigates neural mechanisms of consciousness by examining transitions between brain states using local field potential recordings, with a focus on basal forebrain and default mode network interactions. While the study provides robust neural data and explores conscious state transitions, it lacks explicit application of complexity-family measures, which creates uncertainty about full alignment with the screening criteria.",,,3.5
"A set of composite, non-redundant EEG measures of NREM sleep based on the power law scaling of the Fourier spectrum.","Features of sleep were shown to reflect aging, typical sex differences and cognitive abilities of humans. However, these measures are characterized by redundancy and arbitrariness. Our present approach relies on the assumptions that the spontaneous human brain activity as reflected by the scalp-derived electroencephalogram (EEG) during non-rapid eye movement (NREM) sleep is characterized by arrhythmic, scale-free properties and is based on the power law scaling of the Fourier spectra with the additional consideration of the rhythmic, oscillatory waves at specific frequencies, including sleep spindles. Measures derived are the spectral intercept and slope, as well as the maximal spectral peak amplitude and frequency in the sleep spindle range, effectively reducing 191 spectral measures to 4, which were efficient in characterizing known age-effects, sex-differences and cognitive correlates of sleep EEG. Future clinical and basic studies are supposed to be significantly empowered by the efficient data reduction provided by our approach.","Bódizs R, Szalárdy O, Horváth C, Ujma PP, Gombos F, Simor P, Pótári A, Zeising M, Steiger A, Dresler M",,,Scientific reports,,2021,maybe,"The paper focuses on sleep EEG, particularly NREM sleep, which is a state of consciousness. While not explicitly discussing consciousness mechanisms, it analyzes neural signatures during sleep states. This partially meets the criterion, though the consciousness connection is somewhat indirect.",yes,"The abstract suggests this is an empirical research article analyzing EEG data and developing new analytical approaches. It appears to present original research with empirical results, meeting this criterion.",yes,"The study clearly analyzes empirical neural data, specifically scalp-derived EEG recordings during NREM sleep. This fully meets the criterion.",yes,"The study applies several quantitative measures including power law scaling analysis of Fourier spectra, spectral intercept and slope measures, and analysis of scale-free properties. These are complexity-family measures, though they're not explicitly listed in the examples provided in the criteria. The paper does apply these measures as primary analyses, not just theoretically discussing them.",Include,"This empirical research article analyzes sleep EEG data using quantitative complexity measures, focusing on power law scaling and spectral analysis of neural activity during NREM sleep. The study meets key screening criteria by applying empirical neural data analysis, utilizing complexity-family measures, and presenting original research with potential implications for understanding sleep-related neural dynamics. While the consciousness connection is indirect, the methodological approach and empirical nature of the work align with the screening requirements.",,,4.3
The contribution of low contrast-preferring neurons to information representation in the primary visual cortex after learning.,"Animals exhibit improved perception of lower-contrast visual objects after training. We explored this neuronal mechanism using multiple single-unit recordings from deep layers of the primary visual cortex (V1) of trained rats during orientation discrimination. We found that the firing rates of a subset of neurons increased by reducing luminance contrast, being at least above basal activities at low contrast. These low contrast–preferring neurons were rare during passive viewing without training or anesthesia after training. They fired more frequently in correct-choice than incorrect-choice trials. At single-neuron and population levels, they efficiently represented low-contrast orientations. Following training, in addition to generally enhanced excitation, the phase synchronization of spikes to beta oscillations at high contrast was stronger in putative inhibitory than excitatory neurons. The change in excitation-inhibition balance might contribute to low-contrast preference. Thus, low-contrast preference in V1 activity is strengthened in an experience-dependent manner, which may contribute to low-contrast visual discrimination.","Kimura R, Yoshimura Y",,,Science advances,,2021,no,"The paper focuses on visual perception and discrimination, which is related to conscious processing, but does not explicitly investigate consciousness or states of consciousness. While it studies neural mechanisms of perception, it does not frame its findings in terms of consciousness or neural signatures of consciousness. The study is more focused on sensory processing and learning.",yes,"This is clearly an empirical research article with original experimental data, including single-unit recordings and behavioral measurements.",yes,"The study uses multiple single-unit recordings from V1, including analysis of firing rates, spike phase synchronization, and beta oscillations. The neural data is empirical and directly measured.",no,"While the study analyzes neural data quantitatively, it does not appear to apply any of the specific complexity-family measures listed in the criteria. The analysis focuses on firing rates, phase synchronization, and excitation-inhibition balance, but does not mention entropy, information theory measures, or other complexity metrics specified in the criteria.",Include,"This empirical neuroscience study provides detailed neural recordings of visual perception, but lacks explicit investigation of consciousness or application of complexity-family measures. While the research offers robust empirical neural data from single-unit recordings, it does not meet the specific screening criteria related to consciousness research context or quantitative complexity analysis.",,,2.5
[Contribution of non-linear mathematics (chaos theory) to EEG analysis].,"Since 1963, nonlinear dynamics or ""chaos theory"" were widely used in various area of physics. The first application to the analysis of the human electroencephalogram (EEG) was performed in 1985. A tutorial revue of some concepts of nonlinear dynamics is presented with the various results obtained since 1985. The dimensional complexity of the EEG (DC) seems a good descriptor of the ""desynchronisation"" or decorrelation of the EEG: DC is high with eyes open, during a mental task and also during a tonic epileptic discharge. DC is low with eyes closed, during slow wave sleep, and during a clonic epileptic discharge. The measure of DC could allow a more objective comparison between various states of electrical cerebral activity.","Rey M, Guillemant P",,,Neurophysiologie clinique = Clinical neurophysiology,,1997,yes,"The paper discusses EEG analysis across different states of consciousness, including wakefulness (eyes open/closed), sleep, and epileptic states. While not explicitly framed as consciousness research, it clearly investigates different states of consciousness and their neural signatures.",maybe,"The abstract describes this as a ""tutorial review"" of nonlinear dynamics concepts and their application to EEG analysis. While it presents results, it appears to be more of a narrative review/tutorial rather than an empirical research article or systematic review.",yes,"The paper clearly deals with empirical neural data, specifically EEG recordings. It discusses the analysis of EEG across different states, including eyes open/closed, sleep, and epileptic conditions.",maybe,"The paper focuses on dimensional complexity (DC) as a measure of EEG ""desynchronisation"" or decorrelation. While DC is a complexity measure, it's not entirely clear from the abstract whether this is a comprehensive review of complexity measures or just a tutorial on DC. However, the focus on nonlinear dynamics and complexity measures suggests this criterion is likely met.",Include,"This study explores EEG complexity across different states of consciousness, utilizing dimensional complexity as a quantitative measure to analyze neural activity during wakefulness, sleep, and epileptic conditions. The research applies empirical neural data analysis techniques, focusing on nonlinear dynamics and complexity measures to characterize different states of brain electrical activity. While presenting a tutorial review approach, the work systematically examines neural complexity across various conscious states.",,,4.3
New Magnetic Resonance Imaging Features Predictive for Post-Treatment Ambulatory Function: Imaging Analysis of Metastatic Spinal Cord Compression.,"STUDY DESIGN: This is a retrospective, single-institute, radiographical study. OBJECTIVE: The study aimed to determine the correlation of magnetic resonance imaging (MRI) findings observed in metastatic spinal cord compression (MSCC) with post-treatment ambulatory status. SUMMARY OF BACKGROUND DATA: Previous studies have reported various predictors of ambulatory outcome in patients with MSCC, but the relationship between the MRI features and post-treatment ambulatory function remains to be elucidated. METHODS: Fifty-six hospitalized patients with MSCC and risk of MSCC were examined using MRI before therapeutic intervention. Circumferential ratio of cord compression (CRCC), clock position of compression, cross-sectional area (CSA), and change in signal intensity of the spinal cord were recorded. Each imaging feature was analyzed statistically regarding unassisted ambulatory status at the time of hospital discharge as the endpoint. RESULTS: CRCC showed a prognostic value for post-treatment ambulatory function. More than half of CRCC predicted poor functional prognosis with statistical significance. However, the site of cord compression expressed by clock position on axial plane showed no relationship with functional prognosis. CSA of the spinal cord was enlarged in 23% of patients at the level of MSCC, which indicated that cord compression could also be formed by a relative relationship between cord swelling and surrounding mass effect. The said patients showed a better functional outcome. High intensity of the spinal cord on T2-weighted sagittal image was not useful because of lack of inter-rater reliability. CONCLUSION: CRCC on axial T2 image can guide clinicians to identify cancer patients at risk of paraplegia because of MSCC. More than half of CRCC entails urgent treatment despite preserved ambulatory function. Furthermore, some cases of MSCC accompany increased cord CSA. The measurement is also a useful guide to balance the risk and benefit of systemic steroid therapy. MRI is the key imaging modality in the risk assessment of MSCC. LEVEL OF EVIDENCE: 4.","Oshima K, Hashimoto N, Sotobori T, Joyama S, Tanigami H, Nakanishi K, Araki N",,,Spine,,2016,no,"The paper does not investigate consciousness, states of consciousness, or transitions between conscious states. The focus is on physical ambulatory outcomes and MRI imaging features related to metastatic spinal cord compression, rather than on consciousness or neural mechanisms of consciousness.",yes,"The paper is an empirical research article with clear methodology and results, meeting the criteria for an eligible study type.",no,"While the study uses MRI imaging of the spinal cord, it does not analyze neural data in the sense specified by the criteria (EEG, MEG, fMRI/BOLD, ECoG/iEEG, etc.). The MRI analysis is focused on anatomical features rather than neural activity or function.",no,The study does not apply any of the specified complexity-family measures. The analysis is limited to basic anatomical measurements and their correlation with functional outcomes.,Exclude,"This radiographical study on metastatic spinal cord compression fails to meet key screening criteria related to consciousness research, neural data analysis, and complexity-family measures. Despite being an empirical research article, the paper focuses on anatomical MRI features and ambulatory outcomes without investigating consciousness or applying specified neural complexity measures. Consequently, the study does not align with the systematic review's core research requirements.",,Other / below screening threshold,0.1
Monitoring the depth of anesthesia from rat EEG using modified Shannon entropy analysis.,"In this paper, an entropy based method for quantifying the depth of anesthesia from rat EEG is presented. The proposed index for the depth of anesthesia called modified Shannon entropy (MShEn) is based on Shannon entropy (ShEn) and spectral entropy (SpEn) which are widely used for analyzing non-stationary signals. Discrimination power (DP), as a performance indicator for indexes, is defined and used to derive the final index for the depth of anesthesia. For experiment, EEG from anesthetized rats are measured and analyzed by using MShEn. MShEn shows both high stability and high correlation with other indexes for depth of anesthesia.","Yoon YG, Kim TH, Jeong DW, Park SH",,,Annual International Conference of the IEEE Engineering in Medicine and Biology Society. IEEE Engineering in Medicine and Biology Society. Annual International Conference,,2011,yes,"The paper directly investigates states of consciousness, specifically anesthesia-induced unconsciousness. It aims to quantify the depth of anesthesia, which is a fundamental aspect of consciousness research. The study explicitly deals with transitions between conscious states (wakefulness to anesthesia).",yes,"This appears to be an empirical research article presenting original experimental work with EEG data from anesthetized rats. The abstract describes a specific methodology and experimental results, indicating this is not a commentary or theoretical paper.",yes,The study explicitly uses EEG recordings from rats as its primary data source. EEG is specifically listed as an eligible neural recording method in the criteria. The study analyzes this empirical neural data to develop and validate their entropy-based measure.,yes,"The study applies multiple entropy-based measures (Shannon entropy, spectral entropy, and a modified version) as primary analyses. Entropy measures are explicitly listed as complexity-family measures in the criteria. The study uses these measures to quantify anesthesia depth and validates their performance using discrimination power.",Include,"This empirical research study investigates anesthesia-induced consciousness states using rat EEG data, applying quantitative entropy-based complexity measures to analyze neural transitions. The work systematically develops and validates a modified Shannon entropy index for measuring anesthesia depth, directly addressing consciousness research through empirical neural data analysis and complexity-family measurements.",,,4.9
Monitoring morphometric drift in lifelong learning segmentation of the spinal cord.,"Morphometric measures derived from spinal cord segmentations can serve as diagnostic and prognostic biomarkers in neurological diseases and injuries affecting the spinal cord. For instance, the spinal cord cross-sectional area can be used to monitor cord atrophy in multiple sclerosis and to characterize compression in degenerative cervical myelopathy. While robust, automatic segmentation methods to a wide variety of contrasts and pathologies have been developed over the past few years, whether their predictions are stable as the model is updated using new datasets has not been assessed. This is particularly important for deriving normative values from healthy participants. In this study, we present a spinal cord segmentation model trained on a multisite (n = 75 sites, 1,631 participants) dataset, including 9 different MRI contrasts and several spinal cord pathologies. We also introduce a lifelong learning framework to automatically monitor the morphometric drift as the model is updated using additional datasets. The framework is triggered by an automatic GitHub Actions workflow every time a new model is created, recording the morphometric values derived from the model's predictions over time. As a real-world application of the proposed framework, we employed the spinal cord segmentation model to update a recently introduced normative database of healthy participants containing commonly used measures of spinal cord morphometry. Results showed that (i) our model performs well compared with its previous versions and existing pathology-specific models on the lumbar spinal cord, images with severe compression, and in the presence of intramedullary lesions and/or atrophy achieving an average Dice score of 0.95 ± 0.03; (ii) the automatic workflow for monitoring morphometric drift provides a quick feedback loop for developing future segmentation models; and (iii) the scaling factor required to update the database of morphometric measures is nearly constant among slices across the given vertebral levels, showing minimum drift between the current and previous versions of the model monitored by the framework. The code and model are open source and accessible via Spinal Cord Toolbox v7.0.","Naga Karthik E, Bédard S, Valošek J, Aigner CS, Bannier E, Bednařík J, Callot V, Combes A, Curt A, David G, Eippert F, Farner L, Fehlings MG, Freund P, Granberg T, Granziera C, Horn U, Horák T, Humphreys S, Hupp M, Kerbrat A, Kinany N, Kolind S, Kudlička P, Lebret A, Lee LE, Mainero C, Martin AR, McGrath M, Nair G, O'Grady KP, Oh J, Ouellette R, Pfender N, Pfyffer D, Pradat PF, Prat A, Pravatà E, Reich DS, Ricchi I, Rotem-Kohavi N, Schading-Sassenhausen S, Seif M, Smith A, Smith SA, Sweeney G, Tam R, Traboulsee A, Treaba CA, Tsagkas C, Vavasour Z, Van De Ville D, Weber Ii KA, Chandar S, Cohen-Adad J",,,"Imaging neuroscience (Cambridge, Mass.)",,2026,no,"The paper does not investigate consciousness, states of consciousness, or transitions between conscious states. It does not explicitly interpret findings in relation to consciousness or neural signatures/mechanisms of consciousness. The study appears to be focused on anatomical measurements and segmentation techniques for diagnostic purposes, without any connection to consciousness research.",yes,"This is an empirical research article that presents original research on a spinal cord segmentation model, meeting the criteria for an eligible study type.",no,"The study uses MRI data, but it focuses on anatomical/structural imaging rather than functional neural data. The measurements are morphometric (cross-sectional area, etc.) rather than neural activity measurements like EEG, MEG, or fMRI BOLD signals. The study does not analyze neural recordings or functional neural data.",no,"The paper does not apply any of the specified complexity-family measures. The analysis focuses on morphometric measures and Dice scores for segmentation accuracy, without any mention of entropy, information theory, or other complexity measures listed in the criteria.",Exclude,"This study focuses on spinal cord segmentation techniques using MRI data, which does not address consciousness research or neural complexity measures. The paper lacks investigation of conscious states, functional neural data analysis, or application of complexity-family measures, rendering it incompatible with the specified screening criteria. Consequently, the research does not meet the required parameters for inclusion in the systematic review.",,Other / below screening threshold,0.1
Age-related network topological difference based on the sleep ECG signal.,"OBJECTIVE: Age has been shown to be a crucial factor for the EEG and fMRI small-world networks during sleep. However, the characteristics of the age-related network based on the sleep ECG signal and how the network changes during different sleep stages are poorly understood. This study focuses on exploring the age-related scale-free and small-world network properties of the ECG signal from male subjects during distinct sleep stages, including the wakeful (W), light sleep (LS), deep sleep (DS) and rapid eye movement (REM) stages. APPROACH: The subjects are divided into two age groups: a younger (age  ⩽  40, n  =  11) group and an older group (age  >  40, n  =  25). MAIN RESULTS: For the scale-free network analysis, our results reveal a distinctive pattern of the scale free network topologies between the two age groups, including the mean degree ([Formula: see text]), the clustering coefficient ([Formula: see text]), and the path length ([Formula: see text]) features, such as the slope distribution of [Formula: see text] in the younger group increased from 1.99 during W to above 2.05 during DS. In addition, the results indicate that the small-world properties can be found across all sleep stages in both age groups. However, the small-world index in the LS and REM stages significantly decreased with age (p  =  0.0006 and p  =  0.05, respectively). SIGNIFICANCE: The comparison analysis result indicates that the network topology variations in the sleep ECG signals are prone to show age-relevant differences that could be used for sleep stage classification and sleep disorder diagnosis.","Zhu G, Wang C, Liu F, Tang L, Zheng J",,,Physiological measurement,,2018,yes,"The study investigates sleep stages (wakefulness, light sleep, deep sleep, and REM) and their associated neural patterns, which represent different states of consciousness. The study explicitly examines transitions between conscious states and their neural signatures, making it relevant to consciousness research.",yes,"The paper appears to be an empirical research article with original data analysis, as it describes a specific study with methodology, results, and statistical analysis of ECG data from human subjects.",maybe,"The study analyzes ECG (electrocardiogram) data during sleep, which is a physiological signal that can be considered neural-related data, as it reflects autonomic nervous system activity during different states of consciousness. However, ECG is not typically considered a direct neural recording method like EEG or fMRI.",yes,"The study applies network analysis measures including scale-free network properties and small-world network properties, which are quantitative complexity measures that analyze the structural complexity of the ECG signal networks. The study specifically examines mean degree, clustering coefficient, and path length features.",Include,"This empirical research study investigates sleep stages using ECG data, applying quantitative network complexity measures to analyze neural-related signals across different states of consciousness. The work systematically examines age-related variations in network properties during wakefulness, light sleep, deep sleep, and REM stages, providing statistically significant insights into neural complexity across consciousness transitions.",,,4.6
Relational local electroencephalography representations for sleep scoring.,"Computational sleep scoring from multimodal neurophysiological time-series (polysomnography PSG) has achieved impressive clinical success. Models that use only a single electroencephalographic (EEG) channel from PSG have not yet received the same clinical recognition, since they lack Rapid Eye Movement (REM) scoring quality. The question whether this lack can be remedied at all remains an important one. We conjecture that predominant Long Short-Term Memory (LSTM) models do not adequately represent distant REM EEG segments (termed epochs), since LSTMs compress these to a fixed-size vector from separate past and future sequences. To this end, we introduce the EEG representation model ENGELBERT (electroEncephaloGraphic Epoch Local Bidirectional Encoder Representations from Transformer). It jointly attends to multiple EEG epochs from both past and future. Compared to typical token sequences in language, for which attention models have originally been conceived, overnight EEG sequences easily span more than 1000 30 s epochs. Local attention on overlapping windows reduces the critical quadratic computational complexity to linear, enabling versatile sub-one-hour to all-day scoring. ENGELBERT is at least one order of magnitude smaller than established LSTM models and is easy to train from scratch in a single phase. It surpassed state-of-the-art macro F1-scores in 3 single-EEG sleep scoring experiments. REM F1-scores were pushed to at least 86%. ENGELBERT virtually closed the gap to PSG-based methods from 4-5 percentage points (pp) to less than 1 pp F1-score.","Brandmayr G, Hartmann M, Fürbass F, Matz G, Samwald M, Kluge T, Dorffner G",,,Neural networks : the official journal of the International Neural Network Society,,2022,yes,"The paper focuses on sleep scoring and REM detection, which are directly related to states of consciousness and transitions between conscious states. Sleep and REM are fundamental aspects of consciousness research, as they represent different states of consciousness. The paper's focus on automatically detecting these states using neural data makes it clearly relevant to consciousness research.",yes,"This appears to be an empirical research article presenting a novel computational model (ENGELBERT) with experimental results and comparisons to existing methods. The paper includes quantitative performance metrics (F1-scores) and comparative analyses, indicating it is an empirical research study rather than a commentary or theoretical piece.",yes,"The study explicitly works with empirical neural data, specifically EEG recordings from polysomnography (PSG). The paper focuses on analyzing single-channel EEG data, which is a direct form of neural recording. The analysis is clearly empirical rather than theoretical.",maybe,"While the paper uses sophisticated machine learning techniques (LSTM and transformer-based models) to analyze EEG data, it's not explicitly clear from the abstract whether it applies traditional complexity-family measures. The focus seems to be on classification performance rather than complexity analysis. However, the use of advanced neural network architectures for analyzing temporal patterns in EEG data suggests some implicit complexity analysis, though this isn't the primary focus.",Include,"This study investigates sleep scoring and REM detection using EEG data, representing a direct exploration of consciousness states through neural recordings. The research presents an empirical approach with quantitative performance metrics, focusing on computational analysis of neural time-series data. While the study demonstrates strong alignment with consciousness research and neural data analysis, there is some uncertainty regarding the explicit application of traditional complexity-family measures.",,,4
Retroclival Epidural Hematoma in Pediatric Head Trauma: A Case Report and Comprehensive Literature Review.,"Retroclival epidural hematoma (EDH) is a rare form of intracranial hemorrhage located between the clivus and the dura mater, predominantly affecting pediatric patients due to the anatomical vulnerability of the craniocervical junction. This case report describes a 4-year-old boy involved in a motorcycle accident who presented with facial trauma and was found to have a retroclival EDH and multiple mandibular fractures. Despite the hematoma measuring 8.7 mm in thickness and 3 cc in volume, the patient remained neurologically intact with a Glasgow Coma Scale of 15. He underwent surgical repair for the mandibular fractures while the retroclival EDH was managed conservatively. The patient recovered fully without neurological deficits at follow-ups extending to 6 months. A comprehensive literature review reveals that retroclival EDH in children is commonly associated with high-energy trauma such as motor vehicle accidents and often results from tectorial membrane stripping injury. While clinical presentations vary, many cases, like the one described, show minimal neurological signs despite the presence of significant hematomas, emphasizing the importance of high clinical suspicion and appropriate neuroimaging. Computed tomography is the initial diagnostic tool, but magnetic resonance imaging is superior for identifying associated ligamentous injuries and differentiating from subdural hematomas. Most pediatric retroclival EDH cases are managed conservatively with excellent outcomes, reserving surgical intervention for cases involving brainstem compression or craniocervical instability. This report reinforces the favorable prognosis of isolated retroclival EDH in neurologically stable pediatric patients and underscores the critical role of imaging and clinical vigilance in trauma assessment.","Lauren C, Wibawa IBGA, Kencana IGKAS, Monica M, Japardi D, Dharma BDA, Sutikno J, Tiffany T, Limansyah IA, Dewi MR, Maliawan MGD, Mahadewa TGB",,,Journal of central nervous system disease,,2025,no,"The paper does not investigate consciousness, states of consciousness, or transitions between conscious states. It focuses on a clinical case report of a retroclival epidural hematoma and its management, without any explicit interpretation of findings in relation to consciousness or neural signatures/mechanisms of consciousness.",no,"The paper is a case report with a literature review component, rather than an empirical research article, systematic review, or meta-analysis. The literature review appears to be narrative rather than systematic.",no,"The paper does not analyze any neural data. While it mentions imaging (CT and MRI), these are used for anatomical assessment rather than neural activity measurements. There is no analysis of EEG, MEG, fMRI, or any other neural recording methods.",no,The paper does not apply any complexity-family measures. The only quantitative measures mentioned are anatomical measurements (hematoma thickness and volume) and clinical scales (Glasgow Coma Scale).,Exclude,"This clinical case report fails to meet any of the specified screening criteria, as it does not investigate consciousness, analyze neural data, apply complexity measures, or represent an empirical research study. The paper is a descriptive medical case report focused on a specific hematoma type, lacking the methodological and research characteristics required by the screening criteria.",,Other / below screening threshold,0.1
Ictal alterations of consciousness during ecstatic seizures.,"Patients with ecstatic epileptic seizures report an altered consciousness, which they describe as a sense of heightened perception of themselves – they “feel very present” – and an increased vividness of sensory perceptions. Recently, the anterior insula has been proposed as the region where these seizures originate, based on the results of ictal nuclear imaging in three patients, the first induction of ecstatic auras by electrical stimulation, and the functional characteristics of the anterior insula in neuroimaging literature. Specifically, the anterior insula is thought to play a key role in integrating information from within the body, the external world, as well as the emotional states. In addition, the anterior insula is thought to convert this integrated information into successive global emotional moments, thus enabling both the construct of a sentient self as well as a mechanism for predictive coding. As part of the salience network, this region is also involved in switching from mind wandering toward attentional and executive processing. In this review, we will summarize previous patient reports and recap how insular functioning may be involved in the phenomenon of ecstatic seizures. Furthermore, we will relate these hypotheses to the results from research on meditation and effects of drug abuse.","Picard F, Kurth F",,,Epilepsy & behavior : E&B,,2014,yes,"The paper explicitly focuses on altered consciousness in ecstatic epileptic seizures, including changes in self-perception and sensory awareness. It directly investigates consciousness states and their neural correlates, particularly in relation to the anterior insula's role in consciousness and self-awareness.",maybe,"The abstract indicates this is a review paper, and while reviews are eligible, it's not explicitly stated whether this is a systematic review or narrative review. The focus on summarizing patient reports and relating hypotheses suggests it might be more narrative in nature.",maybe,"While the paper discusses neural mechanisms and references neuroimaging literature, it's not clear whether it systematically analyzes empirical neural data. The abstract mentions ""ictal nuclear imaging in three patients"" but doesn't indicate whether the review itself analyzes neural data.",no,"The abstract doesn't mention any specific quantitative complexity measures. While it discusses information integration and predictive coding, there's no indication that the paper applies or reviews specific complexity-family measures.",Include,"The paper strongly addresses consciousness research by exploring altered states in ecstatic epileptic seizures, but lacks clear evidence of systematic neural data analysis or application of quantitative complexity measures. While the review discusses neural mechanisms and consciousness, it does not definitively meet all screening criteria, particularly regarding empirical data analysis and complexity-family measures.",,,2.8
Correlation of EEG spectral entropy with regional cerebral blood flow during sevoflurane and propofol anaesthesia.,"ENTROPY index monitoring, based on spectral entropy of the electroencephalogram, is a promising new method to measure the depth of anaesthesia. We examined the association between spectral entropy and regional cerebral blood flow in healthy subjects anaesthetised with 2%, 3% and 4% end-expiratory concentrations of sevoflurane and 7.6, 12.5 and 19.0 microg.ml(-1) plasma drug concentrations of propofol. Spectral entropy from the frequency band 0.8-32 Hz was calculated and cerebral blood flow assessed using positron emission tomography and [(15)O]-labelled water at baseline and at each anaesthesia level. Both drugs induced significant reductions in spectral entropy and cortical and global cerebral blood flow. Midfrontal-central spectral entropy was associated with individual frontal and whole brain blood flow values across all conditions, suggesting that this novel measure of anaesthetic depth can depict global changes in neuronal activity induced by the drugs. The cortical areas of the most significant associations were remarkably similar for both drugs.","Maksimow A, Kaisti K, Aalto S, Mäenpää M, Jääskeläinen S, Hinkka S, Martens S, Särkelä M, Viertiö-Oja H, Scheinin H",,,Anaesthesia,,2005,yes,"The paper directly investigates states of consciousness by studying anesthesia depth and its relationship to neural activity. Anesthesia is explicitly mentioned as a state of altered consciousness, and the study examines transitions between conscious states (wakefulness to different levels of anesthesia).",yes,"This is clearly an empirical research article with original data collection and analysis. The study includes experimental procedures, measurements, and statistical analysis of both EEG and PET data.",yes,The study uses multiple types of empirical neural data: EEG (spectral entropy analysis) and PET imaging (cerebral blood flow measurements). These are both valid forms of neural data analysis as specified in the criteria.,yes,"The study explicitly uses spectral entropy, which is a member of the entropy family of complexity measures. This is directly applied as a primary analysis to the EEG data, not just theoretically discussed.",Include,"This empirical research study directly investigates consciousness through anesthesia depth, utilizing multiple neural data types including EEG and PET imaging. The research applies quantitative complexity measures, specifically spectral entropy, to analyze transitions between conscious states and neural activity across different anesthesia levels. By systematically examining neural complexity and cerebral blood flow, the study provides a comprehensive approach to understanding consciousness mechanisms.",,,4.9
How should a subarachnoid hemorrhage grading scale be determined? A combinatorial approach based solely on the Glasgow Coma Scale.,"OBJECT: The purpose of this study was to present a combinatorial approach used to develop a subarachnoid hemorrhage (SAH) grading scale based on the patient's preoperative Glasgow Coma Scale (GCS) score. METHODS: There are 4094 different combinations that can be used to compress the 13 scores of the GCS into two to 12 grades. Break points, the positions in the scale in which two adjacent scores connote a significantly different outcome, are obtained by a direct comparison of the GCS and the Glasgow Outcome Scale (GOS). Guided by the break points, the number of combinations to be considered can be limited. All possible combinations are statistically analyzed with respect to intergrade differences in outcome. Single combinations, with the maximum number of grades having maximum intergrade outcome differences for each corresponding set of adjacent grades, must be selected. The authors verified the validity of this combinatorial approach by retrospectively analyzing 1398 consecutive patients with aneurysmal SAH who underwent surgery within 7 days of the last hemorrhage episode. The patients' GCS scores were assessed just before surgery and their GOS scores were estimated 6 months post-SAH. The combinatorial approach yields only one acceptable grading scale: I (GCS Score 15); II (GCS Scores 11-14); III (GCS Scores 8-10); IV (GCS Scores 4-7); and V (GCS Score 3). CONCLUSIONS: The combinatorial approach, guided by the break points, is so simple and systematic that it can be used again in the future when revision of the grading scale becomes necessary after development of new and effective treatment modalities that improve patients' overall outcome.","Takagi K, Tamura A, Nakagomi T, Nakayama H, Gotoh O, Kawai K, Taneda M, Yasui N, Hadeishi H, Sano K",,,Journal of neurosurgery,,1999,no,"The paper focuses on subarachnoid hemorrhage (SAH) and uses the Glasgow Coma Scale (GCS) and Glasgow Outcome Scale (GOS), which measure consciousness levels. However, the paper's primary focus is on developing a grading scale for SAH outcomes rather than investigating consciousness mechanisms or states. The consciousness measures are used as clinical assessment tools rather than being the subject of investigation.",yes,"This is an empirical research article that analyzes data from 1398 patients, meeting the criterion for an eligible study type.",no,"The study does not analyze any neural data. It uses clinical assessment scales (GCS and GOS) but does not involve any direct neural measurements like EEG, fMRI, or other neural recordings.",no,"While the study uses quantitative methods (combinatorial analysis), these are not complexity-family measures as defined in the criteria. The analysis focuses on clinical grading rather than complexity measures of neural data.",Exclude,"This study focuses on developing a clinical grading scale for subarachnoid hemorrhage using Glasgow Coma Scale scores, but does not investigate consciousness mechanisms or analyze neural data. The research lacks empirical neural recordings, complexity-family measures, and a primary focus on consciousness research, rendering it incompatible with the specified screening criteria.",,Other / below screening threshold,1.4
Circadian variation of scalp EEG: a novel measure based on wavelet packet transform and differential entropy.,"We propose a novel entropy-based measure to quantify the circadian variations of scalp electroencephalogram (EEG) by analyzing waking epochs of nap opportunities under an ultradian sleep-wake cycle (USW) protocol. To compute this circadian measure for a nap opportunity, each waking epoch (~1 sec) is decomposed using wavelet packet transform and the relative energy for the desired frequency band (here, 10-12 Hz) is calculated. Then, in a bootstrapping procedure, a shape statistic (skewness or kurtosis) of the relative energy distribution, after each resampling, is computed. Finally, the probability density function of this statistic is estimated, and the corresponding differential entropy is considered as the circadian measure. This measure was evaluated using EEG recordings from 4 healthy subjects during a 72-h USW procedure. According to the results, the proposed measure showed a significant circadian variation both for individual and group data, with peak values occurring near the core body temperature minimum. The performance of the entropy-based measure was also compared with that of two other measures, namely mean energy logarithm and mean energy ratio, revealing the superiority of this measure.","Zandi AS, Boudreau P, Boivin DB, Dumont GA",,,Annual International Conference of the IEEE Engineering in Medicine and Biology Society. IEEE Engineering in Medicine and Biology Society. Annual International Conference,,2013,maybe,"The paper focuses on analyzing EEG during waking epochs under an ultradian sleep-wake cycle protocol, which involves states of consciousness (wakefulness vs. sleep). However, the primary focus appears to be on circadian variations rather than consciousness itself, and the study doesn't explicitly interpret findings in relation to consciousness mechanisms.",yes,This is clearly an empirical research article with original data analysis from 4 healthy subjects.,yes,The study directly analyzes empirical neural data in the form of scalp EEG recordings.,yes,"The study applies entropy-based measures as a primary analysis tool, specifically using differential entropy of shape statistics (skewness/kurtosis) of relative energy distributions, which is a clear application of complexity-family measures.",Include,"This empirical research article analyzes EEG data using entropy-based complexity measures, directly applying quantitative neural data analysis techniques. While the study involves sleep-wake transitions, its primary focus is on circadian variations rather than explicit consciousness research, creating some uncertainty about its direct relevance to consciousness mechanisms. The methodology demonstrates strong technical rigor in neural data analysis, with potential indirect implications for understanding consciousness-related neural states.",,,4.3
Alcohol use in emerging adults associated with lower rich-club connectivity and greater connectome network disorganization.,"BACKGROUND: Emerging adulthood is a critical neurodevelopmental stage, with alcohol use during this period consistently associated with brain abnormalities and damage in anatomical structure and white matter integrity. However, it is less clear how alcohol use is associated with the brain's structural organization (i.e., white matter connections between anatomical regions). Recent connectome research has focused on rich-club regions, a collection of highly-interconnected hubs that are critical in brain communication and global network organization and disproportionately vulnerable to insults. METHODS: For the first time, we examined alcohol use associations with structural rich-club and connectome organization in emerging adults (N = 66). RESULTS: Greater lifetime drinks and current monthly drinks were significantly associated with lower rich-club organization (rs =-0.38, ps < 0.003) and lower rich-club connectivity (rs <-0.34, ps < 0.007). Additionally, rich-club connectivity was significantly more negatively correlated with alcohol use than connectivity among non-rich-club regions (ps < 0.035). Examining overall structural organization, greater lifetime drinks and current monthly drinks were significantly associated with lower network density (i.e., lower network resilience; rs <-0.36, ps = 0.004). Additionally, greater lifetime drinks and current monthly drinks were significantly associated with higher network segregation (i.e., network's tendency to divide into subnetworks; rs >0.33, ps<0.008). Alcohol use was not significantly associated with network integration (i.e., network's efficiency in combining information across the brain; ps > 0.064). CONCLUSIONS: Results provide novel evidence that alcohol use is associated with decreased rich-club connectivity and structural network disorganization. Given that both are critical in global brain communication, these results highlight the importance of examining alcohol use and brain relationships in emerging adulthood.","Hua JPY, de Lange SC, van den Heuvel MP, Boness CL, Trela CJ, McDowell YE, Merrill AM, Piasecki TM, Sher KJ, Kerns JG",,,Drug and alcohol dependence,,2022,no,"The paper does not explicitly investigate consciousness or states of consciousness. While it examines brain structure and connectivity, particularly rich-club organization, it focuses on alcohol use effects rather than consciousness-related phenomena. The study does not interpret findings in relation to consciousness or its neural mechanisms.",yes,This is clearly an empirical research article with original data analysis (N=66 participants) and statistical results. It presents quantitative findings about brain structure and connectivity.,maybe,"The study analyzes structural brain connectivity data, which is a form of empirical neural data. However, it appears to focus on structural (anatomical) connectivity rather than functional neural recordings like EEG or fMRI.",yes,"The study applies several network complexity measures including network density, network segregation, network integration, and rich-club connectivity. These are quantitative measures of network complexity, though they may not be exactly the same as the specific examples listed in the criteria.",Include,"The study presents an empirical research article analyzing brain connectivity with quantitative network complexity measures, but lacks explicit investigation of consciousness or conscious states. While the research applies sophisticated neural data analysis techniques, it primarily focuses on alcohol use effects on brain structure rather than consciousness-related phenomena. Consequently, the paper does not fully align with the specified screening criteria for consciousness research.",,,2.7
Abnormal brain functional network dynamics in narcolepsy type 1 patients.,"OBJECTIVES: To investigate the dynamic functional connectivity in narcolepsy type 1 (NT1) patients and whether clinical features are associated with abnormal connectivity. METHODS: We investigated dynamic functional connectivity (dFC) of 80 drug-naïve NT1 patients, 30 idiopathic hypersomnia (IH) patients and 60 age- and sex-matched healthy controls using sliding-window approach, clustering state analysis and graph-theory methods. Relationships between clinical features and abnormal dFC properties were evaluated. RESULTS: Three dFC brain states were identified to characterize and compare dynamic functional connectivity patterns: a more frequent and sparsely connected State I (46.96%), a less frequent and more strongly connected State Ⅱ (26.3%), and a less frequent and sparsely connected State Ⅲ (26.74%). In NT1 patients, the occurrence of the State Ⅱ increased, corresponding with a prolonged dwell time of State Ⅱ. While State Ⅲ are predominant for IH patients and healthy controls. The occurrence and dwell time of State Ⅲ are negatively correlated with sleep latency in NT1 patients. Additionally, there was a higher variability in the small-world network parameters, suggesting an abnormal global integration of the brain network in both IH and NT1 patients. CONCLUSIONS: The abnormal temporal patterns and functional segregation coupled with the severity of sleepiness and abnormal local integration in topological properties confirmed the vulnerability of functional networks in NT1 patients.","Mengmeng W, Weihan W, Lanbo W, Xiaosong D, Fang H, Spruyt K, Fulong X",,,Clinical neurophysiology : official journal of the International Federation of Clinical Neurophysiology,,2025,yes,"The study investigates narcolepsy type 1 (NT1) and idiopathic hypersomnia (IH), which are disorders of consciousness. The focus on sleep-wake transitions and sleep latency measurements makes this research directly relevant to consciousness research.",yes,"This is an empirical research article with original data analysis, as evidenced by the methods section describing specific analytical approaches and presenting quantitative results.",maybe,"While the exact type of neural data is not explicitly stated, the study analyzes functional connectivity patterns using graph theory methods, which typically involves fMRI/BOLD data. The analysis of dynamic functional connectivity strongly suggests the use of empirical neural data.",maybe,"The study applies several quantitative measures including dynamic functional connectivity analysis, clustering state analysis, graph theory methods, and variability measures. While these are not explicitly listed as ""complexity-family measures,"" graph theory and dynamic connectivity analysis often involve complexity-related measures.",Include,"This empirical research investigates disorders of consciousness through dynamic functional connectivity analysis, utilizing neural data to examine transitions between conscious states in narcolepsy and hypersomnia patients. The study applies quantitative complexity measures and graph theory methods to analyze brain network properties, providing insights into neural mechanisms underlying consciousness-related disorders. While the specific complexity measures are not explicitly detailed, the analytical approach strongly suggests a comprehensive examination of neural complexity in consciousness research.",,,4.6
Detection of freely moving thoughts using SVM and EEG signals.,"Objective.Freely moving thought is a type of thinking that shifts from one topic to another without any overarching direction or aim. The ability to detect when freely moving thought occurs may help us promote its beneficial outcomes, such as for creative thinking and positive mood. Thus far, no studies have used machine learning to detect freely moving thought on the basis of 'objective' (e.g. neural or behavioral) data.Approach.Our study addresses this gap, using event-related potential (ERP) and spectral features of electroencephalogram (EEG) signals as well as behavioral measures during a simple attention task and machine learning to detect freely moving thought. EEG features were first examined with both inter-subject and intra-subject strategies. Specifically, the statistical and entropy features of the P3 ERP and alpha spectral measures were entered as inputs to the support vector machine. The best combination of EEG features achieving higher classification performance in both strategies were then selected to combine with behavioral features to further enhance classification performance.Main results.Our best performing model has a Matthew's correlation coefficient and area under the curve of 0.3105 and 0.6665 for inter-subject models and 0.2815 and 0.6407 for intra-subject models respectively.Significance.The above chance level performance in both strategies using EEG and behavioral features shows great promise for machine learning approaches to detect freely moving thought and highlights their potential for real-time prediction in the real world. This has important implications for enhancing creative processes and mood associated with freely moving thought.","Nanjappan Jothiraj S, Mills C, Irving ZC, Kam JWY",,,Journal of neural engineering,,2025,maybe,"The paper investigates freely moving thought, which is a conscious mental state. While not explicitly framed as a consciousness study, it deals with the detection and characterization of a specific type of conscious experience. The study aims to detect when freely moving thought occurs, which is inherently related to conscious mental states. However, it doesn't explicitly interpret findings in relation to consciousness mechanisms or neural signatures of consciousness.",yes,This is clearly an empirical research article with original data collection and analysis. It presents a machine learning study using EEG and behavioral data with specific results and performance metrics.,yes,"The study explicitly uses empirical neural data in the form of EEG recordings, including both ERP (P3) and spectral features (alpha band). The analysis is directly based on neural data.",maybe,"The paper mentions using ""statistical and entropy features"" of the P3 ERP and alpha spectral measures. While entropy is mentioned, it's not clear if this refers to a specific complexity-family measure like Shannon entropy or other entropy measures. The focus seems to be more on machine learning classification rather than explicit complexity analysis.",Include,"This empirical research study uses EEG neural data to investigate freely moving thought through machine learning techniques, demonstrating clear application of neural recordings and quantitative analysis. While the study partially addresses consciousness research and employs entropy features, the primary focus appears to be on classification rather than explicit complexity or consciousness mechanism exploration. The research provides a nuanced approach to detecting conscious mental states through neural and behavioral data.",,,3.4
Preoperative [18F]fluoro-PEG-folate PET/CT in advanced stage epithelial ovarian cancer: A safety and feasibility study.,"PURPOSE: The selection for either primary or interval cytoreductive surgery (CRS) in patients with epithelial ovarian cancer (EOC) is currently based on imaging techniques like computed tomography (CT), [18F]fluorodeoxyglucose-positron emission tomography ([18F]FDG-PET), diffusion-weighted magnetic resonance imaging (DW-MRI) and/or diagnostic laparoscopy, but these have limitations. Folate receptor (FR)-targeted PET/CT imaging, using [18F]fluoro-PEG-folate, could improve preoperative assessment, potentially reducing unnecessary laparotomies. This paper presents the first experience with [18F]fluoro-PEG-folate PET/CT imaging in advanced stage EOC, focusing on safety, tolerability, and feasibility for reflecting the extent of disease. METHODS: Tolerability and safety were monitored after administration of the [18F]fluoro-PEG-folate tracer by measurements of vital function parameters (blood pressure, heart rate, peripheral oxygen saturation, respiratory rate, and temperature). In addition, (serious) adverse events were recorded. Disease burden was quantified using the Peritoneal Cancer Index (PCI) score on preoperative [18F]fluoro-PEG-folate PET/CT and during surgery. PCI scores were compared with intraoperative findings, considering histopathologic results as the gold standard. Tissue specimens were stained for FRα and FRβ. Relative uptake of the radiotracer by EOC lesions and other tissues was quantified using body weighted standardized uptake values (SUV). RESULTS: The study was terminated prematurely during the interim analysis after inclusion of eight patients of whom five had completed the study protocol. Although [18F]fluoro-PEG-folate demonstrated safety, efficacy for tumor-specific imaging was limited. Despite clear FRα overexpression, low tracer uptake was observed in EOC lesions, contrasting with high uptake in healthy tissues, posing challenges in specificity and accurately assessing tumor burden. CONCLUSIONS: Overall, while [18F]fluoro-PEG-folate was well-tolerated, its clinical utility in the preoperative assessment of the extent of disease in EOC was limited. This highlights the need for further research in developing targeted imaging agents for optimal detection of EOC metastases. TRIAL REGISTRATION: Clinicaltrials.gov, NCT05215496. Registered 31 January 2022.","Ciggaar IA, de Muynck LDAN, de Geus-Oei LF, van Velden FHP, de Kroon CD, Pereira Arias-Bouda LM, Noortman WA, van Persijn van Meerten EL, Dibbets-Schneider P, Helmerhorst HJF, Windhorst AD, Vahrmeijer AL, Peters ITA, Gaarenstroom KN",,,Nuclear medicine and biology,,2024,no,"The paper does not investigate consciousness, states of consciousness, or transitions between conscious states. It is focused entirely on medical imaging for ovarian cancer diagnosis and treatment planning, with no mention of consciousness or neural mechanisms related to consciousness.",yes,"The paper is an empirical research article reporting on a clinical trial, which meets the criterion for an eligible study type.",no,"The study uses PET/CT imaging and other medical imaging techniques, but these are not neural recordings. There is no analysis of neural data (EEG, MEG, fMRI/BOLD, etc.) as specified in the criteria. The imaging is focused on cancer detection rather than neural activity.",no,"The paper does not apply any of the specified complexity-family measures. While it does use quantitative measures (SUV values, PCI scores), these are not the type of complexity measures specified in the criteria.",Exclude,"This medical imaging study on ovarian cancer fails to meet the systematic review's screening criteria, as it does not investigate consciousness, analyze neural data, or apply complexity-family measures. The research is focused on cancer detection techniques and does not align with the specified research parameters related to consciousness and neural complexity.",,Other / below screening threshold,0.1
Polygenic Risk of Psychosis and Ventral Striatal Activation During Reward Processing in Healthy Adolescents.,"IMPORTANCE: Psychotic disorders are characterized by attenuated activity in the brain's valuation system in key reward processing areas, such as the ventral striatum (VS), as measured with functional magnetic resonance imaging. OBJECTIVE: To examine whether common risk variants for psychosis are associated with individual variation in the VS. DESIGN, SETTING, AND PARTICIPANTS: A cross-sectional study of a large cohort of adolescents from the IMAGEN study (a European multicenter study of reinforcement sensitivity in adolescents) was performed from March 1, 2008, through December 31, 2011. Data analysis was conducted from October 1, 2015, to January 9, 2016. Polygenic risk profile scores (RPSs) for psychosis were generated for 1841 healthy adolescents. Sample size and characteristics varied across regression analyses, depending on mutual information available (N = 1524-1836). MAIN OUTCOMES AND MEASURES: Reward-related brain function was assessed with blood oxygen level dependency (BOLD) in the VS using the monetary incentive delay (MID) task, distinguishing reward anticipation and receipt. Behavioral impulsivity, IQ, MID task performance, and VS BOLD were regressed against psychosis RPS at 4 progressive P thresholds (P < .01, P < .05, P < .10, and P < .50 for RPS models 1-4, respectively). RESULTS: In a sample of 1841 healthy adolescents (mean age, 14.5 years; 906 boys and 935 girls), we replicated an association between increasing psychosis RPS and reduced IQ (matrix reasoning: corrected P = .003 for RPS model 2, 0.4% variance explained), supporting the validity of the psychosis RPS models. We also found a nominally significant association between increased psychosis RPS and reduced MID task performance (uncorrected P = .03 for RPS model 4, 0.2% variance explained). Our main finding was a positive association between psychosis RPS and VS BOLD during reward anticipation at all 4 psychosis RPS models and for 2 P thresholds for reward receipt (RPS models 1 and 3), correcting for the familywise error rate (0.8%-1.9% variance explained). CONCLUSIONS AND RELEVANCE: These findings support an association between psychosis RPS and VS BOLD in adolescents. Genetic risk for psychosis may shape an individual's response to rewarding stimuli.","Lancaster TM, Linden DE, Tansey KE, Banaschewski T, Bokde AL, Bromberg U, Büchel C, Cattrell A, Conrod PJ, Flor H, Frouin V, Gallinat J, Garavan H, Gowland P, Heinz A, Ittermann B, Martinot JL, Paillère Martinot ML, Artiges E, Lemaitre H, Nees F, Orfanos DP, Paus T, Poustka L, Smolka MN, Vetter NC, Jurk S, Mennigen E, Walter H, Whelan R, Schumann G",,,JAMA psychiatry,,2016,no,"The paper does not explicitly investigate consciousness, states of consciousness, or transitions between conscious states. While it examines brain function during reward anticipation and receipt, these are not directly related to consciousness research. The study appears to be primarily focused on psychiatric genetics and reward processing.",yes,"The paper is clearly an empirical research article with original data analysis. It presents a cross-sectional study with specific methods, participants, and results.",yes,The study uses fMRI/BOLD data to measure brain activity in the ventral striatum during reward processing tasks.,no,"The abstract does not mention any complexity-family measures. The analysis appears to focus on standard BOLD signal measurements and correlations with polygenic risk scores, rather than applying complexity measures like entropy, information theory, or other specified metrics.",Exclude,"This empirical neuroscience study using fMRI data fails to meet key screening criteria related to consciousness research and complexity-family measures. While the paper represents a rigorous investigation of reward processing and psychosis risk, it does not explicitly explore consciousness or apply specified quantitative complexity metrics. Consequently, the study does not align with the systematic review's core requirements.",,Other / below screening threshold,1.4
Graph Theoretical Characteristics of EEG-Based Functional Brain Networks in Patients With Epilepsy: The Effect of Reference Choice and Volume Conduction.,"It is well-established that both volume conduction and the choice of recording reference (montage) affect the correlation measures obtained from scalp EEG, both in the time and frequency domains. As a result, a number of correlation measures have been proposed aiming to reduce these effects. In our previous work, we have showed that scalp-EEG based functional brain networks in patients with epilepsy exhibit clear periodic patterns at different time scales and that these patterns are strongly correlated to seizure onset, particularly at shorter time scales (around 3 and 5 h), which has important clinical implications. In the present work, we use the same long-duration clinical scalp EEG data (multiple days) to investigate the extent to which the aforementioned results are affected by the choice of reference choice and correlation measure, by considering several widely used montages as well as correlation metrics that are differentially sensitive to the effects of volume conduction. Specifically, we compare two standard and commonly used linear correlation measures, cross-correlation in the time domain, and coherence in the frequency domain, with measures that account for zero-lag correlations: corrected cross-correlation, imaginary coherence, phase lag index, and weighted phase lag index. We show that the graphs constructed with corrected cross-correlation and WPLI are more stable across different choices of reference. Also, we demonstrate that all the examined correlation measures revealed similar periodic patterns in the obtained graph measures when the bipolar and common reference (Cz) montage were used. This includes circadian-related periodicities (e.g., a clear increase in connectivity during sleep periods as compared to awake periods), as well as periodicities at shorter time scales (around 3 and 5 h). On the other hand, these results were affected to a large degree when the average reference montage was used in combination with standard cross-correlation, coherence, imaginary coherence, and PLI, which is likely due to the low number of electrodes and inadequate electrode coverage of the scalp. Finally, we demonstrate that the correlation between seizure onset and the brain network periodicities is preserved when corrected cross-correlation and WPLI were used for all the examined montages. This suggests that, even in the standard clinical setting of EEG recording in epilepsy where only a limited number of scalp EEG measurements are available, graph-theoretic quantification of periodic patterns using appropriate montage, and correlation measures corrected for volume conduction provides useful insights into seizure onset.","Anastasiadou MN, Christodoulakis M, Papathanasiou ES, Papacostas SS, Hadjipapas A, Mitsis GD",,,Frontiers in neuroscience,,2019,maybe,"The paper focuses on EEG analysis in epilepsy patients, including sleep-wake transitions and their relationship to seizure onset. While this involves states of consciousness (sleep vs. wakefulness), the primary focus appears to be on seizure prediction rather than consciousness mechanisms per se. However, the analysis of sleep-wake transitions and their relationship to brain network patterns does implicitly relate to consciousness states.",yes,This is clearly an empirical research article analyzing clinical EEG data from multiple patients over extended periods. The study presents original empirical results comparing different correlation measures and their effects on network analysis.,yes,The study directly analyzes empirical neural data in the form of long-duration clinical scalp EEG recordings. The analysis includes multiple days of data and various correlation measures applied to the EEG signals.,no,"The study applies several quantitative measures to analyze brain networks, including cross-correlation, coherence, corrected cross-correlation, imaginary coherence, phase lag index (PLI), and weighted phase lag index (WPLI). While these are quantitative measures, they are primarily correlation-based rather than complexity-family measures as specified in the criteria. The paper doesn't appear to use entropy measures, information theory measures, or other complexity measures listed in the criteria.",Include,"This empirical research article analyzing EEG data in epilepsy patients demonstrates strong alignment with neural data application and study type criteria. While the study partially addresses consciousness research through sleep-wake transitions, it lacks the specific complexity-family measures required for full inclusion. The analysis of brain network patterns provides insights into neural dynamics, but does not meet the comprehensive complexity measurement requirements.",,,2.9
Toward an Automatic Classification of the Different Stages of Sleep: Exploring Patterns of Neural Activity in the Subthalamic Nucleus.,"Sleep disorders substantially impact quality of life, especially in patients with neurodegenerative diseases like Parkinson's disease. Recent advances in deep brain stimulation highlight the potential of closed-loop adaptive stimulation that utilizes neural feedback signals recorded directly from the stimulation electrodes. The subthalamic nucleus, a distinct structure located deep in the brain, plays a major role in processing cortical information and could be used to classify sleep stages. We recorded local field potentials in the subthalamic nucleus of two freely moving nonhuman primates across three nights. Our study examined subthalamic neuronal activity across different vigilance stages using spectral activity, multiscale entropy analysis, and an automatic classification. Results revealed distinct spectral patterns in subthalamic activity corresponding to sleep stages, with a high synchronization between subthalamic nucleus and EEG signals during deeper sleep stages. These deeper stages were associated also with reduced entropy, suggesting decreased neural activity complexity. An automated machine learning classifier based on subthalamic nucleus spectral activity distinguished wakefulness from sleep with high accuracy (94% for both animals). While the classifier performed well for deeper sleep stages, its accuracy was lower for lighter sleep stages. Our findings suggest that subthalamic nucleus activity can mirror cortical dynamics during sleep, supporting its potential use in developing closed-loop stimulation therapies for sleep disorders. This work provides a foundation for further studies in Parkinson's disease models to evaluate the translational relevance of subthalamic nucleus activity in clinical applications.","Barbe N, Connolly M, Devergnas A, Torrès N, Hervault M, Bonis M, Billères M, Chabardes S, Piallat B",,,The European journal of neuroscience,,2025,yes,"The study investigates sleep stages and transitions between different states of consciousness (wakefulness and various sleep stages). While the primary focus is on sleep disorders and potential therapeutic applications, the study explicitly examines neural signatures across different states of consciousness.",yes,"This is an empirical research article presenting original experimental data from two nonhuman primates. The study includes actual recordings and analysis, not just theoretical discussion or commentary.",yes,"The study analyzes multiple types of empirical neural data: local field potentials (LFP) from the subthalamic nucleus, EEG signals, and direct neural recordings from stimulation electrodes.",yes,"The study explicitly mentions using spectral activity analysis, multiscale entropy analysis, and machine learning classification based on spectral activity. The use of entropy measures (specifically multiscale entropy) is a clear example of a complexity-family measure being applied as a primary analysis.",Include,"This empirical research study investigates neural activity across consciousness states using local field potentials and EEG recordings, applying quantitative complexity measures like multiscale entropy to analyze sleep stages in nonhuman primates. The work systematically examines neural signatures during wakefulness and sleep, employing machine learning classification and complexity-family measures to understand transitions between conscious states. By analyzing empirical neural data with sophisticated analytical techniques, the research provides insights into neural dynamics during different states of consciousness.",,,4.9
Evaluation of upper airway collapsibility using real-time MRI.,"PURPOSE: To develop and demonstrate a real-time MRI method for assessing upper airway collapsibility in sleep apnea. MATERIALS AND METHODS: Data were acquired on a clinical 3 Tesla scanner using a radial CAIPIRIHNA sequence with modified golden angle view ordering and reconstructed using parallel imaging and compressed sensing with temporal finite difference sparsity constraint. Segmented airway areas together with synchronized facemask pressure were used to calculate airway compliance and projected closing pressure, Pclose , at four axial locations along the upper airway. This technique was demonstrated in five adolescent obstructive sleep apnea (OSA) patients, three adult OSA patients and four healthy volunteers. Heart rate, oxygen saturation, facemask pressure, and abdominal/chest movements were monitored in real-time during the experiments to determine sleep/wakefulness. RESULTS: Student's t-tests showed that both compliance and Pclose were significantly different between healthy controls and OSA patients (P < 0.001). The results also suggested that a narrower airway site does not always correspond to higher collapsibility. CONCLUSION: With the proposed methods, both compliance and Pclose can be calculated and used to quantify airway collapsibility in OSA with an awake scan of 30 min total scan room time. J. Magn. Reson. Imaging 2016;44:158-167.","Wu Z, Chen W, Khoo MC, Davidson Ward SL, Nayak KS",,,Journal of magnetic resonance imaging : JMRI,,2016,no,"The paper focuses on sleep apnea and airway collapsibility during sleep/wake transitions, but the primary focus is on airway physiology rather than consciousness itself. The study does not explicitly investigate consciousness mechanisms or interpret findings in relation to consciousness. The sleep/wake monitoring appears to be incidental to the main research question about airway collapsibility.",yes,"This is clearly an empirical research article with original data collection and analysis, and it meets this criterion fully.",no,"The study uses MRI to measure airway areas and compliance, but does not collect or analyze neural data. While it monitors some physiological parameters (heart rate, oxygen saturation), these are not neural recordings. The study fails to meet this critical criterion.",no,"The study uses standard statistical measures (Student's t-tests) and calculates compliance and Pclose values, but does not apply any of the specified complexity-family measures. The analysis appears to be primarily focused on anatomical and physiological measurements rather than complexity analysis.",Exclude,"This study on sleep apnea fails to meet key screening criteria related to consciousness research, as it does not investigate consciousness mechanisms, analyze neural data, or apply complexity-family measures. While an empirical research article, the paper's focus on airway physiology and clinical imaging places it outside the systematic review's scope of consciousness and neural complexity research.",,Other / below screening threshold,1.4
Is There a Nonadditive Interaction Between Spontaneous and Evoked Activity? Phase-Dependence and Its Relation to the Temporal Structure of Scale-Free Brain Activity.,"The aim of our study was to use functional magnetic resonance imaging to investigate how spontaneous activity interacts with evoked activity, as well as how the temporal structure of spontaneous activity, that is, long-range temporal correlations, relate to this interaction. Using an extremely sparse event-related design (intertrial intervals: 52-60 s), a novel blood oxygen level-dependent signal correction approach (accounting for spontaneous fluctuations using pseudotrials) and phase analysis, we provided direct evidence for a nonadditive interaction between spontaneous and evoked activity. We demonstrated the discrepancy between the present and previous observations on why a linear superposition between spontaneous and evoked activity can be seen by using co-occurring signals from homologous brain regions. Importantly, we further demonstrated that the nonadditive interaction can be characterized by phase-dependent effects of spontaneous activity, which is closely related to the degree of long-range temporal correlations in spontaneous activity as indexed by both power-law exponent and phase-amplitude coupling. Our findings not only contribute to the understanding of spontaneous brain activity and its scale-free properties, but also bear important implications for our understanding of neural activity in general.","Huang Z, Zhang J, Longtin A, Dumont G, Duncan NW, Pokorny J, Qin P, Dai R, Ferri F, Weng X, Northoff G",,,"Cerebral cortex (New York, N.Y. : 1991)",,2017,no,"The abstract does not explicitly mention consciousness or states of consciousness. While the study investigates spontaneous and evoked brain activity, which could be relevant to consciousness research, there is no clear indication that the findings are interpreted in relation to consciousness or its neural mechanisms. The focus appears to be on general neural activity patterns and their interactions.",yes,"This is clearly an empirical research article using fMRI to investigate brain activity, and it meets this criterion fully.",yes,"The study definitely meets this criterion as it uses functional magnetic resonance imaging (fMRI) to analyze blood oxygen level-dependent (BOLD) signals, which includes empirical neural data analysis.",maybe,"The study does apply some complexity-related measures, including power-law exponent analysis, phase-amplitude coupling, and long-range temporal correlations. These are legitimate complexity-family measures, though they are not the most advanced or sophisticated ones listed in the criteria.",Include,"An empirical fMRI study analyzing neural activity interactions using complexity measures like power-law exponent and phase-amplitude coupling, demonstrating strong methodological rigor in neural data analysis. However, the research lacks explicit connection to consciousness research, which limits its direct alignment with the specified screening criteria. The study provides insights into neural activity patterns but does not directly address consciousness-related mechanisms.",,,3.1
Impact brain apnoea - A forgotten cause of cardiovascular collapse in trauma.,"OBJECTIVE: Early death following cranial trauma is often considered unsurvivable traumatic brain injury (TBI). However, Impact Brain Apnoea (IBA), the phenomenon of apnoea following TBI, may be a significant and preventable contributor to death attributed to primary injury. This paper reviews the history of IBA, cites case examples and reports a survey of emergency responder experience. METHODS: Literature and narrative review and focused survey of pre-hospital physicians. RESULTS: IBA was first reported in the medical literature in 1705 but has been demonstrated in multiple animal studies and is frequently anecdotally witnessed in the pre-hospital arena following human TBI. It is characterised by the cessation of spontaneous breathing following a TBI and is commonly accompanied by a catecholamine surge witnessed as hypertension followed by cardiovascular collapse. This contradicts the belief that isolated traumatic brain injury cannot be the cause of shock, raising the possibility that brain injury may be misinterpreted and therefore mismanaged in patients with isolated brain injury. Current trauma management techniques (e.g. rolling patients supine, compression only cardiopulmonary resuscitation) could theoretically compound hypoxia and worsen the effects of IBA. Anecdotal examples from clinicians attending head injured patients within a few minutes of injury are described. Proposals for the study and intervention for IBA using advances in remote technology are discussed. CONCLUSION: IBA is a potential cause of early death in some head injured patients. The precise mechanisms in humans are poorly understood but it is likely that early, simple interventions to prevent apnoea could improve clinical outcomes.","Wilson MH, Hinds J, Grier G, Burns B, Carley S, Davies G",,,Resuscitation,,2016,no,"The paper focuses on Impact Brain Apnoea (IBA) following traumatic brain injury, which is related to consciousness in the sense that it involves loss of consciousness and respiratory function. However, the paper does not explicitly investigate consciousness states or transitions between them. While brain injury and its effects on consciousness are tangentially related, the primary focus is on respiratory and cardiovascular responses rather than consciousness mechanisms.",no,"The paper is described as a ""literature and narrative review"" with a ""focused survey of pre-hospital physicians."" While it includes some empirical elements (the survey), it appears to be primarily a narrative review rather than a systematic review or meta-analysis. The methodology suggests it's more of a commentary/perspective piece with some survey data.",no,"The paper does not appear to analyze any neural data. While it discusses brain injury, it focuses on clinical outcomes (respiratory function, cardiovascular responses) rather than neural recordings or measurements.",no,"There is no indication that the study applies any complexity-family measures. The analysis appears to be primarily qualitative, focusing on historical review and clinical observations.",Exclude,"The study primarily focuses on clinical aspects of traumatic brain injury and respiratory responses, lacking direct investigation of consciousness mechanisms or neural data analysis. While touching on brain injury, the paper does not meet the screening criteria for consciousness research, empirical neural data application, or quantitative complexity measures. The narrative review approach and clinical focus diverge from the specified research parameters.",,Other / below screening threshold,1.4
Computed tomography-guided percutaneous transpedicular biopsy of the thoracic spine.,"BACKGROUND: Despite the recent, widespread use around the world of computed tomography (CT)-guided spinal biopsy for presurgical evaluation, its use has remained uncommon in Taiwan. Using 9 patients, we attempted to evaluate the safety of its use for the thoracic spine biopsy. METHODS: In the past 3 years (May 1996 to May 1999), 9 patients with known thoracic or multiple spinal lesions underwent CT-guided biopsy. The patients comprised 4 men and 5 women; with ages ranging between 28 and 85 years. For the transpedicular approach, patients were laid prone on the CT table. A trephine bone biopsy needle set was used after local anaesthesia. The specimens obtained had tissue pathology and/or bacterial/tuberculosis (TB) culture. RESULTS: Excellent results were achieved in 8 of the 9 patients, with no significant procedure-related complications. Among them, 2 were diagnosed as metastatic carcinomas; 3 as osteoporotic compression fractures; 2 were proved to be bacterial or tuberculosis spondylitis and the last one was a healing fracture. CONCLUSION: CT-guided transpedicular trephine biopsy of the thoracic spine is a safe and effective method for preoperative evaluation of various thoracic spinal disorders. Based on the biopsy results, more effective treatment regimens were prescribed and, in turn, better outcomes were expected.","Hsu WC, Lim KE",,,Chang Gung medical journal,,2001,no,"The paper does not investigate consciousness, states of consciousness, or transitions between conscious states. It does not explicitly interpret findings in relation to consciousness or neural signatures/mechanisms of consciousness. The study is focused on CT-guided spinal biopsy procedures and their safety/efficacy, which is unrelated to the consciousness research context.",yes,"The paper is an empirical research article reporting on a clinical study with 9 patients, which meets the criterion of being an empirical research article. However, the type of research is not relevant to the systematic review's focus.",no,"The study does not involve any neural data collection or analysis. It uses CT imaging for guiding biopsies, but this is not neural data in the sense required by the criteria (EEG, MEG, fMRI, etc.).",no,"The paper does not apply any complexity-family measures. The analysis is purely clinical, focusing on diagnostic outcomes and complications from the biopsy procedures.",Exclude,"This clinical study on CT-guided spinal biopsy fails to meet the systematic review's screening criteria, as it does not investigate consciousness, analyze neural data, or apply complexity measures. The research is a purely clinical diagnostic procedure study with no relevance to consciousness research or neural complexity analysis.",,Other / below screening threshold,0.1
Pneumocephalus during continuous epidural block.,"We report a case of pneumocephalus during continuous epidural infusion. A 52-year-old malnourished man with rectal cancer had been treated with continuous epidural block for the relief of pain in the left thigh. Eleven days after catheter insertion, a dull, persistent headache occurred in the frontal region, and it worsened gradually. It was precipitated by any head motion and was not relieved by the supine position. A head computed tomography (CT) scan taken 3 days after the onset of the headache revealed about 15 ml of intracranial air and backward compression of the brain. The catheter was removed and the patient maintained bed-rest. The headache disappeared 2 days later. It is speculated that the air was sucked in through the space along the epidural catheter.","Kasai K, Osawa M",,,Journal of anesthesia,,2007,no,"The paper does not explicitly investigate consciousness, states of consciousness, or transitions between conscious states. While it involves a medical intervention that affects consciousness (epidural block), the focus is on a specific medical complication rather than consciousness mechanisms or neural signatures.",maybe,"The paper is a case report, which is a type of empirical research article. However, it is a single clinical observation rather than a systematic study, and case reports typically do not provide the kind of systematic evidence sought in systematic reviews.",no,"The paper does not analyze any neural data. The only diagnostic tool mentioned is CT scanning, which is an anatomical imaging technique, not a neural recording method. There is no mention of EEG, MEG, fMRI, or any other neural recording techniques.",no,"The paper does not apply any complexity-family measures. The analysis is purely clinical and descriptive, focusing on the presentation and resolution of a medical complication.",Exclude,"This case report of pneumocephalus during epidural anesthesia lacks direct investigation of consciousness, neural data analysis, or application of complexity measures. The study focuses on a clinical medical complication without exploring consciousness mechanisms or employing advanced neural research techniques. Consequently, the paper does not meet the specified screening criteria for consciousness research.",,Other / below screening threshold,0.1
Bifocal Tibial Kaposiform Hemangioendothelioma Responsive to Vincristine Therapy: A Case Report.,"BACKGROUND Kaposiform hemangioendothelioma is a rare locally aggressive vascular endothelial-derived spindle cells neoplasm. Herein, we report a rare case of bifocal tibial kaposiform hemangioendothelioma. CASE REPORT A 9-year-old female presented with a 2-year history of pain and swelling in the left leg. The patient had a high plasma level of the D-dimer and fibrinogen. Radiography revealed a centric lytic lesion on the left proximal tibial metaphysis and an eccentric lateral distal tibial metaphyseal. Histopathologic examination of the sample taken from the distal tibia revealed a dense spindle cell tumor with lobular architecture composed of compact spindle cells compressing small slit-like vascular spaces, forming glomeruloid nests. No necrosis was identified. Based on these findings and the positive immunohistochemical staining for CD31, CD34, and D2-40, the patient was diagnosed with kaposiform hemangioendothelioma. Treatment was started by using vincristine chemotherapy, after which the patient developed temporary peroneal neuropathy, which improved over the next 3 months. CONCLUSIONS Bifocal tibial kaposiform hemangioendothelioma lesions are unique in pediatric patients and can be successfully treated with vincristine chemotherapy. In these cases, the treating physician should be aware of peroneal neuropathy as a potential complication of vincristine administration.","Bsisu IK, Alkharabsheh MM, Al-Zu'bi BB, Almuhaisen G, Awidi AS, Samarah OQ",,,The American journal of case reports,,2019,no,"The paper does not investigate consciousness, states of consciousness, or transitions between conscious states. It does not explicitly interpret findings in relation to consciousness or neural signatures/mechanisms of consciousness. The paper focuses entirely on the clinical presentation, diagnosis, and treatment of a specific medical condition (kaposiform hemangioendothelioma).",no,"While the paper is an empirical research article (a case report), it is not the type of empirical research relevant to the systematic review's focus on consciousness studies. Case reports are typically considered lower-level evidence and this one does not contain the type of empirical research relevant to the review.",no,"The paper does not analyze any neural data. The only measurements mentioned are clinical (D-dimer and fibrinogen levels) and histopathological findings. There is no EEG, fMRI, or any other type of neural recording or analysis.",no,"The paper does not apply any complexity-family measures. The analysis is purely clinical and histopathological, with no quantitative complexity analysis of any kind.",Exclude,"This medical case report about a vascular tumor fails to meet any of the specified screening criteria related to consciousness research. The paper contains no investigation of consciousness, neural data analysis, or complexity measures, and is fundamentally a clinical report about a specific medical condition. Consequently, it does not qualify for inclusion in a systematic review focused on consciousness and neural complexity research.",,Other / below screening threshold,0.1
Deep-Learning-Based Classification of Cyclic-Alternating-Pattern Sleep Phases.,"Determining the cyclic-alternating-pattern (CAP) phases in sleep using electroencephalography (EEG) signals is crucial for assessing sleep quality. However, most current methods for CAP classification primarily rely on classical machine learning techniques, with limited implementation of deep-learning-based tools. Furthermore, these methods often require manual feature extraction. Herein, we propose a fully automatic deep-learning-based algorithm that leverages convolutional neural network architectures to classify the EEG signals via their time-frequency representations. Through our investigation, we explored using time-frequency analysis techniques and found that Wigner-based representations outperform the commonly used short-time Fourier transform for CAP classification. Additionally, our algorithm incorporates contextual information of the EEG signals and employs data augmentation techniques specifically designed to preserve the time-frequency structure. The model is developed using EEG signals of healthy subjects from the publicly available CAP sleep database (CAPSLPDB) on Physionet. An experimental study demonstrates that our algorithm surpasses existing machine-learning-based methods, achieving an accuracy of 77.5% on a balanced test set and 81.8% when evaluated on an unbalanced test set. Notably, the proposed algorithm exhibits efficiency and scalability, making it suitable for on-device implementation to enhance CAP identification procedures.","Kahana Y, Aberdam A, Amar A, Cohen I",,,"Entropy (Basel, Switzerland)",,2023,maybe,"The paper focuses on sleep and specifically cyclic-alternating-pattern (CAP) phases, which are related to states of consciousness. Sleep is explicitly mentioned as one of the valid consciousness states in the criteria. However, the paper doesn't explicitly interpret findings in relation to consciousness mechanisms or neural signatures of consciousness. It's more focused on the technical classification of sleep patterns.",yes,"This is clearly an empirical research article that presents original research with experimental results, including specific accuracy metrics (77.5% and 81.8%). It meets this criterion fully.",yes,"The study directly analyzes EEG data, which is explicitly listed as an eligible neural recording type in the criteria. The paper uses empirical EEG signals from the CAPSLPDB database and applies time-frequency analysis techniques. This criterion is fully met.",no,"While the paper uses time-frequency analysis (Wigner-based representations and short-time Fourier transform), it doesn't explicitly mention applying any of the specific complexity-family measures listed in the criteria. The analysis appears to be more focused on machine learning classification rather than complexity analysis. This criterion is not clearly met based on the information provided.",Include,"This empirical research article uses EEG data to analyze sleep patterns, meeting criteria for neural data application and study type. While the study involves sleep states related to consciousness, it lacks explicit complexity-family measures and does not directly interpret findings in terms of consciousness mechanisms. The paper demonstrates technical classification of sleep phases using machine learning techniques, but falls short of fully addressing all screening criteria.",,,3.1
Difficulty-related changes in inter-regional neural synchrony are dissociated between target and non-target processing.,"The major purpose of this study was to explore the changes in the local/global gamma-band neural synchronies during target/non-target processing due to task difficulty under an auditory three-stimulus oddball paradigm. Multichannel event-related potentials (ERPs) were recorded from fifteen healthy participants during the oddball task. In addition to the conventional ERP analysis, we investigated the modulations in gamma-band activity (GBA) and inter-regional gamma-band phase synchrony (GBPS) for infrequent target and non-target processing due to task difficulty. The most notable finding was that the difficulty-related changes in inter-regional GBPS (33-35 Hz) at P300 epoch (350-600 ms) completely differed for target and non-target processing. As task difficulty increased, the GBPS significantly reduced for target processing but increased for non-target processing. This result contrasts with the local neural synchrony in gamma-bands, which was not affected by task difficulty. Another major finding was that the spatial patterns of functional connectivity were dissociated for target and non-target processing with regard to the difficult task. The spatial pattern for target processing was compatible with the top-down attention network, whereas that for the non-target corresponded to the bottom-up attention network. Overall, we found that the inter-regional gamma-band neural synchronies during target/non-target processing change significantly with task difficulty and that this change is dissociated between target and non-target processing. Our results indicate that large-scale neural synchrony is more relevant for the difference in information processing between target and non-target stimuli.","Choi JW, Cha KS, Choi JD, Jung KY, Kim KH",,,Brain research,,2015,maybe,"The paper investigates neural processing during an oddball task, which involves conscious attention and perception. While not explicitly focused on consciousness as its primary topic, it examines neural mechanisms of conscious information processing through target/non-target discrimination. The study of gamma-band synchrony and attention networks is relevant to understanding neural correlates of consciousness. However, the consciousness connection is somewhat indirect.",yes,This is clearly an empirical research article with original data collection and analysis. The study includes 15 participants and presents specific methodological details and results.,yes,The study uses multichannel event-related potentials (ERPs) and analyzes gamma-band activity and phase synchrony. This is clearly empirical neural data analysis.,maybe,"The study applies phase synchrony measures (GBPS) and analyzes functional connectivity patterns. While these are quantitative measures of neural coordination, they don't explicitly fall into the listed complexity-family measures. However, phase synchrony analysis can be considered related to information-theoretic measures of neural coordination.",Include,"This empirical research article presents a neural study using multichannel event-related potentials, analyzing gamma-band activity and phase synchrony during an oddball task. The work involves quantitative neural data analysis with partial connections to complexity-family measures and an indirect exploration of conscious information processing mechanisms. While not explicitly focused on consciousness, the study provides insights into neural coordination during target and non-target stimulus discrimination.",,,4
European guidelines on perioperative venous thromboembolism prophylaxis: Neurosurgery.,": Although there are numerous publications addressing venous thromboembolism and its prevention in neurosurgery, there are relatively few high-quality studies to guide decisions regarding thromboprophylaxis. In patients undergoing craniotomy, we recommend that if intermittent pneumatic compression (IPC) is used, it should be applied before the surgical procedure or on admission (Grade 1C). In craniotomy patients at particularly high risk for venous thromboembolism, we suggest considering the initiation of mechanical thromboprophylaxis with IPC preoperatively with addition of low molecular weight heparin (LMWH) postoperatively when the risk of bleeding is presumed to be decreased (Grade 2C). In patients with non-traumatic intracranial haemorrhage, we suggest thromboprophylaxis with IPC (Grade 2C). For patients who have had non-traumatic intracranial haemorrhage, we suggest giving consideration to commencement of LMWH or low-dose unfractionated heparin when the risk of bleeding is presumed to be low (Grade 2C). We suggest continuing thromboprophylaxis until full mobilisation of the patient (Grade 2C). For patients undergoing spinal surgery with no additional risk factors, we suggest no active thromboprophylaxis intervention apart from early mobilisation (Grade 2C). For patients undergoing spinal surgery with additional risk factors, we recommend starting mechanical thromboprophylaxis with IPC (Grade 1C), and we suggest the addition of LMWH postoperatively when the risk of bleeding is presumed to be decreased (Grade 2C).","Faraoni D, Comes RF, Geerts W, Wiles MD",,,European journal of anaesthesiology,,2018,no,"The paper does not investigate consciousness, states of consciousness, or transitions between conscious states. It is focused entirely on venous thromboembolism prevention in neurosurgical patients, with no mention of consciousness or neural mechanisms of consciousness.",yes,"While the paper appears to be a systematic review or clinical guideline, it is focused on clinical outcomes rather than empirical research on consciousness or neural mechanisms.",no,"The paper shows no evidence of analyzing neural data. The focus is entirely on clinical interventions (IPC, LMWH) and patient outcomes related to thromboprophylaxis.",no,There is no mention or indication of any complexity-family measures being applied. The paper appears to focus on clinical recommendations based on risk assessment and patient outcomes.,Exclude,"This clinical guideline paper on thromboprophylaxis in neurosurgical patients does not address consciousness research, neural data analysis, or complexity-family measures. The abstract focuses exclusively on clinical interventions for preventing venous thromboembolism, completely missing the required screening criteria related to consciousness and neural complexity. Consequently, the paper does not meet the essential requirements for inclusion in the targeted research domain.",,Other / below screening threshold,0.1
Graph models of brain state in deep anesthesia reveal sink state dynamics of reduced spatiotemporal complexity.,"Anesthetisia is an important surgical and explorative tool in the study of consciousness. Much work has been done to connect the deeply anesthetized condition with decreased complexity. However, anesthesia-induced unconsciousness is also a dynamic condition in which functional activity and complexity may fluctuate, being perturbed by internal or external (e.g., noxious) stimuli. We use fMRI data from a cohort undergoing deep propofol anesthesia to investigate resting state dynamics using dynamic brain state models and spatiotemporal network analysis. We focus our analysis on group-level dynamics of brain state temporal complexity, functional activity, connectivity, and spatiotemporal modularization in deep anesthesia and wakefulness. We find that in contrast to dynamics in the wakeful condition, anesthesia dynamics are dominated by a handful of sink states that act as low-complexity attractors to which subjects repeatedly return. On a subject level, our analysis provides tentative evidence that these low-complexity attractor states appear to depend on subject-specific age and anesthesia susceptibility factors. Finally, our spatiotemporal analysis, including a novel spatiotemporal clustering of graphs representing hidden Markov models, suggests that dynamic functional organization in anesthesia can be characterized by mostly unchanging, isolated regional subnetworks that share some similarities with the brain's underlying structural connectivity, as determined from normative tractography data.","Wilsenach JB, Deane CM, Reinert G, Warnaby K",,,"Network neuroscience (Cambridge, Mass.)",,2025,yes,The paper directly investigates consciousness through the study of anesthesia-induced unconsciousness and compares it with wakefulness. It explicitly examines neural dynamics during transitions between conscious states (wakefulness vs. deep anesthesia) and interprets findings in relation to consciousness mechanisms.,yes,This is clearly an empirical research article presenting original analysis of fMRI data from a cohort of subjects. The abstract describes specific methods and results from data analysis.,yes,"The study directly analyzes empirical neural data using fMRI, including resting state dynamics and functional connectivity analysis. They also incorporate structural connectivity data from tractography.",yes,"The study explicitly applies multiple complexity-family measures, including temporal complexity analysis of brain states, spatiotemporal network analysis, dynamic brain state models, spatiotemporal modularization analysis, and graph-based analysis of hidden Markov models. The paper not only applies these measures but makes them central to its analysis, using them to characterize differences between conscious and unconscious states.",Include,"This empirical research article comprehensively investigates consciousness through advanced neural complexity analysis of fMRI data during anesthesia and wakefulness. By applying sophisticated quantitative measures to empirical neural recordings, the study provides novel insights into brain state dynamics across conscious and unconscious conditions. The research systematically examines neural complexity, functional connectivity, and spatiotemporal network characteristics, meeting all key screening criteria for consciousness research.",,,4.9
Awareness- and Arousal-specific Brain Analysis Predicts Spinal Cord Stimulation Effectiveness in Disorders of Consciousness.,"Spinal cord stimulation (SCS) is an advanced treatment for disorders of consciousness (DoC), but its success rate varies between 30 and 60%, and consciousness-related biomarkers are urgently needed for SCS assessment and optimization. This paper proposes an awareness- and arousal-specific brain analysis (AAA) method to encode these two consciousness dimensions and construct consciousness-related features to predict SCS outcomes of DoC patients. Firstly, electroencephalo gram (EEG) brain signals were collected from twenty-eight DoC patients during SCS treatment. Then, dynamic brain networks are formulated based on sliding-window correlation analysis of weighted phase lag index. Afterwards, a hierarchical network decomposition algorithm was developed to resolve the dynamic networks into consciousness related networks by elaborating data-driven optimization of non-negative matrix factorization and consciousness related variability. Further, consciousness features are designed to quantify the activation, interaction, and stability of awareness- and arousal-specific networks, and a support vector machine is trained for classification of SCS treatment effectiveness. Clinical results showed that our method achieved an overall prediction accuracy of 88%, which is significantly better than clinical accuracy of 50% by doctors. Moreover, our method outperformed existing EEG-based approaches in both prediction accuracy and pathology interpretability. The proposed awareness- and arousal-specific brain analysis method establishes a pivotal framework for precise and reliable SCS treatment of DoC.","Lu J, Ge Q, Liu Y, He J, Han J, Yu N",,,IEEE journal of biomedical and health informatics,,2026,yes,"The paper directly investigates disorders of consciousness (DoC) and explicitly focuses on consciousness-related biomarkers. It specifically analyzes awareness and arousal dimensions of consciousness, which are core aspects of conscious states. The study is clearly situated within consciousness research.",yes,This is clearly an empirical research article with original data collection and analysis. The study includes 28 DoC patients and presents quantitative results with specific accuracy metrics (88% prediction accuracy).,yes,"The study explicitly uses EEG data from patients, which is a primary neural recording method. They analyze brain signals using phase lag index and develop dynamic brain networks from this data.",yes,"The paper applies multiple complexity-family measures, including weighted phase lag index (wPLI) for network analysis, dynamic brain network analysis, non-negative matrix factorization, network decomposition algorithms, and quantification of network activation, interaction, and stability. The paper not only applies these measures but does so as a primary analysis to understand consciousness-related features and predict treatment outcomes.",Include,"This empirical research article comprehensively investigates disorders of consciousness using EEG data, applying sophisticated neural network analysis techniques to quantify awareness and arousal dimensions. The study meets all screening criteria by presenting original research with quantitative complexity measures, analyzing empirical neural data, and directly addressing consciousness research through a novel methodological framework. Its rigorous approach to understanding consciousness-related biomarkers demonstrates a high-quality scientific investigation.",,,4.9
Microvascular decompression in the treatment of trigeminal neuralgia caused by vertebrobasilar ectasia.,"BACKGROUND: Vertebrobasilar ectasia (VBE) is a rare cause of trigeminal neuralgia (TN). It occurs in about 2% of all patients. OBJECTIVE: This study reviewed the clinical features, radiological concomitants, and surgical findings of VBE and evaluate the microsurgical decompression procedure as a surgical line of treatment of the associated TN. METHODS: Ten patients with TN caused by VBE and treated by microvascular decompression are the subject of this study. The study consisted of 6 men and 4 women with a mean age of 54 years. The mean duration of symptoms was 4.5 years. TN was the only symptom in 6 patients; it was associated with hemifacial spasm in 4. Arterial hypertension was present in 6 patients. Multiplanar high-resolution magnetic resonance imaging showed the accurate location and course of the ectatic vessel. Magnetic resonance angiography and digital subtraction angiography confirmed the diagnosis. Surgery demonstrated fifth nerve compression by an ectatic and tortuous vertebrobasilar artery in all cases and seventh nerve compression in 4 cases. Teflon felt was placed between the ectatic artery and compressed nerves. RESULTS: There was complete resolution of TN in 8 patients (80%) and hemifacial spasm in 3 (75%) without medication. Four of 6 hypertensive patients (66.7%) achieved normotension without medication. There was no recurrence of symptoms in the mean follow-up period of 7.8 years. CONCLUSION: Microvascular decompression is recommended for the treatment of TN caused by VBE if medical treatment has failed, if the patient is suitable for general anesthesia, and if there is evidence of vascular compression of the trigeminal nerve on magnetic resonance imaging.",El-Ghandour NM,,,Neurosurgery,,2010,no,"The paper does not investigate consciousness, states of consciousness, or transitions between conscious states. It is a clinical study focused on surgical treatment of a specific neurological condition, and does not explicitly interpret findings in relation to consciousness or neural signatures/mechanisms of consciousness.",yes,"The paper is an empirical research article reporting on a clinical case series of 10 patients, which meets the criterion for an eligible study type.",no,"While the study uses imaging techniques (MRI, MRA, DSA), these are used for anatomical visualization and diagnosis rather than analyzing neural activity or function. There is no analysis of neural recordings or functional brain data.",no,"The study does not apply any complexity-family measures. The analysis is purely clinical and anatomical, focusing on surgical outcomes and diagnostic imaging findings, without any mention of complexity measures or neural signal analysis.",Exclude,"This clinical study on vertebrobasilar ectasia fails to meet key screening criteria related to consciousness research, lacking investigation of conscious states, neural complexity measures, or empirical neural data analysis. While the paper represents an empirical research article, its focus on surgical treatment and diagnostic imaging does not align with the systematic review's requirements for consciousness and neural complexity research.",,Other / below screening threshold,0.1
Cell-Type Specific Burst Firing Interacts with Theta and Beta Activity in Prefrontal Cortex During Attention States.,"Population-level theta and beta band activity in anterior cingulate and prefrontal cortices (ACC/PFC) are prominent signatures of self-controlled, adaptive behaviors. But how these rhythmic activities are linked to cell-type specific activity has remained unclear. Here, we suggest such a cell-to-systems level linkage. We found that the rate of burst spiking events is enhanced particularly during attention states and that attention-specific burst spikes have a unique temporal relationship to local theta and beta band population-level activities. For the 5-10 Hz theta frequency range, bursts coincided with transient increases of local theta power relative to nonbursts, particularly for bursts of putative interneurons. For the 16-30 Hz beta frequency, bursts of putative interneurons phase synchronized stronger than nonbursts, and were associated with larger beta power modulation. In contrast, burst of putative pyramidal cells showed similar beta power modulation as nonbursts, but were accompanied by stronger beta power only when they occurred early in the beta cycle. These findings suggest that in the ACC/PFC during attention states, mechanisms underlying burst firing are intimately linked to narrow band population-level activities, providing a cell-type specific window into rhythmic inhibitory gating and the emergence of rhythmically coherent network states during goal directed behavior.","Voloh B, Womelsdorf T",,,"Cerebral cortex (New York, N.Y. : 1991)",,2018,maybe,"The paper investigates neural mechanisms during attention states, which is related to consciousness but not explicitly focused on consciousness itself. While attention is a fundamental aspect of conscious processing, the paper appears to focus more on the neural mechanisms of attention rather than consciousness per se. The findings are not explicitly interpreted in relation to consciousness or its neural signatures.",yes,"This appears to be an empirical research article with original experimental data and analysis. The abstract describes specific findings from neural recordings and their analysis, indicating this is a primary research paper rather than a commentary or theoretical piece.",yes,"The study clearly analyzes empirical neural data, specifically examining population-level theta and beta band activity in anterior cingulate and prefrontal cortices (ACC/PFC). They analyze both population-level activity and single-unit recordings (burst spiking events).",maybe,"While the study analyzes neural data quantitatively, it's not clear from the abstract whether it specifically applies complexity-family measures as defined in the criteria. The analysis appears to focus on phase synchronization, power modulation, and temporal relationships between bursts and oscillatory activity, but doesn't explicitly mention entropy, information theory measures, or other specified complexity measures.",Include,"The study presents an empirical neural research paper analyzing population-level and single-unit neural activity during attention states, with strong evidence of neural data application. While the research touches on mechanisms potentially related to conscious processing, it does not explicitly frame findings in consciousness research terms, and the application of complexity-family measures remains unclear from the abstract.",,,3.2
The Suspected Cauda Equina Syndrome Score (SuCESS) : development and validation of a clinical triage tool.,"AIMS: Cauda equina syndrome (CES) is a rare but critical spinal emergency. However, over 80% of urgent MRIs for suspected CES show no cauda equina compression. This diagnostic uncertainty places strain on imaging services and delays care. We aimed to develop and validate a clinical triage tool, the Suspected Cauda Equina Syndrome Score (SuCESS), to safely exclude CES and improve the accuracy of triage. METHODS: We retrospectively developed the SuCESS score using the records of 259 patients who had been referred to a UK tertiary spinal unit between 2016 and 2018. Six clinical variables - saddle anaesthesia, reduced perianal sensation, motor weakness, bilateral sciatica, bladder post-void residual volume (PVR), and urethral catheterization - were identified using multivariable logistic regression, random forest, and XGBoost, and combined into an eight-point scoring system. Penalized regression was applied to minimize overfitting. External validation was undertaken using two temporally independent cohorts from 2020 and 2023 (n = 444). Primary outcomes were sensitivity and negative predictive value (NPV) for surgically confirmed CES. Model performance was assessed using area under the curve (AUC), Brier scores, calibration plots, and decision curve analysis. RESULTS: At a threshold of ≥ 3.0, SuCESS achieved 100% sensitivity and 100% negative predictive value across all cohorts, correctly identifying all 64 cases of confirmed CES. Specificity increased from 37% in the development cohort to 54% after validation. AUC improved from 0.70 to 0.85, and Brier scores improved from 0.26 to 0.13. Use of the score might have safely deferred 38.7% of urgent MRIs, based solely on bedside clinical data. CONCLUSION: SuCESS is the first validated triage tool for CES to show perfect sensitivity. It offers a pragmatic and safe framework for reducing unnecessary MRI requests and for improving diagnostic accuracy in urgent spinal referrals.","Najjar E, Khan S, Masarwa R, Grevitt MP",,,The bone & joint journal,,2026,no,"The paper does not investigate consciousness, states of consciousness, or transitions between conscious states. It focuses on a specific neurological condition (cauda equina syndrome) and does not explicitly interpret findings in relation to consciousness or neural mechanisms of consciousness.",yes,"The paper is an empirical research article that develops and validates a clinical scoring system, including both development and validation cohorts with clear empirical results.",no,"The study does not analyze neural data in the sense specified by the criteria. While it involves neurological assessment (sensory and motor function), it does not use any of the specified neural recording methods (EEG, MEG, fMRI, etc.). The data collected is clinical rather than neural physiological data.",no,"The study uses statistical methods (logistic regression, random forest, XGBoost) and validation metrics (AUC, Brier scores), but these are not complexity-family measures as specified in the criteria. There is no application of entropy measures, information theory metrics, or other complexity measures mentioned in the criteria.",Exclude,"This clinical study on cauda equina syndrome fails to meet key screening criteria related to consciousness research, neural data analysis, and complexity-family measures. While an empirical research article, the paper does not investigate consciousness states, analyze neural physiological data, or apply specified complexity metrics. The research is fundamentally a clinical diagnostic tool development study outside the systematic review's targeted scope.",,Other / below screening threshold,0.1
Topological Reorganization and Resting-State Functional Connectivity in Functional Dyspepsia: Associations of Symptoms with Peripheral Cytokine Levels and Amygdala Nodal Centrality.,"Functional dyspepsia (FD) is a symptom-based disorder of gut-brain interactions, causing epigastric pain or discomfort, with immune activation presumed to play a key role. Peripheral cytokines contribute to hyperalgesia and are thought to be related to the severity of FD symptoms, while brain functional networks are also involved in these symptoms, although the mechanisms underlying these relationships remain unclear. This study aims to investigate the topological reorganization of brain functional networks in FD and their associations with peripheral cytokines, FD symptoms, anxiety, and depression. Resting-state functional magnetic resonance imaging was conducted on 40 FD patients and 40 healthy controls, assessing topological changes using small-world properties, network efficiency, nodal centrality, and whole-brain functional connectivity. FD patients had higher anxiety and depression scores than healthy controls, along with greater global efficiency, local efficiency, and clustering coefficient. They also had higher nodal centralities in the salience network (SN) and prefrontal cortex, but lower nodal centralities in the default mode network (DMN). Specifically, the nodal local efficiency of the right amygdala correlated with clinical symptom scores in FD. Whole-brain functional disconnection was found in the DMN, SN and sensorimotor network (SMN). FD patients also exhibited higher peripheral cytokines, particularly tumor necrosis factor-α (TNF-α) and interleukin-10 (IL-10), which were positively correlated with gastrointestinal symptoms. In conclusion, FD patients showed significant topological reorganization in the DMN, SN, and SMN. Furthermore, the right amygdala's nodal local efficiency was correlated with clinical symptom severity, and elevated TNF-α and IL-10 levels were associated with gastrointestinal symptom severity in FD.","Chi J, Zhang C, He Y, Lu Y, Yao X, Jin Y, Ding N, Ji Y, Hu C",,,Molecular neurobiology,,2025,no,"The paper does not explicitly investigate consciousness or states of consciousness. While it studies brain functional networks and their relationship to symptoms, these are not directly related to consciousness mechanisms or states. The focus is on functional dyspepsia and its relationship to brain networks and cytokines, and the study does not interpret findings in relation to consciousness or its neural signatures.",yes,"The paper is clearly an empirical research article with original data collection and analysis. It includes 40 FD patients and 40 healthy controls, with clear methodology and results.",yes,"The study uses resting-state functional magnetic resonance imaging (fMRI) to analyze brain functional networks, which is a valid form of empirical neural data analysis.",maybe,"The study applies several quantitative measures to analyze brain networks, including small-world properties, network efficiency, nodal centrality, whole-brain functional connectivity, local efficiency, and clustering coefficient. While these are quantitative measures of network properties, they don't strictly fall into the ""complexity-family measures"" specified in the criteria, as they are more focused on network topology and connectivity rather than complexity measures like entropy, information theory, or criticality measures.",Include,"This empirical research study uses fMRI to analyze brain functional networks in functional dyspepsia patients, but does not investigate consciousness or apply complexity-family measures as specified in the screening criteria. While the paper provides a rigorous neural data analysis, it lacks direct relevance to consciousness research and does not employ the specific quantitative complexity measures required for inclusion.",,,2.5
Timescales of Intrinsic BOLD Signal Dynamics and Functional Connectivity in Pharmacologic and Neuropathologic States of Unconsciousness.,"Environmental events are processed on multiple timescales via hierarchical organization of temporal receptive windows (TRWs) in the brain. The dependence of neural timescales and TRWs on altered states of consciousness is unclear. States of reduced consciousness are marked by a shift toward slowing of neural dynamics (<1 Hz) in EEG/ECoG signals. We hypothesize that such prolongation of intrinsic timescales are also seen in blood-oxygen-level-dependent (BOLD) signals. To test this hypothesis, we measured the timescales of intrinsic BOLD signals using mean frequency (MF) and temporal autocorrelation (AC) in healthy volunteers (n = 23; male/female 14/9) during graded sedation with propofol. We further examined the relationship between the intrinsic timescales (local/voxel level) and its regional connectivity (across neighboring voxels; regional homogeneity, ReHo), global (whole-brain level) functional connectivity (GFC), and topographical similarity (Topo). Additional results were obtained from patients undergoing deep general anesthesia (n = 12; male/female: 5/7) and in patients with disorders of consciousness (DOC) (n = 21; male/female: 14/7). We found that MF, AC, and ReHo increased, whereas GFC and Topo decreased, during propofol sedation. The local alterations occur before changes of distant connectivity. Conversely, all of these parameters decreased in deep anesthesia and in patients with DOC. We conclude that propofol synchronizes local neuronal interactions and prolongs the timescales of intrinsic BOLD signals. These effects may impede communication among distant brain regions. Furthermore, the intrinsic timescales exhibit distinct dynamic signatures in sedation, deep anesthesia, and DOC. These results improve our understanding of the neural mechanisms of unconsciousness in pharmacologic and neuropathologic states.SIGNIFICANCE STATEMENT Information processing in the brain occurs through a hierarchy of temporal receptive windows (TRWs) in multiple timescales. Anesthetic drugs induce a reversible suppression of consciousness and thus offer a unique opportunity to investigate the state dependence of neural timescales. Here, we demonstrate for the first time that sedation with propofol is accompanied by the prolongation of the timescales of intrinsic BOLD signals presumably reflecting enlarged TRWs. We show that this is accomplished by an increase of local and regional signal synchronization, effects that may disrupt information exchange among distant brain regions. Furthermore, we show that the timescales of intrinsic BOLD signals exhibit distinct dynamic signatures in sedation, deep anesthesia, and disorders of consciousness.","Huang Z, Liu X, Mashour GA, Hudetz AG",,,The Journal of neuroscience : the official journal of the Society for Neuroscience,,2018,yes,"The study explicitly focuses on consciousness and altered states, specifically investigating neural dynamics during sedation, deep anesthesia, and disorders of consciousness (DOC). It directly examines how neural timescales change across different states of consciousness and interprets findings in relation to neural mechanisms of unconsciousness.",yes,"This is clearly an empirical research article with original data collection and analysis. The study includes multiple experimental groups (healthy volunteers n=23, patients under anesthesia n=12, and DOC patients n=21) and presents original empirical findings.",yes,"The study analyzes multiple types of empirical neural data, including BOLD signals (fMRI) and EEG/ECoG signals. The analysis includes various neural measures including mean frequency, temporal autocorrelation, regional homogeneity, and global functional connectivity.",yes,"The study applies several quantitative measures that fall within the complexity-family, including temporal autocorrelation (AC), mean frequency (MF), regional homogeneity (ReHo), global functional connectivity (GFC), and topographical similarity (Topo). These measures are used as primary analyses to investigate neural dynamics and complexity across different states of consciousness.",Include,"This empirical research article comprehensively investigates neural dynamics across different states of consciousness using multiple neural data types and sophisticated complexity measures. The study systematically analyzes BOLD signals, EEG/ECoG data, and various quantitative metrics to explore neural timescales and mechanisms of unconsciousness in sedation, anesthesia, and disorders of consciousness. By applying advanced complexity-family measures and examining multiple experimental groups, the research provides novel insights into the neural signatures of altered conscious states.",,,4.9
Decompensation of a Thoracic Meningioma Below the Operated Level: A Dramatic and Unexpected Complication.,"BACKGROUND: Paraplegia after lumbar spinal surgery has been previously described. It was generally provoked by a missed thoracic compression because of degenerative processes, arachnoid cyst, and spinal cord tumor such as meningioma. We describe here a case of a patient with neurofibromatosis type 2 (NF-2) with multiple spinal meningiomas that developed postoperative paraplegia because of decompensation of spinal cord compression below and far from the operated level. CASE DESCRIPTION: A 54-year-old woman with NF-2 was followed-up for multiple spinal meningiomas (C7-T1, T6-7, T9-10 levels). Surgery for the symptomatic and larger lesion (C7-T1) was scheduled. Postoperatively, the patient was found to have paraplegia with sensor anesthesia below the level of the T6 vertebra. An urgent spinal magnetic resonance imaging (MRI) scan was performed revealing the absence of complication at the operated level (C7-T1) but the appearance of a marked intramedullary hyperintensity at the T6-7 level. An urgent T6-7 laminectomy and removal of the meningioma was performed. The postoperative phase was marked by a poor recuperation. Spinal MRI scan at 3 months clearly showed a severely injured spinal cord at the T6-7 level consistent with the neurologic status of the patient. CONCLUSIONS: We report here the first case of acute neurologic deterioration after decompensation of a spinal cord compression below the operated level in spinal intradural surgery. Neurosurgeons must be aware of this possible complication when treating patients with multiple spinal meningiomas.","Giammattei L, Penet N, Padovan S, Florea M, Ducos Y, di Russo P, Froelich S",,,World neurosurgery,,2020,no,"The paper does not investigate consciousness, states of consciousness, or transitions between conscious states. It focuses on a clinical case of paraplegia following spinal surgery, which involves neurological outcomes but does not specifically relate to consciousness or its mechanisms.",yes,"The paper is an empirical research article presenting a clinical case study, which meets the criterion for an eligible study type.",no,"The paper uses MRI imaging to assess spinal cord injury, but does not analyze neural data in the sense specified by the criteria (EEG, MEG, fMRI/BOLD, ECoG/iEEG, etc.). The imaging is used for anatomical assessment rather than neural activity analysis.",no,"The paper does not apply any of the specified complexity-family measures. The analysis is purely clinical and anatomical, without any quantitative complexity analysis of neural signals or patterns.",Exclude,"This clinical case report fails to meet the systematic review's core screening criteria, particularly those related to consciousness research, neural data analysis, and complexity-family measures. While the paper is an empirical research article, it focuses on surgical complications and anatomical outcomes rather than investigating consciousness or applying specified neural complexity techniques. Consequently, the study does not align with the review's targeted research parameters.",,Other / below screening threshold,0.1
THOI: An efficient and accessible library for computing higher-order interactions enhanced by batch-processing.,"Complex systems are characterized by nonlinear dynamics, multi-level interactions, and emergent collective behaviors. Traditional analyses that focus solely on pairwise interactions often oversimplify these systems, neglecting the higher-order interactions critical for understanding their full collective dynamics. Recent advances in multivariate information theory provide a principled framework for quantifying these higher-order interactions, capturing key properties such as redundancy, synergy, shared randomness, and collective constraints. However, two major challenges persist: accurately estimating joint entropies and addressing the combinatorial explosion of interacting terms. To overcome these challenges, we introduce THOI (Torch-based High-Order Interactions), a novel, accessible, and efficient Python library for computing high-order interactions in continuous-valued systems. THOI leverages the well-established Gaussian copula method for joint entropy estimation, combined with state-of-the-art batch and parallel processing techniques to optimize performance across CPU, GPU, and TPU environments. Our results demonstrate that THOI significantly outperforms existing tools in terms of speed and scalability. Specifically, THOI reduces the time required to exhaustively analyze all interactions in small systems (≤ 30 variables). For larger systems, where exhaustive analysis is computationally impractical, THOI integrates optimization strategies that make higher-order interaction analysis feasible. We validate THOI's accuracy using synthetic datasets with parametrically controlled interactions and further illustrate its utility by analyzing fMRI data from human subjects in wakeful resting states and under deep anesthesia. Finally, we analyzed over 900 real-world and synthetic datasets, establishing a comprehensive framework for applying higher-order interaction (HOI) analysis in complex systems. THOI opens new perspectives for testing both established and novel hypotheses about the multi-level, nonlinear, and multidimensional nature of complex systems.","Belloli L, Mediano PAM, Cofré R, Slezak DF, Herzog R",,,PloS one,,2026,maybe,"The paper includes some analysis of consciousness-related states, specifically mentioning ""wakeful resting states and under deep anesthesia."" However, this appears to be just one application example rather than the primary focus of the research. The paper is primarily about developing a computational tool (THOI) for analyzing high-order interactions in complex systems.",yes,This appears to be an empirical research article that includes both methodological development and validation using real-world data. It meets this criterion as it presents empirical results and validation studies.,yes,"The paper does include analysis of fMRI data from human subjects, which meets this criterion. However, this appears to be just one example application rather than the main focus of the research.",maybe,"The paper focuses on high-order interactions and information theory measures, including joint entropies and higher-order interaction analysis. While these are related to complexity measures, they are presented as a general tool rather than specifically as complexity-family measures. The focus seems to be on developing a computational tool rather than applying established complexity measures to understand consciousness.",Include,"A computational tool development paper that partially addresses consciousness research through limited fMRI analysis of wakeful and anesthetic states, with methodological focus on high-order interaction analysis. While the study includes empirical neural data and touches on consciousness-related contexts, it primarily presents a computational approach rather than a direct investigation of consciousness mechanisms. The research provides a potential framework for future consciousness studies but does not centrally focus on understanding consciousness through complexity measures.",,,2.9
Hubs of brain functional networks are radically reorganized in comatose patients.,"Human brain networks have topological properties in common with many other complex systems, prompting the following question: what aspects of brain network organization are critical for distinctive functional properties of the brain, such as consciousness? To address this question, we used graph theoretical methods to explore brain network topology in resting state functional MRI data acquired from 17 patients with severely impaired consciousness and 20 healthy volunteers. We found that many global network properties were conserved in comatose patients. Specifically, there was no significant abnormality of global efficiency, clustering, small-worldness, modularity, or degree distribution in the patient group. However, in every patient, we found evidence for a radical reorganization of high degree or highly efficient ""hub"" nodes. Cortical regions that were hubs of healthy brain networks had typically become nonhubs of comatose brain networks and vice versa. These results indicate that global topological properties of complex brain networks may be homeostatically conserved under extremely different clinical conditions and that consciousness likely depends on the anatomical location of hub nodes in human brain networks.","Achard S, Delon-Martin C, Vértes PE, Renard F, Schenck M, Schneider F, Heinrich C, Kremer S, Bullmore ET",,,Proceedings of the National Academy of Sciences of the United States of America,,2012,yes,"The paper explicitly investigates consciousness by comparing brain network organization between comatose patients (severely impaired consciousness) and healthy volunteers. The study directly addresses the relationship between brain network topology and consciousness, making this a central focus of the research.",yes,"This is clearly an empirical research article presenting original analysis of fMRI data from 17 patients and 20 healthy volunteers. The study includes actual data collection and analysis, not just theoretical discussion.",yes,"The study analyzes resting state functional MRI data, which is explicitly mentioned in the abstract. This is a valid form of empirical neural data analysis as specified in the criteria.",yes,"The study applies multiple quantitative complexity-family measures, specifically graph theoretical methods, network topology analysis, global efficiency measures, clustering analysis, small-worldness measures, modularity analysis, and degree distribution analysis. These are all valid complexity-family measures applied as primary analyses.",Include,"This empirical research study comprehensively investigates consciousness through advanced neural network analysis of fMRI data, comparing brain topology between comatose patients and healthy volunteers. By applying multiple quantitative complexity measures like graph theory and network efficiency, the research directly explores the relationship between brain network organization and conscious states. The study meets all screening criteria through its rigorous empirical approach, systematic neural data analysis, and explicit focus on consciousness mechanisms.",,,4.9
Percutaneous vertebroplasty for symptomatic osteoporotic vertebral compression fracture adjacent to lumbar instrumented circumferential fusion.,"The purpose of this study was to evaluate the efficacy and safety of percutaneous vertebroplasty for patients with symptomatic osteoporotic vertebral compression fractures adjacent to lumbar instrumented circumferential fusion. Between January 2005 and June 2010, eighteen patients in the authors' institution with lumbar instrumented circumferential fusion had adjacent symptomatic osteoporotic vertebral compression fractures. The patients received percutaneous vertebroplasty using polymethylmethacrylate bone cement augmentation. Radiographs and magnetic resonance imaging were used. The visual analog pain scale and modified Brodsky's criteria were used to compare clinical outcomes pre- and postoperatively. Minimum follow-up was 18 months. Dual-energy x-ray absorptiometry scan confirmed osteoporosis in all patients. The average interval between fusion surgery and sustaining osteoporotic vertebral compression fractures was 24.8 months. The average interval between sustaining osteoporotic vertebral compression fractures and undergoing percutaneous vertebroplasty was 49.3 days. One-level percutaneous vertebroplasty was performed in 13 patients, and 2 levels were performed in 5 patients. The patients' visual analog pain scale scores improved by an average of 53 points postoperatively. Fifteen patients returned to preinjury activities of daily living. The average restoration of the fractured vertebral body height was 12.1%. No major surgery-related complications, occurred except asymptomatic cement leakage in 3 patients. Elderly patients undergoing lumbar instrumented fusion surgery should be aware of the possibility of adjacent vertebral compression fractures. Percutaneous vertebroplasty is a minimally invasive and effective procedure to treat such adjacent segment disease.","Yang SC, Chen HS, Kao YH, Ma CH, Tu YK, Chung KC",,,Orthopedics,,2012,no,"The paper does not investigate consciousness, states of consciousness, or transitions between conscious states. It is focused on orthopedic/spinal surgery outcomes and does not explicitly interpret findings in relation to consciousness or neural signatures/mechanisms of consciousness.",yes,"The paper is an empirical research article reporting on clinical outcomes, which meets the criterion of being an empirical study. However, its focus is entirely clinical rather than consciousness-related.",no,"The study uses radiographs and magnetic resonance imaging, but these are used for anatomical assessment rather than neural data analysis. There is no analysis of neural recordings or neural data of any kind.",no,"The study uses simple clinical outcome measures (visual analog pain scale, modified Brodsky's criteria) and basic imaging metrics. There is no application of complexity-family measures or any analysis of neural complexity.",Exclude,"This orthopedic surgical study focuses on vertebral compression fracture treatment and lacks any connection to consciousness research, neural data analysis, or complexity measures. The paper is a clinical outcomes study using standard medical imaging and pain assessment tools, completely unrelated to the specified screening criteria for consciousness and neural complexity research.",,Other / below screening threshold,0.1
A case of iatrogenic cerebral infarction demonstrated by postmortem cerebral angiography.,"A 37-year-old man with a meningioma compressing the right frontal lobe underwent preoperative embolization of the feeding vessels from the right meningeal artery. Although the first challenge was apparently successful, an excess amount of embolization agent was accidentally injected during the next procedure. X-ray monitoring demonstrated flow of contrast medium into the right internal carotid, anterior and middle cerebral arteries, and then the patient suddenly developed left hemiparesis, nausea, and deep coma. He died 48 days after the embolization treatment without improvement of the coma. A medicolegal autopsy was performed to determine whether malpractice had occurred during the embolization procedure. An internal examination demonstrated massive necrosis of the cerebral hemispheres and lobar pneumonia with abscess in the lungs. Due to the extensive brain necrosis, it was impossible to carry out ordinary macroscopic examination to identify the precise site of the craniocerebral vessel occlusion. Postmortem angiography was therefore performed, and this successfully revealed occlusion of the right internal carotid artery. In this case, postmortem angiography played a key role in identification of the intracranial vascular lesion that was responsible for the iatrogenic cerebral infarction.","Tajima Y, Takagi R, Kominato Y, Kuwayama N",,,"Legal medicine (Tokyo, Japan)",,2007,no,"The paper discusses a case of deep coma following a medical procedure, but this is not a research study investigating consciousness or its mechanisms. The coma is merely an outcome of the medical complication being studied. The paper does not explicitly interpret findings in relation to consciousness or its neural mechanisms.",no,"This appears to be a case report of a medical complication, not an empirical research article, systematic review, or meta-analysis. While it contains empirical observations, it is primarily a clinical documentation of an adverse event.",no,"The paper does not analyze any neural data. The only relevant measurements mentioned are postmortem angiography and basic clinical observations (hemiparesis, coma). There is no analysis of EEG, fMRI, or any other neural recordings.",no,"The paper does not apply any complexity-family measures. The analysis is purely anatomical and clinical, focusing on identifying the cause of death through postmortem examination.",Exclude,"This case report fails to meet the screening criteria for consciousness research, lacking empirical investigation of consciousness, neural data analysis, or complexity measures. The document primarily describes a medical complication and forensic investigation, with no substantive connection to consciousness research methodologies or neural mechanisms.",,Other / below screening threshold,0.1
Capability of processed EEG parameters to monitor conscious sedation in endoscopy is similar to general anaesthesia.,"BACKGROUND: Reliable and safe sedation is a prerequisite for endoscopic interventions. The current standard is rather safe, yet, an objective device to measure sedation depth is missing. To date, anaesthesia monitors based on processed electroencephalogram (EEG) have not been utilised in conscious sedation. OBJECTIVE: To investigate EEG parameters to differentiate consciousness in endoscopic propofol sedation. METHODS: In total, 171 patients aged 21-83 years (ASA I-III) undergoing gastrointestinal and bronchial endoscopy were enrolled. Standard monitoring and a frontotemporal two-channel EEG were recorded. The state of consciousness was identified by repeated requests to squeeze the investigator's hand. RESULTS: In total, 1132 state-of-consciousness (SOC) transitions were recorded in procedures ranging from 5 to 69 min. Thirty-four EEG parameters from the frequency domain, time-frequency domain and complexity measures were calculated. Area under the curve ranged from 0.51 to 0.82 with complexity and optimised frequency domain parameters yielding the best results. CONCLUSION: Prediction of the SOC with processed EEG parameters is feasible, and the results for sedation in endoscopic procedures are similar to those reported from general anaesthesia. These results are insufficient for a clinical application, but prediction capability may be increased with optimisation and modelling.","Garbe J, Eisenmann S, Kantelhardt JW, Duenninghaus F, Michl P, Rosendahl J",,,United European gastroenterology journal,,2021,yes,"The paper explicitly investigates states of consciousness during sedation, specifically focusing on transitions between conscious states during propofol sedation. The study directly measures and analyzes state of consciousness (SOC) transitions, which is central to consciousness research.",yes,This is clearly an empirical research article with original data collection and analysis. The study includes 171 patients with specific methodology and results.,yes,The study uses EEG recordings (frontotemporal two-channel EEG) as its primary neural data source. This is explicitly mentioned and is a core component of the methodology.,maybe,"The abstract mentions ""complexity measures"" as part of the 34 EEG parameters analyzed, and these are noted to yield ""the best results."" While specific complexity measures aren't detailed in the abstract, the mention of complexity measures alongside frequency domain parameters suggests quantitative complexity-family measures were applied.",Include,"This empirical research study investigates consciousness transitions during sedation using EEG recordings, systematically analyzing neural data across 171 patients with 1132 state-of-consciousness transitions. The research applies quantitative complexity-family measures to differentiate conscious states, meeting key criteria for consciousness research methodology. By examining neural complexity and frequency domain parameters, the study provides insights into measuring consciousness during medical procedures.",,,4.9
Quantal breathing frequency variation in halothane anaesthetised neonatal rats.,"We examined the changes in cardioventilatory synchronisation and breathing frequency variability that occur during early postnatal development in anaesthetised rats. Five-minute periods of heart rate and inspiratory timing data were recorded from 26 halothane anaesthetised, spontaneously breathing rats aged 2-14 days. The presence of cardioventilatory synchronisation was determined by examining the timing relationship between inspiratory onset and the preceding ECG R waves. We observed synchronisation at all ages, and the degree of synchronisation present (measured as the Shannon entropy of the interval between inspiration and the immediately preceding R wave) did not correlate with age. Frequent apnoeas were observed in the respiratory frequency time series. The duration of these apnoeas was close to either one or two times the duration of the immediately preceding breath. We suggest that these ""dropped breaths"" may be the consequence of a resetting of the respiratory oscillator just prior to initiation of the breath, or a gating process beneath the oscillator that intermittently blocks the mechanical initiation of breaths. Dropped breaths were seen commonly in rats up to 11 days of age, but rarely in 11-14-day old rats, and were not associated with the presence or absence of cardioventilatory synchronisation.","O'Keeffe KM, Galletly DC, Miller JH, Larsen PD",,,Respiratory physiology & neurobiology,,2005,no,"The paper does not investigate consciousness, states of consciousness, or transitions between conscious states. It focuses on cardioventilatory synchronisation and breathing patterns in anaesthetised rats, without explicitly interpreting the findings in relation to consciousness or neural signatures/mechanisms of consciousness.",yes,"The paper is an empirical research article with original data collection and analysis from 26 rats, including experimental methods and results.",no,"The study primarily analyzes cardioventilatory data (ECG and respiratory timing), which are physiological measurements rather than neural data as specified in the criteria (EEG, MEG, fMRI, etc.). The study does not analyze neural recordings.",maybe,"The study uses Shannon entropy as a measure to analyze the timing relationship between inspiratory onset and ECG R waves. While Shannon entropy is a complexity-family measure, it is being applied to physiological rather than neural data.",Exclude,"This empirical research study on rat cardioventilatory patterns fails to meet key screening criteria related to consciousness research and neural data analysis. Despite using Shannon entropy as a complexity measure, the study does not investigate consciousness mechanisms or analyze neural recordings, rendering it unsuitable for the specified review context.",,Other / below screening threshold,1.4
Acute infarction of corpus callosum due to transient obstructive hydrocephalus.,"Acute ischemia of the corpus callosum (CC) is not a well-known feature in patients with acute hydrocephalus. Herein, we describe a case with acute CC infarction due to another rare entity; transient obstructive hydrocephalus. A 66-year-old male was admitted with sudden onset right-sided hemiparesia. CT demonstrated a hematoma on the left basal ganglia with extension to all ventricles. The following day, the patient's neurological status progressed to coma and developed bilateral pyramidal signs. MRI demonstrated obstructive hydrocephalus and acute diffuse infarction accompanied by elevation of the CC. On the same day there was improvement in his neurological status with significant decrease in ventricular size and complete resolution of the clot in the third ventricle. The mechanism of signal abnormalities is probably related with the neural compression of the CC against the falx. Presumably, the clot causing obstruction in the third ventricle dissolved or decayed by the help of fibrinolytic activity of CSF, which was raised after IVH and caused spontaneous improvement of hydrocephalus. Bilateral neurological symptoms suggest diffuse axonal damage and normalization of the intracranial pressure should be performed on the early onset of clinical detorioration in order to prevent axonal injury.","Kaymakamzade B, Eker A",,,Neurologia i neurochirurgia polska,,2016,no,"The paper discusses a case of acute ischemia and hydrocephalus leading to coma, which involves altered states of consciousness. However, the study does not explicitly investigate consciousness or its neural mechanisms. The focus is primarily on clinical presentation and anatomical changes rather than consciousness-related research. The mention of coma is incidental to the main clinical focus.",maybe,"This appears to be a case report, which is a type of empirical research article. However, it's a single case study without systematic analysis or review components. While it does present empirical clinical data, it's not the type of empirical research typically included in systematic reviews of consciousness research.",no,"The paper uses CT and MRI imaging to assess anatomical changes, but does not analyze neural data in the sense specified by the criteria (EEG, MEG, fMRI/BOLD, etc.). The imaging used is structural rather than functional neural data analysis.",no,There is no application of complexity-family measures or any quantitative analysis of neural dynamics. The paper focuses on clinical presentation and structural imaging findings.,Exclude,"This case report lacks systematic investigation of consciousness, does not analyze neural data through specified methods, and fails to apply complexity-family measures. While the paper discusses a clinical case involving coma, it does not meet the core screening criteria for consciousness research, particularly regarding empirical neural data analysis and quantitative complexity measures.",,Other / below screening threshold,1.4
Acas-eer: attention-based CNN architecture search with spatial-spectral feature for emotional EEG recognition.,"Electroencephalogram (EEG)-based analysis of emotional states is important for health assessment, emotion monitoring, and treatment support. Accurate EEG emotion recognition depends on both rich emotional features and well-designed recognition models. While deep learning can automatically extract features and classify data effectively, it often fails to produce diverse emotional EEG features, and manually designing network structures is time-consuming. Neural architecture search (NAS) helps find the best network design and reduces manual effort. In this work, we propose an attention-based convolutional neural network (CNN) architecture search method using spatial-spectral features for EEG emotion recognition, called ACAS-EER. It is optimized to better match emotional EEG characteristics. Firstly, differential entropy (DE) and power spectral density (PSD) were combined to create EEG feature maps, providing more spatial and spectral information. Secondly, a search space with four lightweight attention modules was designed. The final architecture, found automatically, includes convolution, pooling, and multiple attention modules. Also, an operation-level Dropout method was used to avoid poor performance caused by too many parameterless operations. On the DEAP dataset, ACAS-EER achieved high average accuracy and F1 scores (97.40% and 97.33% for valence; 97.68% and 97.35% for arousal). It performed better than most hand-designed deep learning models and other NAS models.","Qiao Y, Zhao Q",,,Cognitive neurodynamics,,2026,maybe,"The paper focuses on emotion recognition from EEG data, which is related to but not directly focused on consciousness research. While emotional states are aspects of conscious experience, the paper doesn't explicitly investigate consciousness or its neural mechanisms. The focus is more on developing a technical method for emotion classification.",yes,This is clearly an empirical research article presenting original research with concrete results and methodology. The paper describes a specific implementation and testing of a new approach (ACAS-EER) with quantitative results.,yes,"The study directly analyzes empirical EEG data from the DEAP dataset, which is a well-known EEG dataset for emotion recognition. The analysis includes both spatial and spectral features of EEG data.",no,"While the paper uses differential entropy (DE) as part of its feature extraction, this appears to be used as a preprocessing step rather than as a primary analysis of complexity. The main focus is on developing a neural architecture search method for emotion classification, not on analyzing complexity measures. The entropy measure is used to create feature maps rather than to study complexity properties of the neural signals.",Include,"An empirical research article analyzing EEG data for emotion recognition, demonstrating strong methodological rigor in neural data application and study design. While the study uses neural data and presents original research, its connection to consciousness research is peripheral, and the primary focus is on technical emotion classification rather than exploring consciousness mechanisms. The paper partially meets consciousness research criteria but lacks a direct, comprehensive investigation of conscious states or neural complexity measures.",,,3.1
Rare fatal vascular complication of transsphenoidal surgery.,"We report the case of a 61-year-old man, who underwent transsphenoidal surgery for a pituitary macroadenoma. The presence of tough fibrous septa dividing the tumour permitted only a partial resection. Progressive loss of consciousness soon after surgery occurred, an emergency CT scan showed no evidence of haemorrhage. Twenty hours later, MRI revealed compression of both internal carotid arteries with arrest of arterial flow resulting in stroke by an enlarged haemorrhagic mass consistent with a pituitary apoplexy. On the second postoperative day, the patient died as a result of this extensive stroke. The mechanisms of this rare complication after transsphenoidal surgery are theorized and the sensitivity of imaging methods is discussed.","Kurschel S, Leber KA, Scarpatetti M, Roll P",,,Acta neurochirurgica,,2005,no,"The paper discusses loss of consciousness as a clinical outcome, but this is not the primary research focus. The study is primarily about a surgical complication (pituitary apoplexy) and its mechanisms. While consciousness is mentioned, it's not studied as a research subject or interpreted in terms of consciousness mechanisms.",no,"This appears to be a case report, which is not explicitly listed as an eligible study type. While it contains empirical observations, it's a single clinical case rather than a systematic research study, systematic review, or meta-analysis.",no,"The paper does not analyze any neural data. While it mentions imaging (CT and MRI), these are used to assess anatomical/structural changes rather than neural activity or function. There is no mention of EEG, fMRI, or other neural recording methods.",no,"The paper does not apply any complexity-family measures. The analysis appears to be purely clinical and anatomical, focusing on structural imaging findings and clinical outcomes.",Exclude,"This case report fails to meet the screening criteria for consciousness research, lacking systematic investigation of consciousness mechanisms, neural data analysis, or complexity measures. The paper primarily describes a surgical complication with incidental mention of consciousness loss, but does not qualify as a research study focused on consciousness or neural dynamics.",,Other / below screening threshold,0.1
Network alterations in eating epilepsy during resting state and during eating using Magnetoencephalography.,"OBJECTIVE: Eating epilepsy presents various imaging and electrophysiological features along with various seizure triggers. As such, network changes in eating epilepsy have not been comprehensively explored. This study was conducted to illustrate resting state network changes in eating epilepsy and to study the changes in network configurations during eating. METHODS: Magnetoencephalography recordings of nineteen patients with drug-resistant eating epilepsy were compared with healthy controls during resting state. A subgroup of nine patients and 12 controls had MEG recordings during eating. Network changes were analyzed using phase lag index across 5 frequency bands [delta, theta, alpha, beta, and gamma] using clustering coefficient (CC), betweenness centrality (BC), path length (PL), modularity (Q), and small worldness (SW). RESULTS: During the resting state, PL was decreased in patients with epilepsy in the delta, theta, and gamma band. Q was lower in patients with epilepsy in the beta and gamma bands. During eating, in patients with epilepsy, PL and SW were increased in all frequency bands, and Q was decreased in the beta band and increased in the rest of the frequency bands. Patients with mixed types of seizures showed higher PL in all bands except alpha, higher Q in all bands, and higher SW in the alpha and beta bands. Node-wise changes in CC and BC implicated changes in DMN and 'eating' networks. CONCLUSION: Reflex Eating epilepsy presents with a hyperconnected network that exacerbates during eating. The cause of seizure onset and loss of consciousness in eating epilepsy might be due to aberrant network interaction between the regions of the brain involved with eating, such as the sensorimotor cortex, lateral parietal cortex, and insula with the limbic cortex and default mode network across multiple frequency bands.","Gautham B, Chatterjee A, Kenchaiah R, Narayanan M, Duble S, Chowdary Mundlamuri R, Asranna A, Bharath RD, Saini J, Sinha S",,,Epilepsy & behavior : E&B,,2022,maybe,"The paper investigates eating epilepsy, which involves loss of consciousness during seizures. While consciousness is not the primary focus, the study explicitly discusses ""loss of consciousness"" in the context of seizure onset and network interactions. The paper examines network changes that may contribute to loss of consciousness, making it relevant to consciousness research. However, this connection is somewhat peripheral rather than central to the study's main focus.",yes,"This is clearly an empirical research article with original data collection and analysis. The study includes MEG recordings from 19 patients and 12 controls, with clear methodology and results sections.",yes,"The study uses MEG (Magnetoencephalography) recordings, which is a valid empirical neural data type. The analysis includes multiple frequency bands and various network measures.",yes,"The study applies several quantitative measures to analyze network complexity, including phase lag index, clustering coefficient, betweenness centrality, path length, modularity, and small worldness. These are legitimate complexity-family measures applied to empirical neural data.",Include,"This empirical research article employs MEG recordings to analyze neural network complexity in eating epilepsy, utilizing multiple quantitative complexity measures across different frequency bands. While the study's primary focus is not consciousness, it explicitly discusses loss of consciousness and network interactions, with strong methodological rigor in neural data analysis. The research meets most screening criteria, particularly in its empirical approach and complexity-family measure applications.",,,4.3
Extensive spinal epidural abscess associated with an unremarkable recovery.,"Spinal epidural abscess is a rare complication of epidural catheter insertion, with an incidence reported to be as low as 0.02%, but with a high morbidity and mortality. This reflects the difficulty in diagnosis of the condition, as early symptoms and signs are usually non-specific with late neurological manifestations. We report a case of spinal epidural abscess in a diabetic patient who underwent splenectomy and distal pancreatectomy. Early investigation with magnetic resonance imaging was effective in demonstrating an extensive epidural abscess involving the thoracic spine, with extension to the base of the skull and associated cord compression. Extensive multilevel laminectomies with thorough irrigation and washout of the epidural space were successful in treating this patient and preventing the development of permanent neurological sequelae.","Ansari A, Davies DW, Lohn JW, Culpan P, Etherington G",,,Anaesthesia and intensive care,,2004,no,"The paper does not investigate consciousness, states of consciousness, or transitions between conscious states. It does not explicitly interpret findings in relation to consciousness or neural signatures/mechanisms of consciousness. The paper is focused on a clinical case of spinal epidural abscess and its treatment, which is not related to consciousness research.",maybe,"The paper is a case report, which is a type of empirical research article. However, it is a single clinical case rather than a systematic review or meta-analysis, and it is not the type of empirical research typically included in systematic reviews of consciousness research.",no,"The only neural-related data mentioned is MRI imaging of the spine and epidural space. While MRI is a medical imaging technique, it is not being used to analyze neural activity or function in the way specified in the criteria (e.g., EEG, MEG, fMRI/BOLD for neural activity). The MRI is used purely for anatomical assessment of the abscess.",no,"There is no mention or application of any complexity-family measures. The paper focuses on clinical diagnosis and surgical treatment, with no analysis of neural complexity or information processing measures.",Exclude,"This clinical case report about spinal epidural abscess fails to meet the systematic review's screening criteria, as it does not investigate consciousness, analyze neural activity data, or apply complexity-family measures. The paper is a medical case study focused on surgical treatment, completely unrelated to the specified research parameters around consciousness and neural complexity.",,Other / below screening threshold,0.1
Magnetic resonance imaging as a new diagnostic criterion in paediatric airway obstruction.,"Magnetic resonance imaging of the trachea was performed in 21 children with congenital or acquired narrowing of the trachea or main bronchi. Diagnosis included aortic arch anomalies, innominate artery compression, pulmonary artery compression and tracheomalacia. All patients were examined after bronchoscopy. The demonstration of the trachea and the surrounding tissue and vessels on MR images enables the cause of tracheal compression and the degree and location of collapse to be evaluated. MRI is a modality well suited to characterizing tracheal narrowing without employing ionizing radiation or intravenous contrast medium. All MRI examinations were carried out with the patient under general anaesthesia so as not to risk pulmonary deterioration during sedation. In the cases presented MRI is the diagnostic step of choice after tracheobronchoscopy and broadens the diagnostic potential in extrinsic tracheal or bronchial stenosis in paediatric patients.","Hofmann U, Hofmann D, Vogl T, Wilimzig C, Mantel K",,,Progress in pediatric surgery,,1991,no,"The paper does not investigate consciousness, states of consciousness, or transitions between conscious states. It also does not interpret findings in relation to consciousness or neural signatures/mechanisms of consciousness. The only mention of consciousness-related concepts (general anesthesia) is in the context of a practical consideration for conducting the MRI scans, not as a research focus.",yes,"The paper appears to be an empirical research article reporting on MRI findings in 21 children, presenting original research data and results, rather than just commentary or theoretical discussion.",no,"The study uses MRI imaging, but specifically for anatomical imaging of the trachea and surrounding structures. It does not analyze any neural data (no EEG, fMRI of brain activity, or other neural recordings).",no,The paper does not mention or apply any complexity-family measures. The analysis appears to be purely anatomical/structural rather than involving any complexity or information-theoretic measures.,Exclude,"This pediatric respiratory imaging study fails to meet key screening criteria related to consciousness research, neural data analysis, and complexity measures. While an empirical research article, the paper focuses exclusively on anatomical MRI of the trachea, lacking any investigation of consciousness states, neural mechanisms, or quantitative complexity-family measures. The research is fundamentally misaligned with the specified screening requirements.",,Other / below screening threshold,0.1
Lateralization of Hippocampal Dentate Spikes and Sharp-Wave Ripples in Urethane Anesthetized Rats Depends on Cholinergic Tone.,"Neural activity and bodily functions are inherently rhythmic and related to each other. The occurrence of hippocampal sharp-wave ripples (SPW-Rs) and dentate spikes (DSs) supporting memory consolidation is regulated by the overall state of the brain, and they also seem to aggregate to a certain phase of the breathing cycle in naturally sleeping mice. Further, SPW-Rs and DSs synchronize to a variable degree between hemispheres, but how this is affected by the neural and bodily state is unclear. Here, we recorded dorsal hippocampal local-field potentials, electrocardiogram, and respiration for several hours under urethane anesthesia in adult male Sprague-Dawley rats. For a subset of rats, we injected atropine (50 mg/kg, i.p.) halfway into the recording to decrease cholinergic and parasympathetic tone. We found variable relation of hippocampal oscillations to breathing phase and none to the cardiac cycle phase. A decrease in breathing rate implying increased parasympathetic tone preceded the start of SPW-R bouts. Roughly 90% of DSs and half of SPW-Rs were unilateral. In most rats, SPW-Rs were more often bilateral during slow breathing compared to faster breathing. Atropine reduced the proportion of bilateral SPW-Rs. Both nonrapid eye movement sleep-like state and atropine increased the proportion of bilateral DSs under urethane anesthesia. Finally, in naturally sleeping rats, both DSs and SPW-Rs were bilateral ~60% of the time. In sum, urethane seems to desynchronize DSs but not SPW-Rs, and a low cholinergic and/or parasympathetic tone seems to dissociate SPW-Rs and to synchronize DSs in the two hippocampi. Whether these findings have relevance in terms of memory consolidation and behavior should be investigated in the future.","Nokia MS, Lensu S, Lehtonen SM, Harjupatana T, Penttonen M",,,Hippocampus,,2025,maybe,"The paper investigates neural activity during anesthesia and sleep states, which are relevant to consciousness research. The study examines sharp-wave ripples and dentate spikes in relation to different states of consciousness (anesthesia and natural sleep). While consciousness isn't explicitly mentioned as the primary focus, the findings are implicitly relevant to understanding neural mechanisms during different states of consciousness.",yes,This is clearly an empirical research article with original experimental data collection and analysis. The study includes detailed methodology and results from recordings in rats.,yes,"The study directly analyzes empirical neural data, specifically local-field potentials (LFP) from dorsal hippocampus, electrocardiogram, and respiration recordings.",no,"While the study analyzes neural data quantitatively, the abstract doesn't explicitly mention any of the specific complexity-family measures listed in the criteria. The analysis appears to focus on synchronization patterns and phase relationships rather than complexity measures.",Include,"This empirical research article provides detailed neural recordings during anesthesia and sleep states, analyzing local-field potentials, electrocardiogram, and respiration data. While the study offers insights into neural synchronization and state-dependent neural activity, it lacks explicit application of complexity-family measures and only implicitly relates to consciousness research. The work represents a quantitative neural investigation with potential implications for understanding neural mechanisms across different states of consciousness.",,,3.1
Predictive value of resting-state fMRI graph measures in hypoxic encephalopathy after cardiac arrest.,"INTRODUCTION: Current multimodal prediction models can determine the prognosis of about half of comatose cardiac arrest patients. We investigated whether whole-brain graph-theoretical measures from early resting-state functional magnetic resonance imaging (fMRI) three days after cardiac arrest discriminate between good and poor outcome and improve outcome prediction. METHODS: We conducted a prospective cohort study on comatose cardiac arrest patients on intensive care units. Resting-state fMRI three days after cardiac arrest was used to quantify whole-brain functional connectivity, global efficiency, clustering coefficient, and modularity. Neurological outcome at six months was classified as good or poor (Cerebral Performance Category 1-2 vs 3-5). Logistic regression models were used to examine between-group differences and study the additional value of graph-theoretical measures to clinical and EEG-based prediction. RESULTS: In seventy included patients (good outcome n = 44, poor n = 26), whole-brain functional connectivity and clustering coefficient (but not global efficiency and modularity) were significantly lower in patients with poor outcome. Connectivity of nodes in posterior brain areas most prominently correlated with outcome. Clustering coefficient showed strong correlation with whole-brain functional connectivity. Patients with continuous EEG patterns differed in whole-brain functional connectivity levels from those with suppressed or epileptiform patterns. Combining functional connectivity or graph measures with clinical and EEG-based predictors slightly improved outcome prediction. CONCLUSION: fMRI-based whole-brain functional connectivity is a sensitive measure for encephalopathy severity after cardiac arrest, according to relations with established EEG categories and discrimination between good and poor outcome. Additional predictive values for outcome seem small. Graph measures do not provide complementary information.","Lange P, Verhulst M, Tuladhar AM, Tewarie P, Keijzer H, Klijn CJM, Hoedemaekers C, Blans M, Tonino B, Meijer FJA, Helmich RC, Hofmeijer J",,,NeuroImage. Clinical,,2025,maybe,"The paper investigates states of consciousness in comatose cardiac arrest patients, specifically focusing on predicting outcomes between good and poor neurological states. While not explicitly framed as a consciousness study, it deals with disorders of consciousness and their neural correlates.",yes,This is clearly an empirical research article - specifically a prospective cohort study with 70 patients. The paper presents original research with clear methodology and results.,yes,"The study uses multiple types of empirical neural data: resting-state fMRI for whole-brain functional connectivity analysis, and EEG data (mentioned in relation to pattern analysis).",yes,"The study applies several quantitative measures: graph-theoretical measures (functional connectivity, global efficiency, clustering coefficient, modularity). These are complexity-family measures that analyze network properties of brain function. The paper uses these measures as primary analyses to discriminate between outcome groups.",Include,"This prospective cohort study employs empirical neural data from fMRI and EEG to investigate consciousness states in cardiac arrest patients, utilizing quantitative complexity-family measures like graph-theoretical analyses. The research meets key screening criteria by analyzing neural network properties, applying complexity measures to predict neurological outcomes, and presenting original empirical research with clear methodological rigor.",,,4.6
Brain dynamic organization at the acute stage of severe brain injury,"Acute Disorders of consciousness (DoC) poses significant clinical challenges, including early and accurate prognostication of neurological outcomes. Current assessment tools are limited in their predictive power, leaving many patients in a ""gray zone"" of uncertainty. While acute DoC are traditionally associated with structural brain damage, emerging evidence suggests that they are primarily driven by a withdrawal of excitatory synaptic activity across key cortical and subcortical regions, which can be captured through the dynamic analysis of resting-state brain activity. This study investigates the temporal dynamics of brain connectivity, shortly after severe brain injury (average of 13.9 days from onset), hypothesizing that acute DoC is marked by a global reorganization of functional connectivity and a shift toward less informative brain states, with distinct patterns emerging based on the underlying injury mechanism. Using functional magnetic resonance imaging (fMRI), we identify six distinct brain states across severely brain injured patients and healthy controls. These states, when sorted by decreasing entropy, span a continuum from state 1, characterized by high entropy, widespread positive long-distance coordination, and high global connectivity, predominantly observed in healthy controls, to state 6, which exhibits low entropy and minimal functional connectivity, and is predominantly associated with acute DoC. We demonstrate that the probability of occurrence of the more complex brain state correlates with improved neurological recovery at 3 months, as assessed by the Coma Recovery Scale-Revised (CRS-R). Hence, we were able to train a classifier based on brain state dynamics that achieved an accuracy of 78.5% in predicting patients' recovery potential (AUC = 0.864). Overall, our findings suggest that dynamic brain connectivity, particularly the entropy of brain states, can be a reliable early predictor of recovery from acute DoC, bridging the divide between theoretical advances and bedside medical decision-making.","Gabriel Della Bella, B. Sarton, Giulia Maria Mattia, Patrice Péran, Walter Lamberti, P. Barttfeld, Stein Silva",10.1016/j.neuroimage.2025.121657,https://doi.org/10.1016/j.neuroimage.2025.121657,NeuroImage,,2025,yes,"The paper directly investigates disorders of consciousness (DoC), which is explicitly mentioned as a key area of interest in the screening criteria. The study focuses on acute DoC and transitions between different states of consciousness, examining how brain connectivity patterns relate to different levels of consciousness.",yes,"This is clearly an empirical research article presenting original data analysis using fMRI. The paper includes specific methodological details, results, and quantitative findings (e.g., classifier accuracy of 78.5%, AUC = 0.864).",yes,The study explicitly uses fMRI data to analyze resting-state brain activity and functional connectivity. The analysis is performed on empirical neural data from both patients and healthy controls.,yes,"The study explicitly applies entropy measures to analyze brain states, which is specifically mentioned in the screening criteria as a complexity-family measure. The paper uses entropy as a primary analysis tool to characterize different brain states and their relationship to consciousness levels.",Include,"This empirical research article comprehensively investigates disorders of consciousness using fMRI, analyzing neural data through complexity measures like entropy to characterize brain states. The study meets all screening criteria by providing quantitative insights into consciousness transitions, employing empirical neural data analysis, and applying complexity-family measures to understand neurological recovery potential.",,,4.9
Intractable yawning associated with mature teratoma of the supramedial cerebellum.,"Yawning occurs in various conditions such as hypoxia, epilepsy, and sleep disorders including sleep apnea. Intractable yawning associated with a brain tumor has been rarely reported. A 19-year-old woman presented with intractable yawning. Magnetic resonance imaging showed a tumor in the supramedial cerebellum that compressed the dorsal side of the midbrain and upper pons. After subtotal removal of the tumor, the yawning completely disappeared. Postoperative MRI showed resolution of compression of the brainstem. The tumor was histologically diagnosed as a mature teratoma. The present case suggested that the intractable yawning resulted from the tumor compressing the dorsal side of the junction between the midbrain and pons.","Saura H, Beppu T, Matsuura H, Asahi S, Uesugi N, Sasaki M, Ogasawara K",,,Journal of neurosurgery,,2014,no,"The paper does not explicitly investigate consciousness or states of consciousness. While yawning can be related to sleep disorders and potentially consciousness transitions, the paper appears to focus on the anatomical and clinical aspects rather than consciousness mechanisms. The connection to consciousness is too indirect to meet this criterion.",yes,"This appears to be an empirical research article presenting a clinical case study with MRI evidence and histological diagnosis. While it is an empirical study, it's a single case report rather than a systematic review or meta-analysis. However, case reports are typically considered empirical research, so this criterion is technically met.",no,"The study uses MRI imaging, but this is primarily for anatomical localization rather than analyzing neural activity or function. There is no mention of EEG, fMRI/BOLD, or other neural recording methods that would qualify as empirical neural data analysis.",no,"There is no indication that any complexity-family measures were applied. The study appears to be purely clinical and anatomical in nature, focusing on tumor location and its effects on yawning behavior.",Exclude,"This clinical case report lacks direct investigation of consciousness, does not analyze neural activity data, and does not apply complexity-family measures. While it represents an empirical research article, the study fails to meet key screening criteria related to consciousness research and neural data analysis. The paper primarily focuses on anatomical and clinical aspects of a brain tumor's relationship to yawning behavior.",,Other / below screening threshold,1.4
Early development of the functional brain network in newborns.,"During the prenatal period and the first postnatal years, the human brain undergoes rapid growth, which establishes a preliminary infrastructure for the subsequent development of cognition and behavior. To understand the underlying processes of brain functioning and identify potential sources of developmental disorders, it is essential to uncover the developmental rules that govern this critical period. In this study, graph theory modeling and network science analysis were employed to investigate the impact of age, gender, weight, and typical and atypical development on brain development. Local and global topologies of functional connectomes obtained from rs-fMRI data were collected from 421 neonates aged between 31 and 45 postmenstrual weeks who were in natural sleep without any sedation. The results showed that global efficiency, local efficiency, clustering coefficient, and small-worldness increased with age, while modularity and characteristic path length decreased with age. The normalized rich-club coefficient displayed a U-shaped pattern during development. The study also examined the global and local impacts of gender, weight, and group differences between typical and atypical cases. The findings presented some new insights into the maturation of functional brain networks and their relationship with cognitive development and neurodevelopmental disorders.","Nazari R, Salehi M",,,Brain structure & function,,2023,maybe,"The paper focuses on brain development and functional connectivity in neonates during natural sleep, which is a state of consciousness. However, the study does not explicitly investigate consciousness or its mechanisms. The focus is on developmental patterns and network topology rather than consciousness-related phenomena. The paper only tangentially relates to consciousness through its sleep context.",yes,This is clearly an empirical research article with original data analysis. The study includes 421 neonates and presents quantitative results from rs-fMRI data analysis.,yes,"The study uses rs-fMRI data to analyze functional connectomes, which is a valid form of empirical neural data. The analysis includes both local and global network measures.",no,"The study applies several network science measures including global efficiency, local efficiency, clustering coefficient, small-worldness, modularity, characteristic path length, and rich-club coefficient. While these are quantitative measures of network topology, they are not specifically complexity-family measures as defined in the criteria (e.g., entropy, information theory measures, criticality). The measures used are more focused on network topology and organization rather than complexity per se.",Include,"The study presents an empirical research article analyzing neural data from rs-fMRI, focusing on neonatal brain development through network science measures. While the research involves sleep states and uses quantitative network topology measures, it does not explicitly investigate consciousness mechanisms or apply specific complexity-family measures as defined in the screening criteria. The paper partially meets some screening requirements but falls short of fully satisfying all specified conditions.",,,2.9
Electrophysiological correlates of dispositional mindfulness: A quantitative and complexity EEG study.,"While growing evidence supports that dispositional mindfulness relates to psychological health and cognitive enhancement, to date there have been only a few attempts to characterize its neural underpinnings. In the present study, we aimed at exploring the electrophysiological (EEG) signature of dispositional mindfulness using quantitative and complexity measures of EEG during resting state and while performing a learning task. Hundred twenty participants were assessed with the Five Facet Mindfulness Questionnaire and underwent 5 min eyes-closed resting state and 5 min at task EEG recording. We hypothesized that high mindfulness individuals would show patterns of brain activity related to (a) lower involvement of the default mode network (DMN) at rest (reduced frontal gamma power) and (b) a state of 'task readiness' reflected in a more similar pattern from rest to task (reduced overall q-EEG power at rest but not at task), as compared to their low mindfulness counterparts. Dispositional mindfulness was significantly linked to reduced frontal gamma power at rest and lower overall power during rest but not at task. In addition, we found a trend towards higher entropy during task performance in mindful individuals, which has recently been reported during mindfulness meditation. Altogether, our results add to those from expert meditators to show that high (dispositional) mindfulness seems to have a specific electrophysiological pattern characteristic of less involvement of the DMN and mind-wandering processes.","Aguerre NV, Gómez-Ariza CJ, Ibáñez-Molina AJ, Bajo MT",,,"British journal of psychology (London, England : 1953)",,2023,maybe,"The paper investigates mindfulness and its neural correlates, which relates to states of consciousness and conscious awareness. While not directly studying consciousness as its primary focus, it examines neural patterns associated with mindfulness states and default mode network activity, which are relevant to consciousness research. The study also mentions mind-wandering processes, which are related to conscious state transitions.",yes,This is clearly an empirical research article with original data collection and analysis from 120 participants. The study includes both resting state and task-based EEG recordings with quantitative analysis.,yes,"The study directly analyzes empirical neural data through EEG recordings, including both resting state and task-based measurements. They specifically examine gamma power and overall EEG power patterns.",maybe,"The abstract mentions using ""quantitative and complexity measures of EEG"" and specifically references entropy measurements. While the full list of complexity measures isn't detailed in the abstract, the mention of entropy (a complexity-family measure) suggests they meet this criterion. However, there's some uncertainty about the extent of complexity measure usage.",Include,"This empirical research study employs EEG recordings to investigate neural correlates of mindfulness, utilizing quantitative and complexity measures that partially address consciousness research. The work meets key screening criteria through its original data collection, neural data analysis, and application of complexity-family measures, with a nuanced exploration of conscious state transitions and neural patterns.",,,4.3
Injury volume extracted from MRI predicts neurologic outcome in acute spinal cord injury: A prospective TRACK-SCI pilot study.,"Conventional MRI measures of traumatic spinal cord injury severity largely rely on 2-dimensional injury characteristics such as intramedullary lesion length and cord compression. Recent advances in spinal cord (SC) analysis have led to the development of a robust anatomic atlas incorporated into an open-source platform called the Spinal Cord Toolbox (SCT) that allows for quantitative volumetric injury analysis. In the current study, we evaluate the prognostic value of volumetric measures of spinal cord injury on MRI following registration of T2-weighted (T2w) images and segmented lesions from acute SCI patients with a standardized atlas. This IRB-approved prospective cohort study involved the image analysis of 60 blunt cervical SCI patients enrolled in the TRACK-SCI clinical research protocol. Axial T2w MRI data obtained within 24 h of injury were processed using the SCT. Briefly, SC MRIs were automatically segmented using the sct_deepseg_sc tool in the SCT and segmentations were manually corrected by a neuro-radiologist. Lesion volume data were used as predictor variables for correlation with lower extremity motor scores at discharge. Volumetric MRI measures of T2w signal abnormality comprising the SCI lesion accurately predict lower extremity motor scores at time of patient discharge. Similarly, MRI measures of injury volume significantly correlated with motor scores to a greater degree than conventional 2-D metrics of lesion size. The volume of total injury and of injured spinal cord motor regions on T2w MRI is significantly and independently associated with neurologic outcome at discharge after injury.","Mummaneni N, Burke JF, DiGiorgio AM, Thomas LH, Duong-Fernandez X, Harris M, Pascual LU, Ferguson AR, Russell Huie J, Pan JZ, Hemmerle DD, Singh V, Torres-Espin A, Omondi C, Kyritsis N, Weinstein PR, Whetstone WD, Manley GT, Bresnahan JC, Beattie MS, Cohen-Adad J, Dhall SS, Talbott JF",,,Journal of clinical neuroscience : official journal of the Neurosurgical Society of Australasia,,2020,no,"The paper does not investigate consciousness, states of consciousness, or transitions between conscious states. It also does not explicitly interpret findings in relation to consciousness or neural signatures/mechanisms of consciousness. The focus is on spinal cord injury and its relationship to motor outcomes, rather than consciousness.",yes,"This is an empirical research article with a clear prospective cohort study design involving 60 patients, which meets the criteria for an eligible study type.",no,"The study uses MRI data, specifically T2-weighted imaging, to analyze spinal cord injuries. However, the analysis appears to focus on anatomical measurements (lesion volume, injury characteristics) rather than neural activity or functional connectivity data. The measures used are structural rather than neural activity-based.",no,"The paper does not apply any complexity-family measures. The analysis focuses on volumetric measurements and correlations with motor scores, without the use of entropy, information theory measures, or other complexity metrics.",Exclude,"This study of spinal cord injury does not meet the screening criteria for consciousness research, as it focuses on motor outcomes and anatomical measurements rather than investigating conscious states or neural complexity. The research lacks explicit examination of consciousness, does not analyze neural activity data, and does not apply complexity-family measures, rendering it outside the systematic review's scope.",,Other / below screening threshold,0.1
Memory in time: Neural tracking of low-frequency rhythm dynamically modulates memory formation.,"Time is a critical component of episodic memory. Yet it is currently unclear how different types of temporal signals are represented in the brain and how these temporal signals support episodic memory. The current study investigated whether temporal cues provided by low-frequency environmental rhythms influence memory formation. Specifically, we tested the hypothesis that neural tracking of low-frequency rhythm serves as a mechanism of selective attention that dynamically biases the encoding of visual information at specific moments in time. Participants incidentally encoded a series of visual objects while passively listening to background, instrumental music with a steady beat. Objects either appeared in-synchrony or out-of-synchrony with the background beat. Participants were then given a surprise subsequent memory test (in silence). Results revealed significant neural tracking of the musical beat at encoding, evident in increased electrophysiological power and inter-trial phase coherence at the perceived beat frequency (1.25 ​Hz). Importantly, enhanced neural tracking of the background rhythm at encoding was associated with superior subsequent memory for in-synchrony compared to out-of-synchrony objects at test. Together, these results provide novel evidence that the brain spontaneously tracks low-frequency musical rhythm during naturalistic listening situations, and that the strength of this neural tracking is associated with the effects of rhythm on higher-order cognitive processes such as episodic memory.","Hickey P, Merseal H, Patel AD, Race E",,,NeuroImage,,2020,no,"The paper focuses on episodic memory and temporal processing, but does not explicitly investigate consciousness or states of consciousness. While memory and attention are related to conscious processing, the study doesn't frame its findings in terms of consciousness mechanisms or neural signatures of consciousness. The focus is more on temporal processing and memory encoding.",yes,This is clearly an empirical research article with original experimental data and analysis. The study includes a controlled experiment with participants and measures specific neural responses.,yes,"The study uses electrophysiological recordings (likely EEG, though not explicitly stated) to measure neural tracking of musical rhythms and inter-trial phase coherence.",no,"While the study uses quantitative measures (power and inter-trial phase coherence), these are not specifically complexity-family measures as defined in the criteria. The measures used are more basic spectral analysis techniques rather than the specified complexity measures like entropy, information theory measures, or criticality measures.",Include,"This empirical neuroscience study employs electrophysiological recordings to investigate temporal processing and memory, but does not explicitly address consciousness research or apply complexity-family measures. While the research meets criteria for being an empirical study with neural data analysis, it falls short of the specific requirements for consciousness research and advanced complexity metrics.",,,2.7