"Document Title",Authors,"Author Affiliations","Publication Title",Date Added To Xplore,"Publication Year","Volume","Issue","Start Page","End Page","Abstract","ISSN",ISBNs,"DOI",Funding Information,PDF Link,"Author Keywords","IEEE Terms","Mesh_Terms",Article Citation Count,Patent Citation Count,"Reference Count","License",Online Date,Issue Date,"Meeting Date","Publisher",Document Identifier
"Identification of the General Anesthesia Induced Loss of Consciousness by Cross Fuzzy Entropy-Based Brain Network","F. Li; Y. Li; H. Zheng; L. Jiang; D. Gao; C. Li; Y. Peng; Z. Cao; Y. Zhang; D. Yao; T. Xu; T. -F. Yuan; P. Xu","MOE Key Laboratory for Neuroinformation, The Clinical Hospital of Chengdu Brain Science Institute, and the Center for Information in Medicine, School of life Science and Technology, University of Electronic Science and Technology of China, Chengdu, China; MOE Key Laboratory for Neuroinformation, The Clinical Hospital of Chengdu Brain Science Institute, and the Center for Information in Medicine, School of life Science and Technology, University of Electronic Science and Technology of China, Chengdu, China; Shanghai Key Laboratory of Psychotic Disorders, Shanghai Mental Health Center, Shanghai Jiao Tong University School of Medicine, Shanghai, China; MOE Key Laboratory for Neuroinformation, The Clinical Hospital of Chengdu Brain Science Institute, and the Center for Information in Medicine, School of life Science and Technology, University of Electronic Science and Technology of China, Chengdu, China; School of Computer Science, Chengdu University of Information Technology, Chengdu, China; MOE Key Laboratory for Neuroinformation, The Clinical Hospital of Chengdu Brain Science Institute, and the Center for Information in Medicine, School of life Science and Technology, University of Electronic Science and Technology of China, Chengdu, China; MOE Key Laboratory for Neuroinformation, The Clinical Hospital of Chengdu Brain Science Institute, and the Center for Information in Medicine, School of life Science and Technology, University of Electronic Science and Technology of China, Chengdu, China; STEM, University of South Australia, Mawson Lakes Campus, Adelaide, SA, Australia; School of Computer Science and Technology, Southwest University of Science and Technology, Mianyang, China; MOE Key Laboratory for Neuroinformation, The Clinical Hospital of Chengdu Brain Science Institute, and the Center for Information in Medicine, School of life Science and Technology, University of Electronic Science and Technology of China, Chengdu, China; Department of Anesthesiology, Affiliated Shanghai Sixth People’s Hospital, Shanghai Jiao Tong University, Shanghai, China; Shanghai Key Laboratory of Psychotic Disorders, Shanghai Mental Health Center, Shanghai Jiao Tong University School of Medicine, Shanghai, China; MOE Key Laboratory for Neuroinformation, The Clinical Hospital of Chengdu Brain Science Institute, and the Center for Information in Medicine, School of life Science and Technology, University of Electronic Science and Technology of China, Chengdu, China",IEEE Transactions on Neural Systems and Rehabilitation Engineering,"9 Nov 2021","2021","29","","2281","2291","Although the spatiotemporal complexity and network connectivity are clarified to be disrupted during the general anesthesia (GA) induced unconsciousness, it remains to be difficult to exactly monitor the fluctuation of consciousness clinically. In this study, to track the loss of consciousness (LOC) induced by GA, we first developed the multi-channel cross fuzzy entropy method to construct the time-varying networks, whose temporal fluctuations were then explored and quantitatively evaluated. Thereafter, an algorithm was further proposed to detect the time onset at which patients lost their consciousness. The results clarified during the resting state, relatively stable fuzzy fluctuations in multi-channel network architectures and properties were found; by contrast, during the LOC period, the disrupted frontal-occipital connectivity occurred at the early stage, while at the later stage, the inner-frontal connectivity was identified. When specifically exploring the early LOC stage, the uphill of the clustering coefficients and the downhill of the characteristic path length were found, which might help resolve the propofol-induced consciousness fluctuation in patients. Moreover, the developed detection algorithm was validated to have great capacity in exactly capturing the time point (in seconds) at which patients lost consciousness. The findings demonstrated that the time-varying cross-fuzzy networks help decode the GA and are of great significance for developing anesthesia depth monitoring technology clinically.","1558-0210","","10.1109/TNSRE.2021.3123696","National Natural Science Foundation of China(grant numbers:61961160705,62103085,U19A2082,61901077); Science and Technology Development Fund, Macau(grant numbers:0045/2019/AFJ); Project of Science and Technology Department of Sichuan Province(grant numbers:2021YFSY0040,2018JZ0073,2020ZYD013); Australian Research Council-Discovery Early Career Researcher Award (ARC DECRA) Fellowship(grant numbers:DE220100265); Key Research and Development Program of Guangdong Province, China(grant numbers:2018B030339001); ","https://ieeexplore.ieee.org/stamp/stamp.jsp?arnumber=9591644","General anesthesia;loss of consciousness;cross fuzzy entropy;time-varying networks","Electroencephalography;Fluctuations;Anesthesia;Monitoring;Entropy;Hospitals;Biomedical monitoring","Anesthesia, General;Brain;Consciousness;Electroencephalography;Entropy;Humans;Propofol;Unconsciousness","11","","61","CCBY","27 Oct 2021","2021","","IEEE","IEEE Journals"
"Monotonicity of approximate entropy during transition from awareness to unresponsiveness due to propofol anesthetic induction","M. Koskinen; T. Seppanen; Shanbao Tong; S. Mustola; N. V. Thakor","Department of Electrical and Information Engineering, University of Oulu, Finland; Department of Electrical and Information Engineering, University of Oulu, Finland; Department of Biomedical Engineering, Johns Hopkins University School of Medicine, Baltimore, MD, USA; Department of Anesthesia, South Karelia Central Hospital, Lappeeranta, Finland; Department of Biomedical Engineering, Johns Hopkins University School of Medicine, Baltimore, MD, USA",IEEE Transactions on Biomedical Engineering,"20 Mar 2006","2006","53","4","669","675","The ability to monitor the physiological effects of sedative medication accurately is of interest in clinical practice. During the anesthetic agent driven transition to unresponsiveness, nonstationary changes such as signal amplitude variations appear in electroencephalography. In this paper, it is studied whether the application of the approximate entropy (ApEn) method to electroencephalographic (EEG) signal produces a monotonic response curve during the transition from awareness to unresponsiveness. Data from fourteen patients, undergoing propofol anesthetic induction were studied. To optimize the ApEn performance, different parameter choices were carefully evaluated. It was assumed with our protocol, that the level of anesthesia changes monotonically with the elapsed induction time. The monotonicity of the ApEn change was assessed with the prediction probability statistic (P/sub K/). The monotonicity of the ApEn time-series depends on the parameters employed in the algorithm and the varying signal amplitude. Depending on the parameter values, the median P/sub K/ value ranged from 0.886 to 0.527. Thus, a good directionality and concordance was observed, but the nonstationarity of the signal affected the results. In conclusion, EEG-based ApEn measure shows a nonlinear response during propofol induction. With a judicious choice of parameters, a monotonic response is confirmed using P/sub K/ statistic.","1558-2531","","10.1109/TBME.2006.870230","","https://ieeexplore.ieee.org/stamp/stamp.jsp?arnumber=1608516","Approximate entropy;depth of anesthesia;independent component analysis (ICA)","Entropy;Anesthetic drugs;Electroencephalography;Anesthesia;Statistics;Independent component analysis;Biomedical engineering;Biomedical monitoring;Probability;Data analysis","Adult;Algorithms;Anesthesia, General;Anesthetics, Intravenous;Brain;Brain;Consciousness;Consciousness;Diagnosis, Computer-Assisted;Drug Therapy, Computer-Assisted;Electroencephalography;Female;Humans;Male;Middle Aged;Monitoring, Intraoperative;Propofol;Reproducibility of Results;Sensitivity and Specificity","41","","24","IEEE","20 Mar 2006","April 2006","","IEEE","IEEE Journals"
"Quasi-Periodicities Detection Using Phase-Rectified Signal Averaging in EEG Signals as a Depth of Anesthesia Monitor","Q. Liu; Y. -F. Chen; S. -Z. Fan; M. F. Abbod; J. -S. Shieh","School of Information Engineering, Wuhan University of Technology, Wuhan, China; School of Information Engineering, Wuhan University of Technology, Wuhan, China; Department of Anesthesiology, National Taiwan University, Taipei, Taiwan; Department of Electronic and Computer Engineering, Brunel University London, Uxbridge, U.K.; Department of Mechanical Engineering, Yuan Ze University, Chung-Li, Taiwan",IEEE Transactions on Neural Systems and Rehabilitation Engineering,"24 Oct 2017","2017","25","10","1773","1784","Phase-rectified signal averaging (PRSA) has been known to be a useful method to detect periodicities in non-stationary biological signals. Determination of quasi-periodicities in electroencephalogram (EEG) is a candidate for quantifying the changes in the depth of anesthesia (DOA). In this paper, DOA monitoring capacity of periodicities detected using PRSA was quantified by assessing EEG signals collected from 56 patients during surgery. The method is compared with sample entropy (SampEn), detrended fluctuation analysis (DFA), and permutation entropy (PE). The performance of quasi-periodicities defined by deceleration capacity and acceleration capacity was tested using the area under the receiver operating characteristic curve (AUC) and Pearson correlation coefficient. During the surgery, a significant difference (p <; 0.05) in the quasi-periodicities was observed among three different stages under general anesthesia. There is a larger mean AUC and correlation coefficient of quasi-periodicities compared with SampEn, DFA, and PE using expert assessment of conscious level and bispectral index as the gold standard, respectively. Quasi-periodicities detected using PRSA in EEG signals are a powerful monitor of DOA and perform more accurate and robust results compared with SampEn, DFA, and PE. The results do provide a valuable reference to researchers in the field of clinical applications.","1558-0210","","10.1109/TNSRE.2017.2690449","Center for Dynamical Biomarkers and Translational Medicine, National Central University, Taiwan, which is sponsored by the Ministry of Science and Technology(grant numbers:MOST103-2911-I-008-001); National Natural Science Foundation of China(grant numbers:51475342,61201246); ","https://ieeexplore.ieee.org/stamp/stamp.jsp?arnumber=7891618","Depth of anesthesia;electroencephalogram (EEG);phase-rectified signal averaging;quasi-periodicities","Electroencephalography;Anesthesia;Monitoring;Entropy;Surgery;Indexes;Biomedical monitoring","Acceleration;Adolescent;Adult;Aged;Algorithms;Anesthesia, General;Artifacts;Consciousness Disorders;Consciousness Monitors;Electroencephalography;Entropy;Female;Humans;Male;Middle Aged;Monitoring, Intraoperative;Periodicity;ROC Curve;Signal Processing, Computer-Assisted;Young Adult","32","","52","IEEE","3 Apr 2017","Oct. 2017","","IEEE","IEEE Journals"
"Constructing a Consciousness Meter Based on the Combination of Non-Linear Measurements and Genetic Algorithm-Based Support Vector Machine","Z. Liang; S. Shao; Z. Lv; D. Li; J. W. Sleigh; X. Li; C. Zhang; J. He","Department of Electrical Engineering, Yanshan University, Qinhuangdao, China; Department of Electrical Engineering, Yanshan University, Qinhuangdao, China; Department of Emergency, The No. 1 Hospital of Qinhuangdao, China; Department of Anesthesiology, Center for Consciousness Science, University of Michigan Medical School, Ann Arbor, USA; Department of Anesthesia, Waikato Hospital, Hamilton, New Zealand; State Key Laboratory of Cognitive Neuroscience and Learning, Beijing Normal University, Beijing, China; Department of Emergency, The No. 1 Hospital of Qinhuangdao, China; Department of Neurosurgery, PLA Army General Hospital, Beijing, China",IEEE Transactions on Neural Systems and Rehabilitation Engineering,"12 Feb 2020","2020","28","2","399","408","Objective: Constructing a framework to evaluate consciousness is an important issue in neuroscience research and clinical practice. However, there is still no systematic framework for quantifying altered consciousness along the dimensions of both level and content. This study builds a framework to differentiate the following states: coma, general anesthesia, minimally conscious state (MCS), and normal wakefulness. Methods: This study analyzed electroencephalography (EEG) recorded from frontal channels in patients with disorders of consciousness (either coma or MCS), patients under general anesthesia, and healthy participants in normal waking consciousness (NWC). Four non-linear methods—permutation entropy (PE), sample entropy (SampEn), permutation Lempel-Ziv complexity (PLZC), and detrended fluctuation analysis (DFA)—as well as relative power (RP), extracted features from the EEG recordings. A genetic algorithm-based support vector machine (GA-SVM) classified the states of consciousness based on the extracted features. A multivariable linear regression model then built EEG indices for level and content of consciousness. Results: The PE differentiated all four states of consciousness (p<0.001). Altered contents of consciousness for NWC, MCS, coma, and general anesthesia were best differentiated by the SampEn, and PLZC. In contrast, the levels of consciousness for these four states were best differentiated by RP of Gamma and PE. A multi-dimensional index, combined with the GA-SVM, showed that the integration of PE, PLZC, SampEn, and DFA had the highest classification accuracy (92.3%). The GA-SVM was better than random forest and neural networks at differentiating these four states. The ‘coordinate value’ in the dimensions of level and content were constructed by the multivariable linear regression model and the non-linear measures PE, PLZC, SampEn, and DFA. Conclusions: Multi-dimensional measurements, especially the PE, SampEn, PLZC, and DFA, when combined with GA-SVM, are promising methods for constructing a framework to quantify consciousness.","1558-0210","","10.1109/TNSRE.2020.2964819","National Natural Science Foundation of China(grant numbers:61673333,61304247,81230023); Natural Science Fund for Excellent Young Scholars of Hebei Province of China(grant numbers:F2018203281); Hebei Key Research and Development Plan Project(grant numbers:172777202); ","https://ieeexplore.ieee.org/stamp/stamp.jsp?arnumber=8952748","Consciousness;Evaluation framework;Permutation entropy;Complexity;GA-SVM","Electroencephalography;Anesthesia;Genetic algorithms;Support vector machines;Entropy;Complexity theory;Meters","Algorithms;Anesthesia, General;Coma;Consciousness;Consciousness Disorders;Consciousness Monitors;Electroencephalography;Entropy;Female;Genetics;Healthy Volunteers;Humans;Male;Middle Aged;Nonlinear Dynamics;Reproducibility of Results;Support Vector Machine;Wakefulness","37","","11","IEEE","8 Jan 2020","Feb. 2020","","IEEE","IEEE Journals"
"Nonlinear Analysis of Electroencephalogram Variability as a Measure of the Depth of Anesthesia","Y. -F. Chen; S. -Z. Fan; M. F. Abbod; J. -S. Shieh; M. Zhang","Academy for Advanced Interdisciplinary Studies, Southern University of Science and Technology, Shenzhen, China; Department of Anesthesiology, En Chu Kong Hospital, New Taipei City, Taiwan; College of Engineering, Design and Physical Sciences, Brunel University London, Uxbridge, U.K.; Department of Mechanical Engineering, Yuan Ze University, Taoyuan, Taiwan; Department of Biomedical Engineering, Shenzhen Key Laboratory of Smart Healthcare Engineering, Southern University of Science and Technology, Shenzhen, China",IEEE Transactions on Instrumentation and Measurement,"2 May 2022","2022","71","","1","13","Electroencephalogram (EEG) has been widely used to measure the effect of anesthetics on the central nervous system. However, EEG signals are very prone to artifacts. In this article, EEG variability (EEGV) is proposed, and nonlinear models are used to analyze EEGV for measuring the depth of anesthesia (DoA). First, the time intervals between successive local maxima of EEG are extracted. Then, resampling and differentiation are applied to reconstruct the EEGV time series. Sample entropy (SampEn), permutation entropy (PeEn), detrended fluctuation analysis (DFA), and Poincaré plots (PoPs) are used to analyze EEGV. The area under the curve (AUC) and the correlation analysis between proposed measures and conscious level indicated by the bispectral index and expert-labeled data are investigated. A long short-term memory network is further used to combine multiple features for predicting DoA. The results from 59 patients show that these four indices can differentiate awake and unconscious states and track changes in anesthesia states. SampEn, DFA, and PoP derived from EEGV achieve significantly higher AUCs and correlation coefficients than those derived from EEG. The fusion of EEG and EEGV can measure DoA more precisely. In summary, it is the first time that four nonlinear methods are used to analyze the reconstructed EEGV signals instead of traditionally used raw EEG, which provides a robust way to measure DoA.","1557-9662","","10.1109/TIM.2022.3167793","National Natural Science Foundation of China(grant numbers:61903181); Shenzhen Key Laboratory of Smart Healthcare Engineering(grant numbers:ZDSYS20200811144003009); Ministry of Science and Technology, Taiwan(grant numbers:MOST 110-2221-E-155-004-MY2); ","https://ieeexplore.ieee.org/stamp/stamp.jsp?arnumber=9759324","Depth of anesthesia (DoA);electroencephalogram variability (EEGV);general anesthesia;nonlinear analysis","Electroencephalography;Anesthesia;Biomedical monitoring;Surgery;Entropy;Monitoring;Temperature measurement","","9","","51","IEEE","18 Apr 2022","2022","","IEEE","IEEE Journals"
"Monitoring the Depth of Anesthesia Using a New Adaptive Neurofuzzy System","A. Shalbaf; M. Saffar; J. W. Sleigh; R. Shalbaf","Department of Biomedical Engineering, Islamic Azad University, Tehran, Iran; School of Electrical and Computer Engineering, University of Tehran, Tehran, Iran; Department of Anesthesia, Waikato Hospital, Hamilton, New Zealand; School of Electrical Engineering, Iran University of Science and Technology, Tehran, Iran",IEEE Journal of Biomedical and Health Informatics,"3 May 2018","2018","22","3","671","677","Accurate and noninvasive monitoring of the depth of anesthesia (DoA) is highly desirable. Since the anesthetic drugs act mainly on the central nervous system, the analysis of brain activity using electroencephalogram (EEG) is very useful. This paper proposes a novel automated method for assessing the DoA using EEG. First, 11 features including spectral, fractal, and entropy are extracted from EEG signal and then, by applying an algorithm according to exhaustive search of all subsets of features, a combination of the best features (Beta-index, sample entropy, shannon permutation entropy, and detrended fluctuation analysis) is selected. Accordingly, we feed these extracted features to a new neurofuzzy classification algorithm, adaptive neurofuzzy inference system with linguistic hedges (ANFIS-LH). This structure can successfully model systems with nonlinear relationships between input and output, and also classify overlapped classes accurately. ANFIS-LH, which is based on modified classical fuzzy rules, reduces the effects of the insignificant features in input space, which causes overlapping and modifies the output layer structure. The presented method classifies EEG data into awake, light, general, and deep states during anesthesia with sevoflurane in 17 patients. Its accuracy is 92% compared to a commercial monitoring system (response entropy index) successfully. Moreover, this method reaches the classification accuracy of 93% to categorize EEG signal to awake and general anesthesia states by another database of propofol and volatile anesthesia in 50 patients. To sum up, this method is potentially applicable to a new real-time monitoring system to help the anesthesiologist with continuous assessment of DoA quickly and accurately.","2168-2208","","10.1109/JBHI.2017.2709841","","https://ieeexplore.ieee.org/stamp/stamp.jsp?arnumber=7935360","Depth of anesthesia;electroencephalogram (EEG);neuro fuzzy system","Electroencephalography;Anesthesia;Entropy;Feature extraction;Indexes;Adaptive systems;Time series analysis","Adolescent;Adult;Algorithms;Anesthesia;Brain;Electroencephalography;Fuzzy Logic;Humans;Middle Aged;Monitoring, Intraoperative;Signal Processing, Computer-Assisted;Young Adult","87","","41","IEEE","29 May 2017","May 2018","","IEEE","IEEE Journals"
"The Characteristics of Electroencephalogram Signatures in Minimally Conscious State Patients Induced by General Anesthesia","X. Jin; Z. Liang; X. Wen; Y. Wang; Y. Bai; X. Xia; J. He; J. Sleigh; X. Li","School of Artificial Intelligence, Xidian University, China; Institute of Electrical Engineering, Yanshan University, Qinhuangdao, China; Institute of Electrical Engineering, Yanshan University, China; Key Laboratory of Intelligent Rehabilitation and Neuromodulation of Hebei Province, China; Department of Basic Medical Science, School of Medicine, Hangzhou Normal University, China; Senior Department of Neurosurgery, The First Medical Center of PLA General Hospital, China; Department of Neurosurgery, Beijing Tiantan Hospital, Capital Medical University, China; Department of Anesthesia, Waikato Clinical School, University of Auckland, New Zealand; State Key Laboratory of Cognitive Neuroscience and Learning & IDG/McGovern Institute for Brain Research, Beijing Normal University, Beijing, China",IEEE Transactions on Biomedical Engineering,"19 Oct 2023","2023","70","11","3239","3247","Objective: General anesthesia (GA) is necessary for surgery, even for patients in a minimally conscious state (MCS). The characteristics of the electroencephalogram (EEG) signatures of the MCS patients under GA are still unclear. Methods: The EEG during GA were recorded from 10 MCS patients undergoing spinal cord stimulation surgery. The power spectrum, phase-amplitude coupling (PAC), the diversity of connectivity, and the functional network were investigated. Long term recovery was assessed by the Coma Recovery Scale-Revised at one year after the surgery, and the characteristics of the patients with good or bad prognosis status were compared. Results: For the four MCS patients with good prognostic recovery, slow oscillation (0.1–1 Hz) and the alpha band (8–12 Hz) in the frontal areas increased during the maintenance of a surgical state of anesthesia (MOSSA), and “peak-max” and “trough-max” patterns emerged in frontal and parietal areas. During MOSSA, the six MCS patients with bad prognosis demonstrated: increased modulation index, reduced diversity of connectivity (from mean±SD of 0.877 ± 0.003 to 0.776 ± 0.003, p < 0.001), reduced function connectivity significantly in theta band (from mean±SD of 1.032 ± 0.043 to 0.589 ± 0.036, p < 0.001, in prefrontal-frontal; and from mean±SD of 0.989 ± 0.043 to 0.684 ± 0.036, p < 0.001, in frontal-parietal) and reduced local and global efficiency of the network in delta band. Conclusions: A bad prognosis in MCS patients is associated with signs of impaired thalamocortical and cortico-cortical connectivity – as indicated by inability to produce inter-frequency coupling and phase synchronization. These indices may have a role in predicting the long-term recovery of MCS patients.","1558-2531","","10.1109/TBME.2023.3287203","Scientific and Technological Innovation 2030(grant numbers:2021ZD0204300); National Natural Science Foundation of China(grant numbers:62073280,61827811); Natural Science Fund for Distinguished Young Scholars of Hebei Province of China(grant numbers:F2021203033); Hebei Province Science and Technology Support Plan(grant numbers:21372001D); ","https://ieeexplore.ieee.org/stamp/stamp.jsp?arnumber=10155269","Minimally conscious state;general anesthesia;prognosis;phase-amplitude coupling;connectivity;brain network","Electroencephalography;Anesthesia;Prognostics and health management;Picture archiving and communication systems;Indexes;Electrodes;Couplings","Humans;Anesthesia, General;Electroencephalography;Male;Female;Middle Aged;Persistent Vegetative State;Adult;Aged;Brain;Signal Processing, Computer-Assisted","4","","42","IEEE","19 Jun 2023","Nov. 2023","","IEEE","IEEE Journals"
"Detrended Fluctuation Analysis of EEG as a Measure of Depth of Anesthesia","M. Jospin; P. Caminal; E. W. Jensen; H. Litvan; M. Vallverdu; M. M. R. F. Struys; H. E. M. Vereecke; D. T. Kaplan","Department of Automatic Control, Biomedical Engineering Research Center, Technical University of Catalonia, Barcelona, Spain; Department of Automatic Control, Biomedical Engineering Research Center, Technical University of Catalonia, Barcelona, Spain; Department of Automatic Control, Biomedical Engineering Research Center, Technical University of Catalonia, Barcelona, Spain; Department of Cardiac Anesthesia and Postoperative Intensive Care Unit, Hospital de la Santa Creu i Sant Pau, Barcelona, Spain; Department of Automatic Control, Biomedical Engineering Research Center, Technical University of Catalonia, Barcelona, Spain; Department of Anesthesia, Ghent University Hospital, Ghent, Belgium; Department of Anesthesia, Ghent University Hospital, Ghent, Belgium; Department of Mathematics and Computer Science, Macalester College, Saint Paul, MN, USA",IEEE Transactions on Biomedical Engineering,"16 Apr 2007","2007","54","5","840","846","For several decades, a number of methods have been developed for the noninvasive assessment of the level of consciousness during general anesthesia. In this paper, detrended fluctuation analysis is used to study the scaling behavior of the electroencephalogram as a measure of the level of consciousness. Three indexes are proposed in order to characterize the patient state. Statistical analysis demonstrates that they allow significant discrimination between the awake, sedated and anesthetized states. Two of them present a good correlation with established indexes of depth of anesthesia. The scaling behavior has been found related to the depth of anesthesia and the methodology allows real-time implementation, which enables its application in monitoring devices","1558-2531","","10.1109/TBME.2007.893453","","https://ieeexplore.ieee.org/stamp/stamp.jsp?arnumber=4154999","Anesthesia;detrended fluctuation analysis;electroencephalography;monitoring","Fluctuations;Electroencephalography;Anesthesia;Doped fiber amplifiers;Monitoring;Fractals;Drugs;Brain;Control engineering education;Biomedical engineering","Adolescent;Adult;Anesthesia, General;Anesthetics, General;Consciousness;Consciousness;Electroencephalography;Female;Fractals;Humans;Middle Aged;Monitoring, Intraoperative;Nonlinear Dynamics;Time Factors","115","1","24","IEEE","16 Apr 2007","May 2007","","IEEE","IEEE Journals"
"Monitoring the Depth of Anesthesia Through the Use of Cerebral Hemodynamic Measurements Based on Sample Entropy Algorithm","G. Wang; Z. Liu; Y. Feng; J. Li; H. Dong; D. Wang; J. Li; N. Yan; T. Liu; X. Yan","Key Laboratory of Biomedical Information Engineering of Ministry of Education, the Key Laboratory of Neuro-informatics and Rehabilitation Engineering of Ministry of Civil Affairs, Institute of Biomedical Engineering, and the School of Life Science and Technology, Xi'an Jiaotong University, Xi'an, China; Key Laboratory of Biomedical Information Engineering of Ministry of Education, the Key Laboratory of Neuro-informatics and Rehabilitation Engineering of Ministry of Civil Affairs, Institute of Biomedical Engineering, and the School of Life Science and Technology, Xi'an Jiaotong University; Key Laboratory of Biomedical Information Engineering of Ministry of Education, the Key Laboratory of Neuro-informatics and Rehabilitation Engineering of Ministry of Civil Affairs, Institute of Biomedical Engineering, and the School of Life Science and Technology, Xi'an Jiaotong University; Key Laboratory of Biomedical Information Engineering of Ministry of Education, the Key Laboratory of Neuro-informatics and Rehabilitation Engineering of Ministry of Civil Affairs, Institute of Biomedical Engineering, and the School of Life Science and Technology, Xi'an Jiaotong University; Department of Anesthesiology and Perioperative Medicine, Xijing Hospital, Fourth Military Medical University; Key Laboratory of Biomedical Information Engineering of Ministry of Education, the Key Laboratory of Neuro-informatics and Rehabilitation Engineering of Ministry of Civil Affairs, Institute of Biomedical Engineering, and the School of Life Science and Technology, Xi'an Jiaotong University; Department of Anesthesiology, Honghui Hospital, Xi'an Jiaotong University; Key Laboratory of Biomedical Information Engineering of Ministry of Education, the Key Laboratory of Neuro-informatics and Rehabilitation Engineering of Ministry of Civil Affairs, Institute of Biomedical Engineering, and the School of Life Science and Technology, Xi'an Jiaotong University, Xi'an, China; Department of Anesthesiology, Honghui Hospital, Xi'an Jiaotong University; Key Laboratory of Biomedical Information Engineering of Ministry of Education, the Key Laboratory of Neuro-informatics and Rehabilitation Engineering of Ministry of Civil Affairs, Institute of Biomedical Engineering, and the School of Life Science and Technology, Xi'an Jiaotong University, Xi'an, China",IEEE Transactions on Biomedical Engineering,"19 Feb 2020","2020","67","3","807","816","Objective: The aim of this study is to explore the relationship between the depth of anesthesia and the cerebral hemodynamic variables during the complete anesthesia process. Methods: In this study, near-infrared spectroscopy signals were used to record eight kinds of cerebral hemodynamic variables, including left, right, proximal, distal deoxygenated (Hb) and oxygenated (HbO2) hemoglobin concentration changes. Then, by measuring the complexity information of cerebral hemodynamic variables, the sample entropy was calculated as a new index of monitoring the depth of anesthesia. Results: By means of receiver operating characteristic curve analysis, the sample entropy approach was proved to effectively discriminate anesthesia maintenance and waking phases. The discriminatory ability of HbO2 signals was stronger than that of Hb signals and the distal signals had weaker discrimination capability when compared with the proximal signals. In addition, there was statistical consistency between the bispectral index and sample entropy of cerebral hemodynamic variables during the complete anesthesia process. Moreover, the cerebral hemodynamic signals could not be interfered by clinical electrical devices. Conclusion: The sample entropy of cerebral hemodynamic variables could be suitable as a new index for monitoring the depth of anesthesia. Significance: This study is very meaningful for developing new modality and decoding methods in perspective of anesthesia surveillance and may result in the anesthesia monitoring system with high performance.","1558-2531","","10.1109/TBME.2019.2921362","National Natural Science Foundation of China(grant numbers:31571000,81201162,61471291); Fundamental Research Funds for the Central Universities(grant numbers:xjj2017122); ","https://ieeexplore.ieee.org/stamp/stamp.jsp?arnumber=8732458","Depth of anesthesia;oxygenated hemoglobin;deoxygenated hemoglobin;near infrared spectroscopy;sample entropy","Anesthesia;Hemodynamics;Monitoring;Indexes;Surgery;Entropy;Maintenance engineering","Adolescent;Adult;Algorithms;Anesthesia;Cerebrovascular Circulation;Consciousness;Entropy;Female;Hemoglobins;Humans;Male;Middle Aged;Monitoring, Intraoperative;Oxyhemoglobins;Signal Processing, Computer-Assisted;Spectroscopy, Near-Infrared;Young Adult","25","","42","IEEE","6 Jun 2019","March 2020","","IEEE","IEEE Journals"
"Isomap Approach to EEG-Based Assessment of Neurophysiological Changes During Anesthesia","J. Kortelainen; E. Väyrynen; T. Seppänen","Department of Electrical and Information Engineering, University of Oulu, Finland; Department of Electrical and Information Engineering, University of Oulu, Finland; Department of Electrical and Information Engineering, University of Oulu, Finland",IEEE Transactions on Neural Systems and Rehabilitation Engineering,"7 Apr 2011","2011","19","2","113","120","Increasing concentrations of anesthetics in the blood induce a continuum of neurophysiological changes, which reflect on the electroencephalogram (EEG). EEG-based depth of anesthesia assessment requires that the signal samples are correctly associated with the neurophysiological changes occurring at different anesthetic levels. A novel method is presented to estimate the phase of the continuum using the feature data extracted from EEG. The feature data calculated from EEG sequences corresponding to continuously deepening anesthesia are considered to form a one-dimensional nonlinear manifold in the multidimensional feature space. Utilizing a recently proposed algorithm, Isomap, the dimensionality of the feature data is reduced to achieve a one-dimensional embedding representing this manifold and thereby the continuum of neurophysiological changes during induction of anesthesia. The Isomap-based estimation is validated with data recorded from nine patients during induction of propofol anesthesia. The proposed method provides a novel approach to assess neurophysiological changes during anesthesia and offers potential for the development of more advanced systems for the depth of anesthesia monitoring.","1558-0210","","10.1109/TNSRE.2010.2098420","","https://ieeexplore.ieee.org/stamp/stamp.jsp?arnumber=5664799","Depth of anesthesia;dimensionality reduction;estimation;manifold learning;spectral analysis","Anesthesia;Electroencephalography;Estimation;Manifolds;Principal component analysis;Classification algorithms;Brain modeling","Algorithms;Anesthesia;Anesthesia, Intravenous;Anesthetics;Anesthetics, Intravenous;Dose-Response Relationship, Drug;Electroencephalography;Electroencephalography;Humans;Monitoring, Intraoperative;Neurophysiology;Nonlinear Dynamics;Propofol;Reproducibility of Results;Signal Processing, Computer-Assisted","32","","36","IEEE","10 Dec 2010","April 2011","","IEEE","IEEE Journals"
"Characteristics of EEG Microstate Sequences During Propofol-Induced Alterations of Brain Consciousness States","Z. Liu; L. Si; W. Xu; K. Zhang; Q. Wang; B. Chen; G. Wang","Key Laboratory of Biomedical Information Engineering of Ministry of Education, School of Life Science and Technology, Institute of Biomedical Engineering, Xi’an Jiaotong University, Xi’an, China; Key Laboratory of Biomedical Information Engineering of Ministry of Education, School of Life Science and Technology, Institute of Biomedical Engineering, Xi’an Jiaotong University, Xi’an, China; Key Laboratory of Biomedical Information Engineering of Ministry of Education, School of Life Science and Technology, Institute of Biomedical Engineering, Xi’an Jiaotong University, Xi’an, China; School of Biomedical Engineering, Shanghai Jiao Tong University, Shanghai, China; Department of Anesthesiology, First Affiliated Hospital, Center for Brain Science, Xi’an Jiaotong University, Xi’an, China; Institute of Artificial Intelligence and Robotics, Xi’an Jiaotong University, Xi’an, China; Key Laboratory of Biomedical Information Engineering of Ministry of Education, School of Life Science and Technology, Institute of Biomedical Engineering, Xi’an Jiaotong University, Xi’an, China",IEEE Transactions on Neural Systems and Rehabilitation Engineering,"21 Jun 2022","2022","30","","1631","1641","Monitoring the consciousness states of patients and ensuring the appropriate depth of anesthesia (DOA) is critical for the safe implementation of surgery. In this study, a high-density electroencephalogram (EEG) combined with blood drug concentration and behavioral response indicators was used to monitor propofol-induced sedation and evaluate the alterations in consciousness states. Microstate analysis, which can reflect the semi-stable state of the sub-second activation of the brain functional network, can be used to assess the brain’s consciousness states. In this research, the EEG microstate sequences were constructed to compare the characteristics of corresponding sequences. Compared with the baseline (BS) state, the microstate sequences in the moderate sedation (MD) state exhibited higher complexity indexes of the multiscale sample entropy. With respect to the transition probability (TP) of microstates, most microstates tended to be converted into microstate C in the BS state. In contrast, they tended to be converted into microstate F in the MD state. The significant difference between the expected TP and observed TP could lead to the conclusion that hidden layers were present when there were changes in the consciousness states. According to the hidden Markov model, the accuracy of distinguishing the BS and MD states was 80.16%. The characteristics of microstate sequence revealed the variations in the brain states caused by alterations in consciousness states during anesthesia from a new perspective and presented a new idea for monitoring the DOA.","1558-0210","","10.1109/TNSRE.2022.3182705","National Natural Science Foundation of China(grant numbers:32071372,31571000,61471291,81201162); Sichuan Province Science and Technology Support Program(grant numbers:2022yfs0030); Natural Science Basic Research Program of Shaanxi through the Program(grant numbers:2020JM-037); ","https://ieeexplore.ieee.org/stamp/stamp.jsp?arnumber=9795112","Microstate sequence analysis;EEG;propofol-induced sedation;multiscale sample entropy;hidden markov model","Electroencephalography;Monitoring;Entropy;Biomedical monitoring;Anesthesia;Time series analysis;Task analysis","Brain;Brain Mapping;Consciousness;Electroencephalography;Humans;Propofol","29","","46","CCBY","13 Jun 2022","2022","","IEEE","IEEE Journals"
"EEG complexity as a measure of depth of anesthesia for patients","X. . -S. Zhang; R. J. Roy; E. W. Jensen","Siemens Medical Solutions, Inc., Danvers, MA, USA; Department of Anesthesiology, Albany Medical College, Albany, NY, USA; Center of Research in Biomedical Engineering, PolyPolytechnic University of Barcelona, Barcelona, Spain",IEEE Transactions on Biomedical Engineering,"6 Aug 2002","2001","48","12","1424","1433","A new approach for quantifying the relationship between brain activity patterns and depth of anesthesia (DOA) is presented by analyzing the spatio-temporal patterns in the electroencephalogram (EEG) using Lempel-Ziv complexity analysis. Twenty-seven patients undergoing vascular surgery were studied under general anesthesia with sevoflurane, isoflurane, propofol, or desflurane. The EEG was recorded continuously during the procedure and patients' anesthesia states were assessed according to the responsiveness component of the observer's assessment of alertness/sedation (OAA/S) score. An OAA/S score of zero or one was considered asleep and two or greater was considered awake. Complexity of the EEG was quantitatively estimated by the measure C(n), whose performance in discriminating awake and asleep states was analyzed by statistics for different anesthetic techniques and different patient populations. Compared with other measures, such as approximate entropy, spectral entropy, and median frequency, C(n) not only demonstrates better performance (93% accuracy) across all of the patients, but also is an easier algorithm to implement for real-time use. The study shows that C(n) is a very useful and promising EEG-derived parameter for characterizing the (DOA) under clinical situations.","1558-2531","","10.1109/10.966601","","https://ieeexplore.ieee.org/stamp/stamp.jsp?arnumber=966601","","Electroencephalography;Anesthesia;Pattern analysis;Entropy;Brain;Surgery;Delay;State estimation;Performance analysis;Statistical analysis","Adult;Aged;Aged, 80 and over;Algorithms;Anesthesia;Brain;Confidence Intervals;Consciousness;Electroencephalography;Female;Humans;Male;Middle Aged;Models, Neurological;Monitoring, Physiologic;Nonlinear Dynamics;Sleep;Vascular Surgical Procedures","453","4","48","IEEE","6 Aug 2002","Dec. 2001","","IEEE","IEEE Journals"
"Frontal-Temporal Synchronization of EEG Signals Quantified by Order Patterns Cross Recurrence Analysis During Propofol Anesthesia","R. Shalbaf; H. Behnam; J. W. Sleigh; D. A. Steyn-Ross; M. L. Steyn-Ross","School of Electerical Engineering, Iran University of Science & Technology, Tehran, Iran; School of Electerical Engineering, Iran University of Science & Technology, Tehran, Iran; Department of Anesthesia, Waikato Hospital, Hamilton, New Zealand; School of Engineering, University of Waikato, Hamilton, New Zealand; School of Engineering, University of Waikato, Hamilton, New Zealand",IEEE Transactions on Neural Systems and Rehabilitation Engineering,"8 May 2015","2015","23","3","468","474","Characterizing brain dynamics during anesthesia is a main current challenge in anesthesia study. Several single channel electroencephalogram (EEG)-based commercial monitors like the Bispectral index (BIS) have suggested to examine EEG signal. But, the BIS index has obtained numerous critiques. In this study, we evaluate the concentration-dependent effect of the propofol on long-range frontal-temporal synchronization of EEG signals collected from eight subjects during a controlled induction and recovery design. We used order patterns cross recurrence plot and provide an index named order pattern laminarity (OPL) to assess changes in neuronal synchronization as the mechanism forming the foundation of conscious perception. The prediction probability of 0.9 and 0.84 for OPL and BIS specified that the OPL index correlated more strongly with effect-site propofol concentration. Also, our new index makes faster reaction to transients in EEG recordings based on pharmacokinetic and pharmacodynamic model parameters and demonstrates less variability at the point of loss of consciousness (standard deviation of 0.04 for OPL compared with 0.09 for BIS index). The result show that the OPL index can estimate anesthetic state of patient more efficiently than the BIS index in lightly sedated state with more tolerant of artifacts.","1558-0210","","10.1109/TNSRE.2014.2350537","","https://ieeexplore.ieee.org/stamp/stamp.jsp?arnumber=6882232","Brain states;cross recurrence plot;electroencephalogram;general anesthesia;synchronization","Indexes;Electroencephalography;Synchronization;Anesthesia;Brain modeling;Trajectory;Educational institutions","Adolescent;Adult;Anesthesia;Anesthesia Recovery Period;Anesthetics, Intravenous;Conscious Sedation;Consciousness Monitors;Dose-Response Relationship, Drug;Electroencephalography Phase Synchronization;Female;Humans;Male;Neurons;Perception;Propofol;Young Adult","32","","36","IEEE","22 Aug 2014","May 2015","","IEEE","IEEE Journals"
"Comparison of entropy and complexity measures for the assessment of depth of sedation","R. Ferenets; Tarmo Lipping; A. Anier; V. Jantti; S. Melto; S. Hovilehto","Department of Information Technology, Tampere University of Technology, Pori, Finland; Department of Information Technology, Pori Tampere University of Technology, Pori, Finland; Biomedical Engineering Center, Tallinn University of Technology, Tallinn, Estonia; Department of Clinical Neurophysiology, Tampere University Hospital, Tampere, Finland; Intensive Care Unit, South Karelia Central Hospital, Lappeeranta, Finland; Intensive Care Unit, South Karelia Central Hospital, Lappeeranta, Finland",IEEE Transactions on Biomedical Engineering,"5 Jun 2006","2006","53","6","1067","1077","Entropy and complexity of the electroencephalogram (EEG) have recently been proposed as measures of depth of anesthesia and sedation. Using surrogate data of predefined spectrum and probability distribution we show that the various algorithms used for the calculation of entropy and complexity actually measure different properties of the signal. The tested methods, Shannon entropy (ShEn), spectral entropy, approximate entropy (ApEn), Lempel-Ziv complexity (LZC), and Higuchi fractal dimension (HFD) are then applied to the EEG signal recorded during sedation in the intensive care unit (ICU). It is shown that the applied measures behave in a different manner when compared to clinical depth of sedation score the Ramsay score. ShEn tends to increase while the other tested measures decrease with deepening sedation. ApEn, LZC, and HFD are highly sensitive to the presence of high-frequency components in the EEG signal.","1558-2531","","10.1109/TBME.2006.873543","","https://ieeexplore.ieee.org/stamp/stamp.jsp?arnumber=1634501","Complexity;depth of anesthesia;depth of sedation;EEG;entropy;Ramsay score;surrogate data","Entropy;Electroencephalography;Anesthesia;Biomedical measurements;Condition monitoring;Testing;Fractals;Biomedical monitoring;Information technology;Biomedical engineering","Adult;Aged;Aged, 80 and over;Algorithms;Anesthesia;Anesthetics;Brain;Brain;Conscious Sedation;Diagnosis, Computer-Assisted;Electroencephalography;Entropy;Humans;Middle Aged;Pattern Recognition, Automated;Propofol;Therapy, Computer-Assisted","219","","27","IEEE","5 Jun 2006","June 2006","","IEEE","IEEE Journals"
"Application of Fast Perturbational Complexity Index to the Diagnosis and Prognosis for Disorders of Consciousness","Y. Wang; Z. Niu; X. Xia; Y. Bai; Z. Liang; J. He; X. Li","Department of Electrical Engineering and the Key Laboratory of Intelligent Rehabilitation and Neuromodulation of Hebei Province, Yanshan University, Hebei, Qinhuangdao, China; State Key Laboratory of Cognitive Neuroscience and Learning and the IDG/McGovern Institute for Brain Research, Beijing Normal University, Beijing, China; Senior Department of Neurosurgery, The First Medical Center of PLA General Hospital, Beijing, China; Department of Basic Medical Science, School of Medicine, Hangzhou Normal University, Zhejiang, Hangzhou, China; Department of Electrical Engineering and the Key Laboratory of Intelligent Rehabilitation and Neuromodulation of Hebei Province, Yanshan University, Hebei, Qinhuangdao, China; Department of Neurosurgery, Beijing Tiantan Hospital, Capital Medical University, Beijing, China; Department of Electrical Engineering and the Key Laboratory of Intelligent Rehabilitation and Neuromodulation of Hebei Province, Yanshan University, Hebei, Qinhuangdao, China",IEEE Transactions on Neural Systems and Rehabilitation Engineering,"11 Mar 2022","2022","30","","509","518","Objective: Diagnosis and prognosis of patients with disorders of consciousness (DOC) is a challenge for neuroscience and clinical practice. Transcranial magnetic stimulation combined with electroencephalography (TMS-EEG) is an effective tool to measure the level of consciousness. However, a scientific and accurate method to quantify TMS-evoked activity is still lacking. This study applied fast perturbational complexity index (PCIst) to the diagnosis and prognosis of DOC patients. Methods: TMS-EEG data of 30 normal healthy participants (NOR) and 181 DOC patients were collected. The PCIst was used to assess the time-space complexity of TMS-evoked potentials (TEP). We selected parameters of PCIst in terms of data length, data delay, sampling rate and frequency band. In addition, we collected Coma Recovery Scale–Revised (CRS-R) values for 114 DOC patients after one year. Finally, we trained the classification and regression model. Results: 1) PCIst shows the differences among NOR, minimally consciousness state (MCS) and unresponsive wakefulness syndrome (UWS) and has low computational cost. 2) Optimal parameters of data length and delay after TMS are 300 ms and 101–300 ms. Significant differences of PCIst at 5–8 Hz and 9–12 Hz bands are found among NOR, MCS and UWS groups. PCIst still works when TEP is down-sampled to 250 Hz. 3) PCIst at 9–12 Hz shows the highest performance in diagnosis and prognosis of DOC. Conclusions: This study confirms that PCIst can quantify the level of consciousness. PCIst is a potential measure for the diagnosis and prognosis of DOC patients.","1558-0210","","10.1109/TNSRE.2022.3154772","Scientific and Technological Innovation 2030(grant numbers:2021ZD0204300); National Natural Science Foundation of China(grant numbers:61827811,81771128,62073280); Key Research and Development Program of Guangdong Province, China(grant numbers:2018B030339001); ","https://ieeexplore.ieee.org/stamp/stamp.jsp?arnumber=9721843","TMS-EEG;PCIst;DOC;diagnosis;prognosis","Electroencephalography;Complexity theory;Prognostics and health management;Oscillators;Indexes;Electrodes;Brain modeling","Consciousness;Consciousness Disorders;Electroencephalography;Humans;Persistent Vegetative State;Wakefulness","30","","44","CCBY","25 Feb 2022","2022","","IEEE","IEEE Journals"
"Ant Colony Optimization PID Control of Hypnosis With Propofol Using Renyi Permutation Entropy as Controlled Variable","Z. Liang; L. Fu; X. Li; Z. Feng; J. W. Sleigh; H. K. Lam","Yanshan University, Qinhuangdao, Hebei, CN; Yanshan University, Qinhuangdao, Hebei, CN; Yanshan University, Qinhuangdao, Hebei, CN; Anesthesia and Operation Central, Chinese PLA General Hospital, Beijing, China; Waikato Hospital, Hamilton, Waikato, NZ; King's College London, London, London, GB",IEEE Access,"1 Aug 2019","2019","7","","97689","97703","General anesthesia is a critical procedure in clinical surgery. To offer a closed control of depth of hypnosis, we establish a closed-loop anesthetic delivery system for propofol anesthesia. The system consists of three components: 1) three-compartment pharmacokinetic model; 2) a pharmacodynamics model obtained by identifying the relationship of effect-site concentration and Renyi permutation entropy via particle swarm optimization; and 3) ant colony optimization proportion integration differentiation controller. The performance of Renyi permutation entropy and bispectral index in tracking the effect-site concentration is evaluated by the prediction probability. The assessments of the performance of the controller are using: 1) the rising time, percent overshoot, and settling time and 2) median performance error, median absolute performance error, wobble, divergence, and integral absolute error. The results show that the prediction probability of Renyi permutation entropy (0.79±0.13 and mean±standard deviation) is higher than the bispectral index (0.74±0.15). The ant colony optimization proportion integration differentiation controller is quick to respond to sudden changes and maintains the stabilty at the desired depth of hypnosis (rise time and overshoot are 4.53±1.96 min and 3.48±1.49 (%), respectively). In conclusion, the proposed closed-loop anesthetic delivery system has potential value for accurate anesthetic administration.","2169-3536","","10.1109/ACCESS.2019.2927321","National Natural Science Foundation of China(grant numbers:61673333,61304247); Natural Science Fund for Excellent Young Scholars of Hebei Province of China(grant numbers:F2018203281); Science and Technology Research and Development Program of Qinhuangdao(grant numbers:201703A153); ","https://ieeexplore.ieee.org/stamp/stamp.jsp?arnumber=8756254","General anesthesia;closed-loop anesthetic delivery system;Renyi permutation entropy;ant colony optimization proportional integral derivative;particle swarm optimization","Brain modeling;Entropy;Anesthesia;Indexes;Electroencephalography;Ant colony optimization;Drugs","","5","","68","CCBY","8 Jul 2019","2019","","IEEE","IEEE Journals"
"Extracting Stress-Related EEG Patterns From Pre-Sleep EEG for Forecasting Slow-Wave Sleep Deficiency","C. -H. Su; L. -W. Ko; T. -P. Jung; J. Onton; S. -C. Tzou; J. -C. Juang; C. -Y. Hsu","Institute of Bioinformatics and Systems Biology, National Yang Ming Chiao Tung University, Hsinchu, Taiwan; Institute of Electrical and Control Engineering, National Yang Ming Chiao Tung University, Hsinchu, Taiwan; Swartz Center for Computational Neuroscience, University of California San Diego, La Jolla, CA, USA; Institute for Neural Computation, University of California San Diego, La Jolla, CA, USA; Department of Biological Science and Technology, National Yang Ming Chiao Tung University, Hsinchu, Taiwan; Department of Neurology, Sleep Disorders Center, Kaohsiung Medical University Hospital, Kaohsiung, Taiwan; Department of Neurology, College of Medicine, Kaohsiung Medical University, Kaohsiung, Taiwan",IEEE Transactions on Neural Systems and Rehabilitation Engineering,"10 May 2024","2024","32","","1817","1827","Sleep is vital to our daily activity. Lack of proper sleep can impair functionality and overall health. While stress is known for its detrimental impact on sleep quality, the precise effect of pre-sleep stress on subsequent sleep structure remains unknown. This study introduced a novel approach to study the pre-sleep stress effect on sleep structure, specifically slow-wave sleep (SWS) deficiency. To achieve this, we selected forehead resting EEG immediately before and upon sleep onset to extract stress-related neurological markers through power spectra and entropy analysis. These markers include beta/delta correlation, alpha asymmetry, fuzzy entropy (FuzzEn) and spectral entropy (SpEn). Fifteen subjects were included in this study. Our results showed that subjects lacking SWS often exhibited signs of stress in EEG, such as an increased beta/delta correlation, higher alpha asymmetry, and increased FuzzEn in frontal EEG. Conversely, individuals with ample SWS displayed a weak beta/delta correlation and reduced FuzzEn. Finally, we employed several supervised learning models and found that the selected neurological markers can predict subsequent SWS deficiency. Our investigation demonstrated that the classifiers could effectively predict varying levels of slow-wave sleep (SWS) from pre-sleep EEG segments, achieving a mean balanced accuracy surpassing 0.75. The SMOTE-Tomek resampling method could improve the performance to 0.77. This study suggests that stress-related neurological markers derived from pre-sleep EEG can effectively predict SWS deficiency. Such information can be integrated with existing sleep-improving techniques to provide a personalized sleep forecasting and improvement solution.","1558-0210","","10.1109/TNSRE.2024.3394471","Center for Intelligent Drug System and Smart Device (IDS2B) from the Featured Areas Research Center Program within the framework of Higher Education Sprout Project of Ministry of Education (MOE), Taiwan(grant numbers:112W30305,112W20271); National Science and Technology Council (NSTC), Taiwan(grant numbers:NSTC 111-2622-E-A49-033,NSTC 112-2926-I-A49-505-G); Kaohsiung Medical University, Taiwan(grant numbers:NCTUKMU108-BIO-07); ","https://ieeexplore.ieee.org/stamp/stamp.jsp?arnumber=10510041","Electroencephalography;sleep;stress;slow-wave sleep;entropy;supervised learning","Sleep;Electroencephalography;Human factors;Entropy;Stress;Spectral analysis;Correlation","Humans;Electroencephalography;Male;Female;Sleep, Slow-Wave;Adult;Entropy;Young Adult;Algorithms;Stress, Psychological;Alpha Rhythm;Forecasting;Beta Rhythm;Delta Rhythm;Sleep Deprivation;Reproducibility of Results","10","","76","CCBYNCND","29 Apr 2024","2024","","IEEE","IEEE Journals"
"Measuring and Reflecting Depth of Anesthesia Using Wavelet and Power Spectral Density","T. Nguyen-Ky; P. Wen; Y. Li; R. Gray","Faculty of Engineering and Surveying, Centre of Systems Biology, University of Southern Queensland, Toowoomba, QLD, Australia; Faculty of Engineering and Surveying, Centre of Systems Biology, University of Southern Queensland, Toowoomba, QLD, Australia; Department of Mathematics and Computing, Centre of Systems Biology, University of Southern Queensland, Toowoomba, QLD, Australia; Downs Anaesthetic Practice and Toowoomba Base Hospital, Toowoomba, QLD, Australia",IEEE Transactions on Information Technology in Biomedicine,"14 Jul 2011","2011","15","4","630","639","This paper evaluates depth of anesthesia (DoA) monitoring using a new index. The proposed method preconditions raw EEG data using an adaptive threshold technique to remove spikes and low-frequency noise. We also propose an adaptive window length technique to adjust the length of the sliding window. The information pertinent to DoA is then extracted to develop a feature function using discrete wavelet transform and power spectral density. The evaluation demonstrates that the new index reflects the patient's transition from consciousness to unconsciousness with the induction of anesthesia in real time.","1558-0032","","10.1109/TITB.2011.2155081","","https://ieeexplore.ieee.org/stamp/stamp.jsp?arnumber=5770225","Depth of anesthesia;EEG;eigenvector methods;wavelet transform","Electroencephalography;Anesthesia;Noise;Indexes;Monitoring;Wavelet coefficients;Discrete wavelet transforms","Adult;Aged;Algorithms;Anesthesia, General;Consciousness;Electroencephalography;Female;Humans;Male;Middle Aged;Monitoring, Intraoperative;Unconsciousness;Wavelet Analysis","44","","48","IEEE","19 May 2011","July 2011","","IEEE","IEEE Journals"
"Assessing Consciousness in Patients With Disorders of Consciousness Using a Musical Stimulation Paradigm and Verifiable Criteria","J. Pan; Y. Chen; Q. Xiao; Z. Chen; H. Cai; Q. You; L. Qiu; Q. Xie","School of Artificial Intelligence, South China Normal University, Guangzhou, China; School of Artificial Intelligence, South China Normal University, Guangzhou, China; Department of Rehabilitation Medicine, Zhujiang Hospital, Southern Medical University, Guangzhou, China; Department of Rehabilitation Medicine, Zhujiang Hospital, Southern Medical University, Guangzhou, China; School of Artificial Intelligence, South China Normal University, Guangzhou, China; School of Artificial Intelligence, South China Normal University, Guangzhou, China; School of Artificial Intelligence, South China Normal University, Guangzhou, China; Department of Rehabilitation Medicine, Zhujiang Hospital, Southern Medical University, Guangzhou, China",IEEE Transactions on Neural Systems and Rehabilitation Engineering,"20 Aug 2024","2024","32","","2971","2982","Numerous studies have shown that musical stimulation can activate corresponding functional brain areas. Electroencephalogram (EEG) activity during musical stimulation can be used to assess the consciousness states of patients with disorders of consciousness (DOC). In this study, a musical stimulation paradigm and verifiable criteria were used for consciousness assessment. Twenty-nine participants (13 healthy subjects, 6 patients in a minimally conscious state (MCS) and 10 patients in a vegetative state (VS)) were recruited, and EEG signals were collected while participants listened to preferred and relaxing music. Fusion features based on differential entropy (DE), common spatial pattern (CSP), and EEG-based network pattern (ENP) features were extracted from EEG signals, and a convolutional neural network-long short-term memory (CNN-LSTM) model was employed to classify preferred and relaxing music.The results showed that the average classification accuracy for healthy subjects reached 85.58%. For two of the patients in the MCS group, the classification accuracies reached 78.18% and 66.14%, and they were diagnosed with emergence from MCS (EMCS) two months later. The accuracies of three patients in the VS group were 58.18%, 64.32% and 62.05%, with two patients showing slight increases in scale scores. Our study suggests that musical stimulation could be an effective method for consciousness detection, with significant diagnostic implications for patients with DOC.","1558-0210","","10.1109/TNSRE.2024.3442788","Science and Technology Innovation (STl) 2030-Major Projects(grant numbers:2022ZD0208900); National Natural Science Foundation of China (NSFC)(grant numbers:62076103,82302339,82171174,82371184); Basic and Applied Basic Research Foundation of Guangdong Province(grant numbers:2024A1515010524); Major Projects of Colleges and Universities in Guangdong Province(grant numbers:2023ZDZX2021); ","https://ieeexplore.ieee.org/stamp/stamp.jsp?arnumber=10634543","Disorders of consciousness (DOC);electroencephalogram (EEG);musical stimulation paradigm;verifiable consciousness assessment criteria","Electroencephalography;Music;Feature extraction;Brain modeling;Accuracy;Multiple signal classification;Convolutional neural networks","Humans;Music;Male;Female;Adult;Persistent Vegetative State;Electroencephalography;Middle Aged;Consciousness Disorders;Consciousness;Acoustic Stimulation;Neural Networks, Computer;Young Adult;Algorithms;Aged;Entropy;Healthy Volunteers","3","","31","CCBY","13 Aug 2024","2024","","IEEE","IEEE Journals"
"Tracking Electroencephalographic Changes Using Distributions of Linear Models: Application to Propofol-Based Depth of Anesthesia Monitoring","L. Kuhlmann; J. H. Manton; B. Heyse; H. E. M. Vereecke; T. Lipping; M. M. R. F. Struys; D. T. J. Liley","Department of Electrical and Electronic Engineering, University of Melbourne, Parkville, Australia; Department of Electrical and Electronic Engineering, University of Melbourne; Department of Anesthesia, Ghent University Hospital; Department of Anesthesiology, University of Groningen, University Medical Center Groningen; Department of Information Technology, Tampere University of Technology; Department of Anesthesiology, University of Groningen, University Medical Center Groningen; Brain and Psychological Sciences Research Centre, Swinburne University of Technology",IEEE Transactions on Biomedical Engineering,"17 Mar 2017","2017","64","4","870","881","Objective: Tracking brain states with electrophysiological measurements often relies on short-term averages of extracted features and this may not adequately capture the variability of brain dynamics. The objective is to assess the hypotheses that this can be overcome by tracking distributions of linear models using anesthesia data, and that anesthetic brain state tracking performance of linear models is comparable to that of a high performing depth of anesthesia monitoring feature. Methods: Individuals' brain states are classified by comparing the distribution of linear (auto-regressive moving average-ARMA) model parameters estimated from electroencephalographic (EEG) data obtained with a sliding window to distributions of linear model parameters for each brain state. The method is applied to frontal EEG data from 15 subjects undergoing propofol anesthesia and classified by the observers assessment of alertness/sedation (OAA/S) scale. Classification of the OAA/S score was performed using distributions of either ARMA parameters or the benchmark feature, Higuchi fractal dimension. Results: The highest average testing sensitivity of 59% (chance sensitivity: 17%) was found for ARMA $(2,1)$ models and Higuchi fractal dimension achieved 52%, however, no statistical difference was observed. For the same ARMA case, there was no statistical difference if medians are used instead of distributions (sensitivity: 56%). Conclusion: The model-based distribution approach is not necessarily more effective than a median/short-term average approach, however, it performs well compared with a distribution approach based on a high performing anesthesia monitoring measure. Significance: These techniques hold potential for anesthesia monitoring and may be generally applicable for tracking brain states.","1558-2531","","10.1109/TBME.2016.2562261","ARC Linkage(grant numbers:LP120200773); Cortical Dynamics Pvt. Ltd.; ","https://ieeexplore.ieee.org/stamp/stamp.jsp?arnumber=7491348","Anesthesia;Autoregressive Moving Average (Arma) Modeling;Brain Dynamics;Electroencephalography;Model-Based Estimation","Brain models;Anesthesia;Autoregressive processes;Electroencephalography;Monitoring;Data models","Algorithms;Anesthetics, Intravenous;Brain;Computer Simulation;Consciousness Monitors;Data Interpretation, Statistical;Dose-Response Relationship, Drug;Drug Monitoring;Electroencephalography;Humans;Intraoperative Neurophysiological Monitoring;Linear Models;Propofol;Reproducibility of Results","9","","53","Crown","14 Jun 2016","April 2017","","IEEE","IEEE Journals"
"A Combinatorial Deep Learning Structure for Precise Depth of Anesthesia Estimation From EEG Signals","S. Afshar; R. Boostani; S. Sanei","School of Electrical, and Computer Engineering, Shiraz University, Shiraz, Iran; School of Electrical, and Computer Engineering, Shiraz University, Shiraz, Iran; School of Science, and Technology, Nottingham Trent University, Clifton Lane, Nottingham, U.K.",IEEE Journal of Biomedical and Health Informatics,"3 Sep 2021","2021","25","9","3408","3415","Electroencephalography (EEG) is commonly used to measure the depth of anesthesia (DOA) because EEG reflects surgical pain and state of the brain. However, precise and real-time estimation of DOA index for painful surgical operations is challenging due to problems such as postoperative complications and accidental awareness. To tackle these problems, we propose a new combinatorial deep learning structure involving convolutional neural networks (inspired by the inception module), bidirectional long short-term memory, and an attention layer. The proposed model uses the EEG signal to continuously predicts the bispectral index (BIS). It is trained over a large dataset, mostly from those under general anesthesia with few cases receiving sedation/analgesia and spinal anesthesia. Despite the imbalance distribution of BIS values in different levels of anesthesia, our proposed structure achieves convincing root mean square error of 5.59 ± 1.04 and mean absolute error of 4.3 ± 0.87, as well as improvement in area under the curve of 15% on average, which surpasses state-of-the-art DOA estimation methods. The DOA values are also discretized into four levels of anesthesia and the results demonstrate strong inter-subject classification accuracy of 88.7% that outperforms the conventional methods.","2168-2208","","10.1109/JBHI.2021.3068481","","https://ieeexplore.ieee.org/stamp/stamp.jsp?arnumber=9385837","Attention mechanism;convolutional neural network;deep learning;depth of anesthesia;electroencephalogram;long short-term memory","Electroencephalography;Anesthesia;Brain modeling;Indexes;Deep learning;Direction-of-arrival estimation;Surgery","Algorithms;Anesthesia;Deep Learning;Electroencephalography;Humans;Neural Networks, Computer","81","","35","IEEE","24 Mar 2021","Sept. 2021","","IEEE","IEEE Journals"
"A Novel Complexity Algorithm for Quantification of Consciousness Levels","C. Shen; Y. Mitsukura; J. Cao","Saitama Institute of Technology, Fukaya, Japan; Graduate School of Science and Technology, Keio University, Yokohama, Kanagawa, Japan; Saitama Institute of Technology, RIKEN Center for Advanced Intelligence Project (AIP), Fukaya, Japan",IEEE Access,"30 Aug 2024","2024","12","","118665","118672","The level of human consciousness is a critical indicator in medicine, essential for the accurate diagnosis of specific conditions such as brain death. This study aims to provide an objective and visual consciousness indicator for medical applications by proposing a new algorithm to quantify consciousness. Traditionally, consciousness levels have been qualitatively assessed using scales like the Glasgow Coma Scale (GCS). In this study, we introduce a novel algorithm, termed D-MaxApEn, designed to quantify consciousness. This algorithm was applied to EEG data from four different states: wakefulness, anesthesia, coma, and brain death. Through calculation and analysis, we objectively quantified these four levels of consciousness and validated the effectiveness of this algorithm in a real-time brain death diagnosis system. The results demonstrate the significant potential of this algorithm for the future diagnosis of the level of consciousness. Its use could revolutionize early intervention, improve patient outcomes, and reduce the burden on individuals and healthcare systems.","2169-3536","","10.1109/ACCESS.2024.3445467","JSPS KAKENHI(grant numbers:20H04249); ","https://ieeexplore.ieee.org/stamp/stamp.jsp?arnumber=10638658","Consciousness assessment;Glasgow coma scale;D-MaxApEn;electroencephalography","Electroencephalography;Complexity theory;White noise;Heuristic algorithms;Electrodes;Approximation algorithms;Anesthesia","","","","35","CCBYNCND","19 Aug 2024","2024","","IEEE","IEEE Journals"
"Analysis and Feature Extraction of EEG Signals Induced by Anesthesia Monitoring Based on Wavelet Transform","C. Guo; J. Yu; L. Wu; Y. Liu; C. Jia; Y. Xie","Department of Anesthesiology, Inner Mongolia Medical University, Hohhot, China; Department of Anesthesiology, Inner Mongolia Medical University, Hohhot, China; Department of Anesthesiology, Inner Mongolia Medical University, Hohhot, China; Department of Inspection, Inner Mongolia Medical University, Hohhot, China; Department of Neurosurgery, Inner Mongolia Medical University, Hohhot, China; Department of Anesthesiology, Inner Mongolia Medical University, Hohhot, China",IEEE Access,"9 Apr 2019","2019","7","","41565","41575","Anesthesia signal monitoring is a very important indicator in surgery, and the effective monitoring of anesthesia depth has been the goal of anesthesiologists and biomedical engineering experts in recent decades. First, the wavelet transform method is used to analyze the anesthesia monitoring EEG signals, and the extracted features are clustered by wavelet classifier to estimate the depth of anesthesia. Second, the characteristics of eigenvectors are constructed by a singular value decomposition based on wavelet transform coefficients. The extraction method extracts the characteristics of the mid-latency auditory evoked EEG under anesthesia. Finally, this paper collected a large amount of clinical data and established a clinical database of anesthesia depth. The experimental results show the effectiveness of the method.","2169-3536","","10.1109/ACCESS.2019.2907794","","https://ieeexplore.ieee.org/stamp/stamp.jsp?arnumber=8675269","Wavelet transform;anesthesia monitoring;signal analysis;feature extraction","Anesthesia;Wavelet transforms;Electroencephalography;Feature extraction;Wavelet analysis;Monitoring","","7","","21","OAPA","27 Mar 2019","2019","","IEEE","IEEE Journals"
"GPGPU-Aided Ensemble Empirical-Mode Decomposition for EEG Analysis During Anesthesia","D. Chen; D. Li; M. Xiong; H. Bao; X. Li","School of Computer Science, University of Binningham, Birmingham, UK; Institute of Information Science and Engineering and the Institute of Electrical Engineering, Yanshan University슠, Qinhuangdao, China; School of Computer Science, China University of Geoscience, Wuhan, China; School of Information Engineering, University of Science and Technology, Beijing, China; Institute of Electrical Engineering, Yanshan University슠, Qinhuangdao, China",IEEE Transactions on Information Technology in Biomedicine,"4 Nov 2010","2010","14","6","1417","1427","Ensemble empirical-mode decomposition (EEMD) is a novel adaptive time-frequency analysis method, which is particularly suitable for extracting useful information from noisy nonlinear or nonstationary data. Unfortunately, since the EEMD is highly compute-intensive, the method does not apply in real-time applications on top of commercial-off-the-shelf computers. Aiming at this problem, a parallelized EEMD method has been developed using general-purpose computing on the graphics processing unit (GPGPU), namely, G-EEMD. A spectral entropy facilitated by G-EEMD was, therefore, proposed to analyze the EEG data for estimating the depth of anesthesia (DoA) in a real-time manner. In terms of EEG data analysis, G-EEMD has dramatically improved the run-time performance by more than 140 times compared to the original serial EEMD implementation. G-EEMD also performs far better than another parallelized implementation of EEMD bases on conventional CPU-based distributed computing technology despite the latter utilizes 16 high-end computing nodes for the same computing task. Furthermore, the results obtained from a pharmacokinetics/pharmacodynamic (PK/PD) model analysis indicate that the EEMD method is slightly more effective than its precedent alternative method (EMD) in estimating DoA, the coefficient of determination  $R^{2}$  by EEMD is significantly higher than that by EMD (p < 0.05, paired t-test) and the prediction probability  $P_{k}$  by EEMD is also slighter higher than that by EMD (p < 0.2, paired t-test).","1558-0032","","10.1109/TITB.2010.2072963","","https://ieeexplore.ieee.org/stamp/stamp.jsp?arnumber=5560833","Depth of anesthesia (DoA);electroencephalogram (EEG);ensemble empirical-mode decomposition (EEMD);general-purpose computing on the graphics processing unit (GPGPU);parallel and distributed computing;spectral entropy","Electroencephalography;Entropy;Instruction sets;Graphics processing unit;Distributed computing;Anesthesia","Adolescent;Adult;Algorithms;Analysis of Variance;Anesthesia;Electroencephalography;Entropy;Humans;Middle Aged;Models, Theoretical;Signal Processing, Computer-Assisted","98","1","29","IEEE","2 Sep 2010","Nov. 2010","","IEEE","IEEE Journals"
"Recovery of Brain Network Integration and Segregation During the Loss and Recovery of Consciousness Induced by Sevoflurane","K. Dong; Q. Wei; D. Zhang; L. Zhang; G. Wang; X. Chen; J. Liu","Key Laboratory for Biomedical Engineering of Ministry of Education of China, Zhejiang University, Hangzhou, China; Key Laboratory for Biomedical Engineering of Ministry of Education of China, Zhejiang University, Hangzhou, China; Department of Anesthesiology, College of Medicine, The First Affiliated Hospital, Zhejiang University, Hangzhou, China; Department of Rehabilitation, School of Medicine, Sir Run Run Shaw Hospital, Zhejiang University, Hangzhou, China; Key Laboratory for Biomedical Engineering of Ministry of Education of China, Zhejiang University, Hangzhou, China; Key Laboratory for Biomedical Engineering of Ministry of Education of China, Zhejiang University, Hangzhou, China; Key Laboratory for Biomedical Engineering of Ministry of Education of China, Zhejiang University, Hangzhou, China",IEEE Transactions on Neural Systems and Rehabilitation Engineering,"31 Jan 2023","2023","31","","304","315","Anesthetic-induced loss of consciousness (LOC) has been studied using functional connectivity (FC) and functional network analysis (FNA), manifested as fragmentation of the whole-brain functional network. However, how the fragmented brain networks reversibly recover during the recovery of consciousness (ROC) remains vague. This study aims to investigate the changes in brain network structure during ROC, to better understand the network fragmentation during anesthesia, thus providing insights into consciousness monitoring. We analyzed EEG data recorded from 15 individuals anesthetized by sevoflurane. By investigating the properties of functional networks generated using different brain atlases and performing community detection for functional networks, we explored the changes in brain network structure to understand how fragmented brain networks recover during the ROC. We observed an overall larger FC magnitude during LOC than in the conscious state. The ROC was accompanied by the increasing binary network efficiency, decreasing FC magnitude, and decreasing community similarity with the functional atlas. Furthermore, we observed a negative correlation between modularity and community number ( $\text{p} < 0.001$  and  $\textit {BF}_{{10}} >4000$ , linear regression test), in which modularity increased and community number decreased during ROC. Our results show that a larger FC magnitude reveals excessive synchronization of neuronal activities during LOC. The increasing binary network efficiency, decreasing community number, and decreasing community similarity indicate the recovery of functional network integration. The increasing modularity implies the recovery of functional network segregation during ROC. The results suggest the limitation of FC magnitude and modularity in monitoring anesthetized states and the potential of integrated information theory to evaluate consciousness.","1558-0210","","10.1109/TNSRE.2022.3221965","National-Zhejiang Health Commission’s Major S&T Project(grant numbers:WKJ-ZJ-2334); National Key Research and Development Program of China(grant numbers:2019YFC1711800); ","https://ieeexplore.ieee.org/stamp/stamp.jsp?arnumber=9950296","Anesthesia;consciousness;electroencephalogram;functional networks;community detection","Electroencephalography;Anesthesia;Monitoring;Protocols;Location awareness;Sleep;Network analyzers","Humans;Consciousness;Sevoflurane;Electroencephalography;Brain;Unconsciousness","7","","79","CCBYNCND","14 Nov 2022","2023","","IEEE","IEEE Journals"
"Electroencephalogram Based Detection of Deep Sedation in ICU Patients Using Atomic Decomposition","S. B. Nagaraj; L. M. McClain; E. J. Boyle; D. W. Zhou; S. M. Ramaswamy; S. Biswal; O. Akeju; P. L. Purdon; M. B. Westover","Department of Neurology, Massachusetts General Hospital, Harvard Medical School, Boston, MA, USA; Department of Neurology, Massachusetts General Hospital, Harvard Medical School; Department of Neurology, Massachusetts General Hospital, Harvard Medical School; Department of Neurology, Massachusetts General Hospital, Harvard Medical School; Department of Neurology, Massachusetts General Hospital, Harvard Medical School; Department of Neurology, Massachusetts General Hospital, Harvard Medical School; Department of Anesthesia, Critical Care and Pain Medicine, Massachusetts General Hospital, Harvard Medical School; Department of Anesthesia, Critical Care and Pain Medicine, Massachusetts General Hospital, Harvard Medical School; Department of Neurology, Massachusetts General Hospital, Harvard Medical School",IEEE Transactions on Biomedical Engineering,"21 Nov 2018","2018","65","12","2684","2691","Objective: This study was performed to evaluate how well states of deep sedation in 'CU patients can be detected from the frontal electroencephalogram (EEG) using features based on the method of atomic decomposition (AD). Methods: We analyzed a clinical dataset of 20 min of EEG recordings per patient from 44 mechanically ventilated adult patients receiving sedatives in an intensive care unit ('CU) setting. Several features derived from AD of the EEG signal were used to discriminate between awake and sedated states. We trained support vector machine (SVM) classifiers using AD features and compared the classification performance with SVM classifiers trained using standard spectral and entropy features using leave-one-subject-out validation. The potential of each feature to discriminate between awake and sedated states was quantified using area under the receiver operating characteristic curve (AUC). Results: The sedation level classification system using AD was able to reliably discriminate between sedated and awake states achieving an average AUC of 0.90, which was significantly better (p <; 0.05) than performance achieved using spectral (AUC = 0.86) and entropy (AUC = 0.81) domain features. A combined feature set consisting of AD, entropy, and spectral features provided better discrimination (AUC = 0.91, p <; 0.05) than any individual feature set. Conclusions: Features derived from the atomic decomposition of EEG signals provide useful discriminative information about the depth of sedation in 'CU patients. Significance: With further refinement and external validation, the proposed system may be able to assist clinical staff with continuous surveillance of sedation levels in mechanically ventilated critically ill 'CU patients.","1558-2531","","10.1109/TBME.2018.2813265","NIH-NINDS 1K23NS090900-01 (MBW, SBN); Andrew David Heitman Foundation (MBW); Rappaport Foundation (MBW); ","https://ieeexplore.ieee.org/stamp/stamp.jsp?arnumber=8307456","Sedation level monitoring;atomic decomposition;support vector machine;critical care;intensive care unit","Electroencephalography;Support vector machines;Brain modeling;Feature extraction;Biomedical monitoring;Biomedical monitoring","Aged;Consciousness;Critical Care;Deep Sedation;Electroencephalography;Female;Humans;Intensive Care Units;Male;Middle Aged;Signal Processing, Computer-Assisted;Support Vector Machine","34","","51","IEEE","7 Mar 2018","Dec. 2018","","IEEE","IEEE Journals"
"Cross-Frequency Transfer Entropy Characterize Coupling of Interacting Nonlinear Oscillators in Complex Systems","W. Shi; C. -H. Yeh; Y. Hong","State Key Laboratory of Hydroscience and Engineering, Department of Hydraulic Engineering, Tsinghua University; Department of Neurology, Chang Gung Memorial Hospital and University, Taoyuan City, Taiwan; State Key Laboratory of Hydroscience and Engineering, Department of Hydraulic Engineering, Tsinghua University",IEEE Transactions on Biomedical Engineering,"20 Jan 2019","2019","66","2","521","529","The purpose of this study is to introduce a method in quantifying cross-frequency information transfer to characterize directional couplers between irregular oscillations in complex systems. Importantly, the method should be able to reflect the intrinsic mechanism of interacting oscillations faithfully. Six types of interacting oscillators, including phase-amplitude, amplitude-amplitude, and component-amplitude cross-frequency transfer entropy as well as their inverse transfer entropies, are within our scope in untangling the brain connectivity. Challenges with nonlinear and nonstationary patterns are designed to validate the robustness of the proposed method. We suggest this approach could be effective in identifying driving and responding elements of interacting oscillators across different time scales. Meanwhile, an atlas of interacting oscillators in sleep is constructed. High-frequency amplitude can inversely drive low-frequency phase stronger than the standard phase-amplitude coupling, and the low-frequency amplitude can be the driving force to the high-frequency amplitude in addition to the low-frequency phase. Unlike the standard phase-amplitude coupling, the proposed cross-frequency transfer entropy is applicable to quantify the interactions across phases, amplitudes, or even the components without methodological adjustments. Meanwhile, the exploration of causal relationship enables the identification of the driving force of information flow.","1558-2531","","10.1109/TBME.2018.2849823","China Postdoctoral Science Foundation(grant numbers:043206005); China–USA Project(grant numbers:2016YFE0102400); Natural Science Foundation of China(grant numbers:71461010701); Ministry of Science and Technology in Taiwan(grant numbers:106-2917-I-564-027); ","https://ieeexplore.ieee.org/stamp/stamp.jsp?arnumber=8399487","Cross-frequency coupling;cycle-by-cycle frequency;empirical mode decomposition;information transfer;sleep","Oscillators;Sleep;Couplings;Standards;Entropy;Picture archiving and communication systems;Complex systems","Adult;Algorithms;Brain;Databases, Factual;Electroencephalography;Entropy;Humans;Male;Models, Neurological;Polysomnography;Signal Processing, Computer-Assisted;Sleep Stages","37","","39","IEEE","28 Jun 2018","Feb. 2019","","IEEE","IEEE Journals"
"A Monitor-Decoupled Pharmacodynamic Model of Propofol in Children Using State Entropy as Clinical Endpoint","S. Khosravi; J. -O. Hahn; G. A. Dumont; J. M. Ansermino","University of British Columbia, Vancouver, BC, Canada; University of Alberta, Edmonton, AB, Canada; Department of Electrical and Computer Engineering and Department of Anesthesia, University of British Columbia, Vancouver, BC, Canada; Department of Anesthesia, University of British Columbia, Vancouver, BC, Canada",IEEE Transactions on Biomedical Engineering,"16 Feb 2012","2012","59","3","736","743","This paper presents a new monitor-decoupled model of propofol pharmacodynamics (PD) using the state entropy (SE) as the clinical endpoint of interest. In our model, the dynamics of the entropy monitor are separated from the PD response of the patient by explicitly accounting for the model of the entropy monitor in the PD identification process. The monitor model was then excluded from the identified PD model for the patient. The PD model, thus, obtained is distinct from its traditional counterpart in that it reflects the PD response of a patient with the dynamic effects of the monitor included as a specific entity. System identification trials using SE data of 31 pediatric subjects show that the PD models derived from the proposed approach are an improvement on the traditional approach. For the Paedfusor pharmacokinetic (PK) model, population-averaged effect site equilibration rate constant ke0 was 5.4 and 3.0 for the proposed and traditional PD models ( p <; 0.001), respectively. For the Kataria PK model, population-averaged ke0 was 2.3 and 1.4 (p <; 0.01). This significant difference suggests that the effects of the monitor must be considered when searching for the intrinsic PD of a patient that is free from the bias induced by the monitor characteristics.","1558-2531","","10.1109/TBME.2011.2179033","","https://ieeexplore.ieee.org/stamp/stamp.jsp?arnumber=6099598","Monitor-decoupled oharmacodynamic model;pediatrics pharmacodynamics (PD);propofol;state entropy","Monitoring;Brain modeling;Mathematical model;Entropy;Predictive models;Delay;Electroencephalography","Algorithms;Anesthetics, Intravenous;Child;Drug Monitoring;Electroencephalography;Endpoint Determination;Entropy;Humans;Linear Models;Propofol;Regression Analysis;Reproducibility of Results;Signal Processing, Computer-Assisted","8","","23","IEEE","9 Dec 2011","March 2012","","IEEE","IEEE Journals"
"Entropy-Based Measures for Quantifying Sleep-Stage Transition Dynamics: Relationship to Sleep Fragmentation and Daytime Sleepiness","M. R. Kirsch; K. Monahan; J. Weng; S. Redline; K. A. Loparo","Department of Electrical Engineering and Computer Science, Case Western Reserve University, Cleveland, OH, USA; Vanderbilt Heart and Vascular Institute, Division of Cardiovascular Medicine, Vanderbilt University Medical Center, Nashville, TN, USA; Department of Medicine, Brigham and Women's Hospital, Boston, MA, USA; Division of Sleep Medicine, Brigham and Womens Hospital and Beth Israel Deaconess Medical Center, Harvard Medical School, Boston, MA, USA; Department of Electrical Engineering and Computer Science, Case Western Reserve University, Cleveland, OH, USA",IEEE Transactions on Biomedical Engineering,"16 Feb 2012","2012","59","3","787","796","We present two novel entropy-based measures that quantify sleep-stage transition dynamics (sleep structure) from polysomnogram derived hypnograms: Walsh spectral entropy (WSE) and Haar spectral entropy (HSE). These measures quantify patterns of temporal regularity of a categorical time series without requiring numerical encoding (scaling) of the (categorical) sleep stages. Additionally, we show that conditional entropy (CE) is well suited for quantifying predictability of the hypnogram. The relationship of those measures with traditional sleep fragmentation indices (arousal index, total sleep time, and sleep efficiency) is explored for a 394 participant sample of the Cleveland Family Study, an epidemiologic study in which standardized single-night polysomnogram data were collected. The new entropy-based sleep structure measures (WSE, HSE, and CE) are positively correlated (moderate to weak) with the traditional sleep fragmentation indices. Because the sleep structure measures developed in this paper provide direct information related to temporal patterns of sleep that is not contained in traditional sleep fragmentation measures, the correlation between these new alternative sleep structure measures and the traditional sleep fragmentation measures is less important. Our goal is not to develop alternative measures that correlate highly with traditional measures of sleep fragmentation, but rather to provide methods to quantify sleep structure by examining other (e.g., dynamic sleep-stage transition) properties of the hypnogram. Additionally, the relationship of the new entropy-based and traditional measures with daytime sleepiness as quantified by the Epworth sleepiness scale (ESS) is investigated. Multiple linear regression analysis shows that WSE has a stronger relationship with ESS than the traditional measures, even after both are adjusted for common confounders (age, race, gender, and body mass index). This further suggests that the entropy-based measures, especially WSE, are capturing additional temporal patterns of sleep not captured in the traditional sleep fragmentation measures, and have a relationship with daytime sleepiness.","1558-2531","","10.1109/TBME.2011.2179032","","https://ieeexplore.ieee.org/stamp/stamp.jsp?arnumber=6099599","Categorical time series;conditional entropy (CE);daytime sleepiness;Haar transform;hypnogram;polysomnogram;Shannon entropy;sleep fragmentation;spectral entropy;Walsh transform","Time series analysis;Sleep;Entropy;Transforms;Channel coding;Time measurement","Adult;Arousal;Circadian Rhythm;Cohort Studies;Disorders of Excessive Somnolence;Disorders of Excessive Somnolence;Electroencephalography;Electromyography;Entropy;Female;Humans;Male;Ohio;Plethysmography;Polysomnography;Reproducibility of Results;Sleep Deprivation;Sleep Deprivation;Sleep Stages","31","","27","IEEE","9 Dec 2011","March 2012","","IEEE","IEEE Journals"
"Derived fuzzy knowledge model for estimating the depth of anesthesia","Xu-Sheng Zhang; R. J. Roy","Department of Biomedical Engineering, Rensselaer Polytechnic Institute, Troy, NY, USA; Department of Anesthesiology, Albany Medical Center, Albany, NY, USA",IEEE Transactions on Biomedical Engineering,"7 Aug 2002","2001","48","3","312","323","Reliable and noninvasive monitoring of the depth of anesthesia (DOA) is highly desirable. Based on adaptive network-based fuzzy inference system (ANFIS) modeling, a derived fuzzy knowledge model is proposed for quantitatively estimating the DOA and validate it by 30 experiments using 15 dogs undergoing anesthesia with three different anesthetic regimens (propofol, isoflurane, and halothane). By eliciting fuzzy if-then rules, the model provides a way to address the DOA estimation problem by using electroencephalogram-derived parameters. The parameters Include two new measures (complexity and regularity) extracted by nonlinear quantitative analyses, as well as spectral entropy. The model demonstrates good performance in discriminating awake and asleep states for three common anesthetic regimens (accuracy 90.3% for propofol, 92.7%, for isoflurane, and 89.1% for halothane), real-time feasibility, and generalization ability (accuracy 85.9% across the three regimens). The proposed fuzzy knowledge model is a promising candidate as an effective tool for continuous assessment of the DOA.","1558-2531","","10.1109/10.914794","","https://ieeexplore.ieee.org/stamp/stamp.jsp?arnumber=914794","","Anesthesia;Direction of arrival estimation;Brain modeling;Fuzzy neural networks;Fuzzy systems;Anesthetic drugs;Monitoring;Adaptive systems;Dogs;Entropy","Algorithms;Anesthesia;Animals;Computer Simulation;Dogs;Electroencephalography;Fuzzy Logic;Halothane;Isoflurane;Models, Biological;Monitoring, Physiologic;Movement;Neural Networks (Computer);Nonlinear Dynamics;Online Systems;Predictive Value of Tests;Propofol;Reproducibility of Results;Signal Processing, Computer-Assisted","86","1","67","IEEE","7 Aug 2002","March 2001","","IEEE","IEEE Journals"
"Phase-Locking Value Based Graph Convolutional Neural Networks for Emotion Recognition","Z. Wang; Y. Tong; X. Heng","Shaanxi Key Laboratory of Network Data Analysis and Intelligent Processing, Xi’an University of Posts and Telecommunications, Xi’an, China; Shaanxi Key Laboratory of Network Data Analysis and Intelligent Processing, Xi’an University of Posts and Telecommunications, Xi’an, China; Shaanxi Key Laboratory of Network Data Analysis and Intelligent Processing, Xi’an University of Posts and Telecommunications, Xi’an, China",IEEE Access,"25 Jul 2019","2019","7","","93711","93722","Recognition of discriminative neural signatures and regions corresponding to emotions are important in understanding the neuron functional network underlying the human emotion process. Electroencephalogram (EEG) is a spatial discrete signal. In this paper, in order to extract the spatio-temporal characteristics and the inherent information implied by functional connections, a multichannel EEG emotion recognition method based on phase-locking value (PLV) graph convolutional neural networks (P-GCNN) is proposed. The basic idea of the proposed EEG emotion recognition method is using PLV-based brain network to model multi-channel EEG features as graph signals and then perform EEG emotion classification based on this model. Different from the traditional graph convolutional neural networks (GCNN) methods, the proposed P-GCNN method uses the PLV connectivity of EEG signals to determine the mode of emotional-related functional connectivity, which is used to represent the intrinsic relationship between EEG channels in different emotional states. On this basis, the neural network is trained to extract effective EEG emotional features. We conduct extensive experiments on the SJTU emotion EEG dataset (SEED) and DEAP dataset. The experimental results demonstrate that novel framework can improve the classification accuracy on both datasets, but not so effective on DEAP as on SEED, in which with 84.35% classification accuracy for SEED, and the average accuracies of 73.31%, 77.03% and 79.20% are, respectively, obtained for valence, arousal, and dominance classifications on the DEAP database.","2169-3536","","10.1109/ACCESS.2019.2927768","National Natural Science Foundation of China(grant numbers:61373116); Scientific and Technological Innovation Project in Shaanxi Province(grant numbers:2016KTZDGY04-01); Special Scientific Research Program Project of Shaanxi Education Department(grant numbers:16JK1706); General projects in the field of industry in Shaanxi Province(grant numbers:2018GY-013); Xianyang Science and Technology Bureau Project(grant numbers:2017k01-25-3); ","https://ieeexplore.ieee.org/stamp/stamp.jsp?arnumber=8758787","EEG emotion recognition;phase-locking value;graph convolutional neural networks;brain network;functional connectivity","Prefetching;Approximation algorithms;Integer linear programming;Physical layer;Standards;Servers;Scheduling","","203","","48","CCBY","10 Jul 2019","2019","","IEEE","IEEE Journals"
"Using Phase Synchrony Index for Improved Assessment of Consciousness in Ischemic Stroke Patients","F. Wang; X. Zhang; F. Hu; F. Li; Y. Zhang; Y. -C. Tian","College of Information and Computer, Taiyuan University of Technology, Taiyuan, China; College of Information and Computer, Taiyuan University of Technology, Taiyuan, China; Department of Neurology, Hospital of Shanxi Medical University and Shanxi Provincial People’s Hospital, Taiyuan, China; College of Information and Computer, Taiyuan University of Technology, Taiyuan, China; Department of Neurology, Hospital of Shanxi Medical University and Shanxi Provincial People’s Hospital, Taiyuan, China; School of Electrical Engineering and Computer Science, Queensland University of Technology, Brisbane, QLD, Australia",IEEE Access,"19 Mar 2019","2019","7","","30252","30260","Accurate behavioral assessments of consciousness are crucial in guiding management as they provide diagnostic and prognostic information, but they are challenging since different clinical scales lead to varying results for the same patient. This paper aimed to investigate the phase synchrony index in differentiating the states of consciousness (wakefulness, somnolence, stupor, light coma, middle coma, and deep coma) in ischemic stroke. We evaluated whether the quantitative electroencephalography (EEG) measure, phase synchrony index of the left and right hemispheres, can facilitate the assessment of consciousness in stroke patients. This paper included 82 patients with ischemic stroke admitted for inpatient rehabilitation. The phase synchrony index of the left and right hemispheres was computed in the alpha band (8-12 Hz) and beta band (13-30 Hz), respectively. The associations between the phase synchrony index of the left and right hemispheres in two frequency bands with the clinical states, including the level of consciousness and the National Institutes of Health Stroke Scale score were analyzed. For further assessments of phase synchrony of the left and right hemispheres (PSI-LR), four local phase synchrony indexes in the beta band were also evaluated. The experiments result showed that PSI-LRs in the beta band correlated significantly with the level of consciousness of ischemic stroke patient and the National Institutes of Health Stroke Scale score, and they can identify the impaired consciousness in ischemic stroke patients with an accuracy of 84.15%. Compared with local phase synchrony, the phase synchrony index of channel FP1 and channel FP2 exhibited a more significant correlation with the level of consciousness than the other three local phase synchrony measures. These results suggest that the novel quantitative EEG measure, PSI-LR provides a new objective way to assess the level of consciousness in ischemic stroke patients.","2169-3536","","10.1109/ACCESS.2019.2898429","Key Research and Development Projects of Shanxi Province, China(grant numbers:201803D31045); Australian Research Council(grant numbers:LP140100394); Wu Jieping Medical Foundation(grant numbers:320675016129); Natural Science Foundation of Shanxi Province(grant numbers:201801D121138 (China)); ","https://ieeexplore.ieee.org/stamp/stamp.jsp?arnumber=8643862","Consciousness;EEG;phase synchrony;ischemic stroke","Electroencephalography;Indexes;Stroke (medical condition);Sleep;Phase measurement;Magnetic resonance imaging;Electrodes","","7","","28","OAPA","18 Feb 2019","2019","","IEEE","IEEE Journals"
"Time-resolved Neural and Experience Dynamics of Medium- and High-dose N,N-Dimethyltryptamine (DMT)","E. Lewis-Healey; C. Pallavicini; F. Cavanna; T. D'Amelio; L. A. De La Fuente; D. Copa; S. Müller; N. Bruno; E. Tagliazucchi; T. Bekinschtein",University of Cambridge; Universidad de Buenos Aires; Universidad de Buenos Aires; Universidad de Buenos Aires; Universidad de Buenos Aires; Universidad de Buenos Aires; Universidad de Buenos Aires; Universidad de Buenos Aires; Universidad de Buenos Aires; University of Cambridge,Journal of Cognitive Neuroscience,"1 Jun 2026","2026","38","6","1244","1263","N,N-dimethyltryptamine (DMT) is a fast-acting psychedelic drug that induces a radical reorganization of conscious contents and brain dynamics. However, our understanding of how brain dynamics support psychedelic-induced conscious states remains unclear. We therefore present a repeated-measures dose-dependent study of the subjective and neural dynamics induced through DMT under naturalistic conditions. Nineteen participants received either a 20-mg or a 40-mg dose of freebase DMT across two sessions in a blinded, counterbalanced order. Electroencephalography data and time-resolved measures of subjective experience (Temporal Experience Tracing) were collected. Both doses of DMT induced rapid changes in experience dimensions, with the 40-mg dose inducing more extreme visual hallucinations and emotionally intense experiences. A variety of neural features were computed on the electroencephalography data, with oscillatory alpha power and permutation entropy most strongly associated with continuous subjective experience dimensions. Strikingly, Lempel–Ziv complexity, previously hailed as a robust correlate of subjective experiences within the psychedelic state, yielded the weakest associations. These findings suggest that the relationship between neural complexity and phenomenology in psychedelic states is less clear than originally hypothesized.","0898-929X","","10.1162/JOCN.a.2423","Human Experience Dynamics(grant numbers:PJJR.GAAA); Fondo Nacional de Desarrollo Científico y Tecnológico(grant numbers:1220995); Fondo para la Investigación Científica y Tecnológica(grant numbers:PICT2019-02294); Economic and Social Research Council(grant numbers:Doctoral Training Partnership); ","https://ieeexplore.ieee.org/stamp/stamp.jsp?arnumber=11541263","","","","","","","","1 Jun 2026","1 June 2026","","MIT Press","MIT Press Journals"
"Wearable EEG-Based Depth of Anesthesia Monitoring: A Nonparametric Feature Set","M. Shahbakhti; R. Krycinska; M. Beiramvand; N. Hakimi; T. Lipping; W. Chen; A. Broniec-Wójcik; P. Augustyniak; T. Tanaka; J. Solé-Casals; M. Wierzchon; J. Wordliczek","Biomedical Engineering Institute, Kaunas University of Technology, Kaunas, Lithuania; Department of Interdisciplinary Intensive Care, Jagiellonian University Medical College, Kraków, Poland; Faculty of Information Technology and Communication, Tampere University, Tampere, Finland; Department of Neonatology, Wilhelmina Children’s Hospital, University Medical Center Utrecht, Utrecht, The Netherlands; Faculty of Information Technology and Communication, Tampere University, Tampere, Finland; School of Biomedical Engineering, The University of Sydney, Darlington, NSW, Australia; Department of Biocybernetics and Biomedical Engineering, AGH University of Krakow, Kraków, Poland; Department of Biocybernetics and Biomedical Engineering, AGH University of Krakow, Kraków, Poland; Department of Electrical Engineering and Computer Science, Tokyo University of Agriculture and Technology, Tokyo, Japan; Data and Signal Processing Research Group, University of Vic–Central University of Catalonia, Vic, Spain; Centre for Brain Research, Jagiellonian University, Kraków, Poland; Department of Interdisciplinary Intensive Care, Jagiellonian University Medical College, Kraków, Poland",IEEE Sensors Journal,"3 Jun 2024","2024","24","11","18098","18107","Objectives: Commercial systems for monitoring the depth of anesthesia (DoA) are often financially inaccessible to developing countries. As an alternative, a wearable single frontal electroencephalogram (EEG) device can be utilized. Nonetheless, most studies addressing DoA monitoring utilizing just one frontal EEG channel rely on nonlinear features that require parameter tuning before computation, overlooking the potential interchangeability of such features across different databases. Methods: Here, we present a parameter-free feature set for DoA monitoring using a single frontal EEG channel and evaluate its performance on two databases with different characteristics. First, the EEG signal is denoised and split into its subbands. Second, several parameter-free features based on entropy, power and frequency, fractal, and variation are extracted from all subbands. Finally, the distinguished features are chosen and input into a random forest regressor to estimate the DoA index values. Results: The reliability of the proposed feature set for the DoA monitoring is indicated by achieving a comparable correlation coefficient (CC) of 0.80 and 0.79 and mean absolute error (MAE) of 7.1 and 9.0 between the reference and estimated DoA index values for Databases I and II, respectively. Significance: The obtained results from this study confirm the possibility of affordable DoA monitoring using a portable EEG system. Given its simplicity and comparable results for both databases, the proposed feature set holds promise for practical application in real-world scenarios.","1558-1748","","10.1109/JSEN.2024.3390604","European Cooperation in Science and Technology through COST Action The Neural Architecture of Consciousness(grant numbers:CA18106); ","https://ieeexplore.ieee.org/stamp/stamp.jsp?arnumber=10507754","Anesthesia;depth of anesthesia (DoA);electroencephalogram (EEG);estimation;wearable","Electroencephalography;Monitoring;Direction-of-arrival estimation;Databases;Indexes;Anesthesia;Entropy","","6","","56","IEEE","23 Apr 2024","1 June1, 2024","","IEEE","IEEE Journals"
"Auto-Fusing Covariance and Phase Locking Value With Brain-Inspired Spiking Neural Networks for EEG-Based Driver Reaction Time Prediction","A. V. Parekkattil; V. Singh; T. K. R. Bollu","Department of Electronics and Communication Engineering, Indian Institute of Technology Roorkee, Roorkee, India; Department of Electronics and Communication Engineering, Indian Institute of Technology Roorkee, Roorkee, India; Department of Electronics and Communication Engineering, Indian Institute of Technology Roorkee, Roorkee, India",IEEE Sensors Letters,"27 Jan 2025","2025","9","2","1","4","Drowsy driving stands out as one of the major contributors to road collisions. Drowsiness is characterized by a sense of fatigue and a compelling desire to sleep. It manifests through a gradual decrease in reaction time. The electroencephalogram (EEG), which records the patterns of electrical waves in the brain, exhibits a significant correlation with the gradual decline in reaction time induced by drowsiness. This research proposes a superior novel approach that combines phase locking value (PLV) and covariance representations by feature-level fusion by using an autoencoder on brain-inspired reservoir-based spiking neural networks (BI-SNNs) to estimate drivers' reaction times by examining the EEG data. By fusing PLV and covariance features into the reservoir-based BI-SNN method, the network can efficiently capture the spatio-temporal dynamics in the data. The superiority of the proposed methodology is assessed by evaluating the root-mean-squared error (RMSE) and mean absolute error (MAE) on the publicly available lane keeping task (LKT) dataset.","2475-1472","","10.1109/LSENS.2024.3523443","","https://ieeexplore.ieee.org/stamp/stamp.jsp?arnumber=10817550","Sensor applications;brain-inspired spiking neural network (BI-SNN);drowsiness;electroencephalogram (EEG) regression task;mean absolute error (MAE);phase locking value (PLV);reaction time (RT);root-mean-squared error (RMSE);sensor data processing;sensor signal processing","Neurons;Electroencephalography;Synchronization;Spiking neural networks;Covariance matrices;Encoding;Autoencoders;Tensors;Standards;Sensor phenomena and characterization","","4","","15","IEEE","27 Dec 2024","Feb. 2025","","IEEE","IEEE Journals"
"A Novel Sleep Staging Method Based on EEG and ECG Multimodal Features Combination","J. Lyu; W. Shi; C. Zhang; C. -H. Yeh","School of Information and Electronics, Beijing Institute of Technology, Beijing, China; School of Information and Electronics, Beijing Institute of Technology, Beijing, China; School of Information and Electronics, Beijing Institute of Technology, Beijing, China; School of Information and Electronics, Beijing Institute of Technology, Beijing, China",IEEE Transactions on Neural Systems and Rehabilitation Engineering,"20 Oct 2023","2023","31","","4073","4084","Accurate sleep staging evaluates the quality of sleep, supporting the clinical diagnosis and intervention of sleep disorders and related diseases. Although previous attempts to classify sleep stages have achieved high classification performance, little attention has been paid to integrating the rich information in brain and heart dynamics during sleep for sleep staging. In this study, we propose a generalized EEG and ECG multimodal feature combination to classify sleep stages with high efficiency and accuracy. Briefly, a hybrid features combination in terms of multiscale entropy and intrinsic mode function are used to reflect nonlinear dynamics in multichannel EEGs, along with heart rate variability measures over time/frequency domains, and sample entropy across scales are applied for ECGs. For both the max-relevance and min-redundancy method and principal component analysis were used for dimensionality reduction. The selected features were classified by four traditional machine learning classifiers. Macro-F1 score, macro-geometric mean, and Cohen kappa value are adopted to evaluate the classification performance of each class in an imbalanced dataset. Experimental results show that EEG features contribute more to wake stage classification while ECG features contribute more to deep sleep stages. The proposed combination achieves the highest accuracy of 84.3% and the highest kappa value of 0.794 on the support vector machine in the ISRUC-S3 dataset, suggesting the proposed multimodal features combination is promising in accuracy and efficiency compared to other state-of-the-art methods.","1558-0210","","10.1109/TNSRE.2023.3323892","National Natural Science Foundation of China(grant numbers:62171028,62001026); Open Project of Key Laboratory of Medical Electronics and Digital Health of Zhejiang Province(grant numbers:MEDH202204,MEDC202303); Beijing Institute of Technology High-Level Fellow Research Fund Program(grant numbers:3050012222022); ","https://ieeexplore.ieee.org/stamp/stamp.jsp?arnumber=10280128","Sleep stage classification;multiscale entropy analysis;empirical mode decomposition;multimodal;heart rate variability","Sleep;Feature extraction;Entropy;Electroencephalography;Electrocardiography;Physiology;Time-frequency analysis","Humans;Sleep Stages;Electroencephalography;Sleep;Electrocardiography;Machine Learning","27","","60","CCBYNCND","11 Oct 2023","2023","","IEEE","IEEE Journals"
"Multiscale Entropy Analysis of Instantaneous Frequency Variation to Overcome the Cross-Over Artifact in Rhythmic EEG","Y. Li; J. Liu; C. Tang; W. Han; S. Zhou; S. Yang; L. He; D. Jing; E. Luo; K. Xie","School of Biomedical Engineering, Air Force Medical University, Xi’an, China; School of Biomedical Engineering, Air Force Medical University, Xi’an, China; School of Biomedical Engineering, Air Force Medical University, Xi’an, China; Department of Medical Engineering, 987th Hospital, Baoji, China; School of Biomedical Engineering, Air Force Medical University, Xi’an, China; School of Biomedical Engineering, Air Force Medical University, Xi’an, China; Department of Clinical Medicine of Traditional Chinese and Western Medicine, Shaanxi University of Chinese Medicine, Xianyang, China; School of Biomedical Engineering, Air Force Medical University, Xi’an, China; School of Biomedical Engineering, Air Force Medical University, Xi’an, China; School of Biomedical Engineering, Air Force Medical University, Xi’an, China",IEEE Access,"22 Jan 2021","2021","9","","12896","12905","Generally, for healthy adults, the entropy of electroencephalogram (EEG) signals gradually decreases from wake to sleep stages N1, N2, to N3, and increases during REM. However, some researchers found that multiscale entropy curves of sleep and wakefulness intercept, a cross-over phenomenon whose origin remains unexplored. The objective of the present work is to trace the origin of the cross-over phenomenon and to propose a workaround strategy. We simulated EEG by generating 1/f broadband signal and chirp signals with continuously varying frequencies. We then retrieved the rhythmic component from simulated EEG and real-world EEG and conducted MSE analysis of the instantaneous frequency variation (IFV) of the rhythmic component. The simulation revealed that this interception was ubiquitous in the MSE analysis of simulated EEG with rhythmic components of different frequencies. The cross-over point moved toward larger scale factors with the increasing sampling rate. We found that the MSE curve of IFV from real-world EEG for the wakefulness group was higher than that for sleep, showing no interception. These results suggest that (1) for a rhythmic signal like EEG, MSE analysis of the raw signal is highly affected by the rhythmic component, presenting artificial cross-over curves in sleep EEG study, (2) frequency variation of rhythmic components are complex signal which differs between wakefulness and sleep, in accordance with the complexity loss theory.","2169-3536","","10.1109/ACCESS.2021.3051367","Natural Science Foundation of Shaanxi Province(grant numbers:2015JM3104); ","https://ieeexplore.ieee.org/stamp/stamp.jsp?arnumber=9321409","Multiscale entropy analysis;complexity;sleep;brain wave","Sleep;Electroencephalography;Entropy;Complexity theory;Time series analysis;Broadband communication;Rhythm","","7","","24","CCBYNCND","13 Jan 2021","2021","","IEEE","IEEE Journals"
"Cyclic Alternating Patterns in Normal Sleep and Insomnia: Structure and Content Differences","I. Chouvarda; M. O. Mendez; V. Rosso; A. M. Bianchi; L. Parrino; A. Grassi; M. G. Terzano; S. Cerutti; N. Maglaveras","Laboratory of Medical Informatics, Aristotle University of Thessaloniki, Thessaloniki, Greece; Electronics Department, Universidad Autonoma de San Luis Potosi, San Luis Potosi, Mexico; Sleep Disorders Centre, Department of Neurology, University of Parma, Parma, Italy; Biomedical Engineering Department, Politecnico di Milano, Milan, Italy; Sleep Disorders Centre, Department of Neurology, University of Parma, Parma, Italy; Sleep Disorders Centre, Department of Neurology, University of Parma, Parma, Italy; Sleep Disorders Centre, Department of Neurology, University of Parma, Parma, Italy; Biomedical Engineering Department, Politecnico di Milano, Milan, Italy; Laboratory of Medical Informatics, Aristotle University of Thessaloniki, Thessaloniki, Greece",IEEE Transactions on Neural Systems and Rehabilitation Engineering,"3 Sep 2012","2012","20","5","642","652","This work aims to investigate new markers for the quantitative characterization of insomnia, in the context of sleep microstructure, as expressed by cyclic alternating pattern (CAP) sleep. The study group includes 11 subjects with normal sleep and 10 subjects with diagnosed primary insomnia. Differences between normal sleepers and insomniacs are investigated, in terms of dynamics and content of CAP events. The overall rate of CAP and of different phases is considered. The dynamic in the structure and alternation of CAP events is further studied in different scales by use of wavelet analysis, and calculation of energy/entropy features. The content of CAP events is studied in terms of electroencephalography (EEG) complexity analysis for the different types of events. Statistically significant differences are highlighted, both in structure and content. Besides confirming the increase in CAP rate, main findings regarding the microstructure difference in insomnia include: 1) as regards the deep sleep building phases, more irregular activation-deactivation patterns, with bigger deactivation time, i.e., distance between consecutive activation events, and appearing with higher EEG complexity in deactivation, and 2) a bigger duration of desynchronisation phases, with increased EEG complexity and more irregular patterns. This analysis extends previous findings on the relation between CAPrate increase and sleep instability mechanisms, proposing specific features of CAP that seem to play a role in insomnia (as consistently presented via classification analysis). This opens new perspectives for the understanding of the role of CAP in the quantitative characterization of sleep and its disorders.","1558-0210","","10.1109/TNSRE.2012.2208984","","https://ieeexplore.ieee.org/stamp/stamp.jsp?arnumber=6252059","Cyclic alternating pattern (CAP) sleep dynamics;electroencephalography (EEG) complexity;insomnia;wavelet analysis","Sleep;Electroencephalography;Entropy;Complexity theory;Microstructure;Wavelet coefficients;Wavelet analysis","Adult;Biological Clocks;Brain;Circadian Rhythm;Computer Simulation;Electroencephalography;Female;Humans;Male;Middle Aged;Models, Neurological;Sleep;Sleep Initiation and Maintenance Disorders","34","","24","IEEE","27 Jul 2012","Sept. 2012","","IEEE","IEEE Journals"
"Automatic Stage Scoring of Single-Channel Sleep EEG by Using Multiscale Entropy and Autoregressive Models","S. -F. Liang; C. -E. Kuo; Y. -H. Hu; Y. -H. Pan; Y. -H. Wang","Department of Computer Science and Information Engineering and the Institute of Medical Informatics, National Cheng Kung University, Tainan, Taiwan; Department of Computer Science and Information Engineering, NCKU, Tainan, Taiwan; Department of Computer Science and Information Engineering, NCKU, Tainan, Taiwan; Ledder Technologies Holdings Limited, Taipei, Taiwan; Society of Streams, Kaohsiung, Taiwan",IEEE Transactions on Instrumentation and Measurement,"8 May 2012","2012","61","6","1649","1657","In this paper, we propose an automatic sleep-scoring method combining multiscale entropy (MSE) and autoregressive (AR) models for single-channel EEG and to assess the performance of the method comparatively with manual scoring based on full polysomnograms. This is the first time that MSE has ever been applied to sleep scoring. All-night polysomnograms from 20 healthy individuals were scored using the Rechtschaffen and Kales rules. The developed method analyzed the EEG signals of C3-A2 for sleep staging. The results of automatic and manual scorings were compared on an epoch-by-epoch basis. A total of 8480 30-s sleep EEG epochs were measured and used for performance evaluation. The epoch-by-epoch comparison was made by classifying the EEG epochs into five states (Wake/REM/S1/S2/SWS) by the proposed method and manual scoring. The overall sensitivity and kappa coefficient of MSE alone are 76.9% and 0.65, respectively. Moreover, the overall sensitivity and kappa coefficient of our proposed method of integrating MSE, AR models, and a smoothing process can reach the sensitivity level of 88.1% and 0.81, respectively. Our results show that MSE is a useful and representative feature for sleep staging. It has high accuracy and good home-care applicability because a single EEG channel is used for sleep staging.","1557-9662","","10.1109/TIM.2012.2187242","","https://ieeexplore.ieee.org/stamp/stamp.jsp?arnumber=6165354","Automatic sleep scoring;autoregressive (AR) model;linear discriminant analysis (LDA);multiscale entropy (MSE);single-channel electroencephalogram (EEG)","Sleep;Electroencephalography;Sensitivity;Brain models;Entropy;Manuals","","273","","42","IEEE","6 Mar 2012","June 2012","","IEEE","IEEE Journals"
"Fusing Fuzzy Entropy With Gaussian and Exponential Membership Functions Outperforms Traditional Entropy Metrics in Monitoring the Depth of Anesthesia Using a Single Frontal EEG Channel","M. Shahbakhti; M. Beiramvand; N. Hakimi; I. Rejer; T. Lipping; A. Broniec-Wójcik; J. Solé-Casals","Biomedical Engineering Institute, Kaunas University of Technology, Kaunas, Lithuania; Faculty of Information Technology, Communication, Tampere University, Tempere, Finland; Department of Neonatology, Wilhelmina Children's Hospital, University Medical Center Utrecht, EA Utrecht, The Netherlands; West Pomeranian University of Technology, Szczecin, Poland; Faculty of Information Technology, Communication, Tampere University, Tempere, Finland; Department of Biocybernetics, Biomedical Engineering, AGH University of Krakow, Krakow, Poland; Data, Signal Processing Research Group, University of Vic–Central University of Catalonia, Vic, Poland",IEEE Sensors Letters,"5 Mar 2024","2024","8","3","1","4","While entropy metrics derived from electroencephalography (EEG) have shown significant promise in monitoring the depth of anesthesia (DoA), the applicability of fuzzy entropy (FuzzEn) initially proposed to address the limitations of conventional entropy metrics, regarding the sample size and class boundaries, remains unexplored in this context. This letter addresses two primary objectives: proposing a new method for DoA monitoring using a fusion of FuzzEn with Gaussian and exponential membership functions, specifically designed for a wearable single frontal EEG channel system, and evaluating its comparative effectiveness against other entropy metrics. First, the EEG signal undergoes denoising and is then decomposed into subbands. Second, seven entropy metrics, including FuzzEn, are extracted from each subband. Finally, each set of individual entropy metrics obtained from all subbands is separately fed into a regressor. In direct comparison with other metrics, such as sample entropy and approximate entropy, the proposed fused FuzzEn exhibited clear superiority with a higher mean correlation coefficient (0.85 versus 0.63, 0.61) and lower mean absolute error (5.4 versus 8.7, 8.9) between the reference and estimated DoA index values. The obtained results underscore the potential of the proposed FuzzEn for DoA monitoring.","2475-1472","","10.1109/LSENS.2024.3369318","","https://ieeexplore.ieee.org/stamp/stamp.jsp?arnumber=10443993","Sensor applications;anesthesia;depth of anesthesia (DoA);electroencephalography (EEG);fuzzy entropy (FuzzEn);wearable","Measurement;Entropy;Indexes;Direction-of-arrival estimation;Electroencephalography;Monitoring;Correlation","","5","","21","IEEE","23 Feb 2024","March 2024","","IEEE","IEEE Journals"
"Vigilance State Classification of Comatose Patients Based on Multifractal Analysis of EEG Signals","B. Hbibi; L. Mili; K. Baccar; A. Mami","Application Laboratory of Energy Efficiency and Renewable Energies, Faculty of Sciences of Tunis, University of Tunis El Manar, Tunis, Tunisia; Arlington Research Center, Virginia Tech, Arlington, VA, USA; Intensive Care and Anesthesia Department, National Institute of Neurology, Tunis, Tunisia; Application Laboratory of Energy Efficiency and Renewable Energies, Faculty of Sciences of Tunis, University of Tunis El Manar, Tunis, Tunisia",IEEE Access,"8 Aug 2025","2025","13","","137684","137694","Various information can be inferred from electrical signals generated by the brain using the electroencephalogram (EEG). This information can be used for the detection or classification of several diseases using many signal processing methods. Multifractal analysis has been widely used in the last two decades to examine various electrical signals generated by the human body. In this study, we analyze the multifractal characteristics of a data set comprising 27 EEG signals where the objective is to demonstrate the efficacy of this method in differentiating the states of vigilance in patients. These signals are obtained from comatose patients in the intensive care unit of the National Institute of Neurology of Tunis, each of whom had a documented Glasgow coma scale score. The purpose of analyzing these data is to identify the connection between the coma scales and the signals generated by some regions of the cerebral cortex in the brain and how this could lead to determining the state of the coma of these patients based on their electrical brain activities, especially due to the number of limitations of the behavioral and physiological coma scales currently used. Because EEG signals are multifractal, we applied the wavelet leader method to extract features from the singularity spectra of the recorded signals with a known Glasgow coma scale and classify them. We found that the singularity spectrum curves of patients in deep, mild, and light coma are distant from each other. Furthermore, we found that the spectra of patients in a light coma are shifted to the right compared to those of patients in a deep coma. On the other hand, curves calculated from the sedated patients are on the left of the curves of those in deep coma and are shrinking in shape compared to non-sedated patients. The lighter the coma, the more distinct the curves, especially the frontal channel curves. We also calculated the h values at the peak of the singularity spectrum curves of three different channels from the three other areas of the brain for the three groups. We found that the results from the back areas of the brain are aligned with those from the frontal lobe area. The h value averages of sedated patients, deep coma patients, and light coma patients are 0.116, 0.196, and 0.317, respectively. These results provided strong evidence that the multifractal analysis of EEG signals can be utilized to classify the vigilance states of comatose patients. However, although this analysis overcomes the limited physiological scales currently used, it still needs more investigation with a large sample of comatose patients.","2169-3536","","10.1109/ACCESS.2025.3592518","","https://ieeexplore.ieee.org/stamp/stamp.jsp?arnumber=11095672","Coma;multifractal analysis;singularity spectrum analysis;feature extraction;electroencephalography;Glasgow coma scale","Electroencephalography;Fractals;Brain;Physiology;Motors;Spectral analysis;Neurology;Feature extraction;Cerebral cortex;Anesthesia","","1","","67","CCBY","24 Jul 2025","2025","","IEEE","IEEE Journals"
"Design of a recognition system to predict movement during anesthesia","A. Sharma; R. J. Roy","Becton Dickinson and Company, Franklin Lakes, NJ, USA; Department of Biomedical Engineering, Rensselaer Polytechnic Institute, Troy, NY, USA",IEEE Transactions on Biomedical Engineering,"6 Aug 2002","1997","44","6","505","511","The need for a reliable method of predicting movement during anesthesia has existed since the introduction of anesthesia. This paper proposes a recognition system, based on the autoregressive (AR) modeling and neural network analysis of the electroencephalograph (EEG) signals, to predict movement following surgical stimulation. The input to the neural network will be the AR parameters, the hemodynamic parameters blood pressure (BP) and heart rate (HR), and the anesthetic concentration in terms of the minimum alveolar concentration (MAC). The output will be the prediction of movement. Design of the system and results from the preliminary tests on dogs are presented here. The experiments were carried out on 13 dogs at different levels of halothane. Movement prediction was tested by monitoring the response to tail clamping, which is considered to be a supramaximal stimulus in dogs. The EEG data obtained prior to tail clamping was processed using a tenth-order AR model and the parameters obtained were used as input to a three-layer perceptron feedforward neural network. Using only AR parameters the network was able to correctly classify subsequent movement in 85% of the cases as compared to 65% when only hemodynamic parameters were used as the input to the network. When both the measures were combined, the recognition rate rose to greater than 92%. When the anesthetic concentration was added as an input the network could be considerably simplified without sacrificing classification accuracy. This recognition system shows the feasibility of using the EEG signals for movement during anesthesia.","1558-2531","","10.1109/10.581946","","https://ieeexplore.ieee.org/stamp/stamp.jsp?arnumber=581946","","Anesthesia;Neural networks;Electroencephalography;Dogs;Brain modeling;Hemodynamics;Heart rate;Anesthetic drugs;Tail;Clamps","Anesthesiology;Animals;Dogs;Electroencephalography;Equipment Design;Monitoring, Intraoperative;Movement;Neural Networks (Computer);Signal Processing, Computer-Assisted","26","","40","IEEE","6 Aug 2002","June 1997","","IEEE","IEEE Journals"
"Assessment of Emotion Elicitation Using Multimodal Physiological Sensors and Phase Synchronization","S. Banik; H. Kumar; N. Ganapathy; R. Swaminathan","Department of Applied Mechanics & Biomedical Engineering, Indian Institute of Technology Madras, Chennai, India; Department of Applied Mechanics & Biomedical Engineering, Indian Institute of Technology Madras, Chennai, India; Indian Institute of Technology Hyderabad, Hyderabad, India; Department of Applied Mechanics & Biomedical Engineering, Indian Institute of Technology Madras, Chennai, India",IEEE Sensors Letters,"22 Jul 2024","2024","8","8","1","4","Emotion influences human life and impacts daily life activities. The central nervous system (CNS) and peripheral nervous system (PNS) interact intricately to produce emotional experiences. There are various studies related to the interaction of the CNS-PNS during psychophysiological states. However, emotion-oriented, CNS-PNS phase synchronisation studies are limited. In this work, an attempt is made to investigate the interaction between the CNS and PNS using electroencephalogram (EEG) and photoplethysmogram (PPG) during emotional elicitation evoked by audio–visual stimuli. For this, EEG and PPG signals from the publicly accessible DEAP database are utilized. EEG signals are segmented into four frequency bands: theta (4–8 Hz), alpha (8–13 Hz), beta (13–30 Hz), and gamma (30–45 Hz). Subsequently, the instantaneous phases of EEG and PPG are computed and employed to determine the phase synchronization index (PSI). Finally, the Wilcoxon Rank-sum test is performed to estimate the statistical significance of the PSI in low verus high levels of arousal and valence emotional states. Results show that the theta band of the EEG has the highest phase synchronization with the PPG signals. In low arousal, there's higher phase synchronization, whereas high valence exhibits higher phase synchronization. The FC5, C3, PO3, and F4 electrodes are found to be statistically significant (p < 0.01) for arousal. For valence PO4 (p < 0.01) is found to be statistically significant in discriminating valence levels. It is also evident that PSI based on the theta and alpha bands can distinguish levels of arousal and valence. Hence, the proposed approach can be used to better understand the CNS-PNS interaction in various emotional states under clinical conditions.","2475-1472","","10.1109/LSENS.2024.3426562","","https://ieeexplore.ieee.org/stamp/stamp.jsp?arnumber=10596068","Sensor applications;arousal;central nervous system and peripheral nervous system (CNS-PNS) interaction;electroencephalogram (EEG);emotion;photoplethysmogram (PPG);phase synchronization;valence","Electroencephalography;Synchronization;Electrodes;Videos;Indexes;Sensors;Heart","","5","","17","IEEE","11 Jul 2024","Aug. 2024","","IEEE","IEEE Journals"
"Monitoring Level of Hypnosis Using Stationary Wavelet Transform and Singular Value Decomposition Entropy With Feedforward Neural Network","M. I. Dutt; W. Saadeh","Department of Electrical Engineering, Lahore University of Management Sciences, Lahore, Pakistan; Engineering and Design Department, Western Washington University, Bellingham, WA, USA",IEEE Transactions on Neural Systems and Rehabilitation Engineering,"11 Apr 2023","2023","31","","1963","1973","Classifying the patient’s depth of anesthesia (LoH) level into a few distinct states may lead to inappropriate drug administration. To tackle the problem, this paper presents a robust and computationally efficient framework that predicts a continuous LoH index scale from 0–100 in addition to the LoH state. This paper proposes a novel approach for accurate LoH estimation based on Stationary Wavelet Transform (SWT) and fractal features. The deep learning model adopts an optimized temporal, fractal, and spectral feature set to identify the patient sedation level irrespective of age and the type of anesthetic agent. This feature set is then fed into a multilayer perceptron network (MLP), a class of feed-forward neural networks. A comparative analysis of regression and classification is made to measure the performance of the chosen features on the neural network architecture. The proposed LoH classifier outperforms the state-of-the-art LoH prediction algorithms with the highest accuracy of 97.1% while utilizing minimized feature set and MLP classifier. Moreover, for the first time, the LoH regressor achieves the highest performance metrics ( $\text{R}^{{{2}}}=0.9$ , MAE = 1.5) as compared to previous work. This study is very helpful for developing highly accurate monitoring for LoH which is important for intraoperative and postoperative patients’ health.","1558-0210","","10.1109/TNSRE.2023.3264797","Engineering and Design Department, Western Washington University; Higher Education Commission (HEC), Pakistan Technology Transfer Support Fund(grant numbers:TTSF-50); ","https://ieeexplore.ieee.org/stamp/stamp.jsp?arnumber=10093766","Level of hypnosis (LoH);multilayer perceptron (MLP);electroencephalogram (EEG);stationary wavelet transform (SWT)","Electroencephalography;Anesthesia;Feature extraction;Monitoring;Indexes;Fractals;Transforms","Humans;Wavelet Analysis;Entropy;Neural Networks, Computer;Algorithms;Hypnosis","14","","52","CCBY","5 Apr 2023","2023","","IEEE","IEEE Journals"
"Inference on Long-Range Temporal Correlations in Human EEG Data","R. J. Smith; H. C. Ombao; D. W. Shrey; B. A. Lopour","Department of Biomedical Engineering, University of California, Irvine, USA; King Abdullah University of Science and Technology, Thuwal, Saudi Arabia; University of California, Irvine, USA; University of California, Irvine, USA",IEEE Journal of Biomedical and Health Informatics,"3 Apr 2020","2020","24","4","1070","1079","Detrended Fluctuation Analysis (DFA) is a statistical estimation algorithm used to assess long-range temporal dependence in neural time series. The algorithm produces a single number, the DFA exponent, that reflects the strength of long-range temporal correlations in the data. No methods have been developed to generate confidence intervals for the DFA exponent for a single time series segment. Thus, we present a statistical measure of uncertainty for the DFA exponent in electroencephalographic (EEG) data via application of a moving-block bootstrap (MBB). We tested the effect of three data characteristics on the DFA exponent: (1) time series length, (2) the presence of artifacts, and (3) the presence of discontinuities. We found that signal lengths of ∼5 minutes produced stable measurements of the DFA exponent and that the presence of artifacts positively biased DFA exponent distributions. In comparison, the impact of discontinuities was small, even those associated with artifact removal. We show that it is possible to combine a moving block bootstrap with DFA to obtain an accurate estimate of the DFA exponent as well as its associated confidence intervals in both simulated data and human EEG data. We applied the proposed method to human EEG data to (1) calculate a time-varying estimate of long-range temporal dependence during a sleep-wake cycle of a healthy infant and (2) compare pre- and post-treatment EEG data within individual subjects with pediatric epilepsy. Our proposed method enables dynamic tracking of the DFA exponent across the entire recording period and permits within-subject comparisons, expanding the utility of the DFA algorithm by providing a measure of certainty and formal tests of statistical significance for the estimation of long-range temporal dependence in neural data.","2168-2208","","10.1109/JBHI.2019.2936326","Institute of Clinical and Translational Sciences; Children's Hospital of Orange County Pediatric Subspecialty Faculty Tithe Grant; ","https://ieeexplore.ieee.org/stamp/stamp.jsp?arnumber=8819976","Bootstrapping;confidence interval;detrended fluctuation analysis;fractal processes;hurst exponent;long-term monitoring","Electroencephalography;Time series analysis;Correlation;Pediatrics;Brain modeling;Fluctuations;Microsoft Windows","Algorithms;Artifacts;Brain;Computer Simulation;Electroencephalography;Epilepsy;Fractals;Humans;Infant;Signal Processing, Computer-Assisted","11","","63","CCBY","29 Aug 2019","April 2020","","IEEE","IEEE Journals"
"Propofol-mediated Unconsciousness Disrupts Progression of Sensory Signals through the Cortical Hierarchy","J. M. Tauber; S. L. Brincat; E. P. Stephen; J. A. Donoghue; L. Kozachkov; E. N. Brown; E. K. Miller","Massachusetts Institute of Technology, Cambridge, MA; Massachusetts Institute of Technology, Cambridge, MA; Boston University, MA; Massachusetts Institute of Technology, Cambridge, MA; Massachusetts Institute of Technology, Cambridge, MA; Massachusetts Institute of Technology, Cambridge, MA; Massachusetts Institute of Technology, Cambridge, MA",Journal of Cognitive Neuroscience,"5 Mar 2024","2024","36","2","394","413","A critical component of anesthesia is the loss of sensory perception. Propofol is the most widely used drug for general anesthesia, but the neural mechanisms of how and when it disrupts sensory processing are not fully understood. We analyzed local field potential and spiking recorded from Utah arrays in auditory cortex, associative cortex, and cognitive cortex of nonhuman primates before and during propofol-mediated unconsciousness. Sensory stimuli elicited robust and decodable stimulus responses and triggered periods of stimulus-related synchronization between brain areas in the local field potential of Awake animals. By contrast, propofol-mediated unconsciousness eliminated stimulus-related synchrony and drastically weakened stimulus responses and information in all brain areas except for auditory cortex, where responses and information persisted. However, we found stimuli occurring during spiking Up states triggered weaker spiking responses than in Awake animals in auditory cortex, and little or no spiking responses in higher order areas. These results suggest that propofol's effect on sensory processing is not just because of asynchronous Down states. Rather, both Down states and Up states reflect disrupted dynamics.","0898-929X","","10.1162/jocn_a_02081","U.S. Naval Research Laboratory(grant numbers:N000142212453); National Institute of Neurological Disorders and Stroke(grant numbers:R01NS123120); National Institute of Mental Health(grant numbers:R01MH11559); National Institute of General Medical Sciences(grant numbers:P01GM118269); The Picower Institute for Learning and Memory; JPB Foundation; ","https://ieeexplore.ieee.org/stamp/stamp.jsp?arnumber=10460497","","","","","","","","5 Mar 2024","1 Feb. 2024","","MIT Press","MIT Press Journals"
"Investigating the Effect of Short Term Responsive VNS Therapy on Sleep Quality Using Automatic Sleep Staging","M. Ravan; J. Begnaud","Department of Electrical and Computer Engineering, New York Institute of Technology, New York, USA; LivaNova PLC (formerly Cyberonics Inc.)",IEEE Transactions on Biomedical Engineering,"20 Nov 2019","2019","66","12","3301","3309","Objective: The goal of this work is to objectively evaluate the effectiveness of responsive (or closedloop) Vagus nerve stimulation (VNS) therapy in sleep quality in patients with medically refractory epilepsy. Methods: Using quantitative features obtained from electroencephalography, we first developed a new automatic sleep-staging framework that consists of a multi-class support vector machine (SVM) classification, based on a decision tree approach. To train and evaluate the performance of the framework, we used polysomnographic data of 23 healthy subjects from the PhysioBank database where the sleep stages have been visually annotated. We then used the trained classifier to label the sleep stages using data from 22 patients with epilepsy, treated with short term responsive VNS therapy during an epilepsy-monitoring unit visit, one month after VNS implantation, and ten VNS-naïve patients with epilepsy. Results: Application of multi-class SVM classifier to classify the three sleep stages of awake, light sleep + rapid eye movement, and deep sleep achieved a classification accuracy of 90%. Results of the application of this methodology to VNS-treated and VNS-naïve patients revealed that the patients treated with short term responsive VNS therapy showed significant increase in sleep efficiency, and significant decrease in seizures plus interictal epileptiform discharges and awakenings. Conclusion: These results indicate that VNS treatment can reduce the epileptiform activities and thus help in achieving better sleep quality for patients with epilepsy. Significance: The proposed approach can be used to investigate the effect of long-term VNS therapy on sleep quality.","1558-2531","","10.1109/TBME.2019.2903987","","https://ieeexplore.ieee.org/stamp/stamp.jsp?arnumber=8663427","Automatic sleep staging;electroencephalography (EEG);epilepsy;sleep quality evaluation;Vagus nerve stimulation therapy","Sleep;Electroencephalography;Medical treatment;Epilepsy;Support vector machines","Adolescent;Adult;Aged;Databases, Factual;Electroencephalography;Epilepsy;Female;Humans;Male;Middle Aged;Polysomnography;Seizures;Signal Processing, Computer-Assisted;Sleep Stages;Support Vector Machine;Vagus Nerve Stimulation;Wakefulness;Young Adult","21","","53","IEEE","8 Mar 2019","Dec. 2019","","IEEE","IEEE Journals"
"SSC-SleepNet: A Siamese-Based Automatic Sleep Staging Model With Improved N1 Sleep Detection","S. Lin; Z. Wang; H. van Gorp; M. Xu; M. van Gilst; S. Overeem; J. -P. Linnartz; P. Fonseca; X. Long","College of Instrument Science and Electrical Engineering, Jilin University, Changchun, China; College of Instrument Science and Electrical Engineering, Jilin University, Changchun, China; Department of Electrical Engineering, Eindhoven University of Technology, Eindhoven, The Netherlands; Department of Electrical Engineering, Eindhoven University of Technology, Eindhoven, The Netherlands; Department of Electrical Engineering, Eindhoven University of Technology, Eindhoven, The Netherlands; Kempenhaeghe Center for Sleep Medicine, Heeze, The Netherlands; Department of Electrical Engineering, Eindhoven University of Technology, Eindhoven, The Netherlands; Philips Sleep and Respiratory Care, Eindhoven, The Netherlands; Department of Electrical Engineering, Eindhoven University of Technology, Eindhoven, The Netherlands",IEEE Journal of Biomedical and Health Informatics,"5 Sep 2025","2025","29","9","6830","6843","Automatic sleep staging from single-channel electroencephalography (EEG) using artificial intelligence (AI) is emerging as an alternative to costly and time-consuming manual scoring using multi-channel polysomnography. However, current AI methods, mainly deep learning models such as convolutional neural network (CNN) and long short-term memory (LSTM), struggle to detect the N1 sleep stage, which is challenging due to its rarity and ambiguous nature compared to other stages. Here we propose SSC-SleepNet, an automatic sleep staging algorithm aimed at improving the learning of N1 sleep. SSC-SleepNet employs a pseudo-Siamese neural network architecture owing to its capability in one- or few-shot learning with contrastive loss. SSC-SleepNet consists of two branches of neural networks: a squeeze-and-excitation residual network branch and a CNN-LSTM branch. These two branches are used to generate latent features of the EEG epoch. The adaptive loss function of SSC-SleepNet uses a weighing factor to combine weighted cross-entropy loss and focal loss to specifically address the class imbalance issue inherent in sleep staging. The proposed new loss function dynamically assigns a higher penalty to misclassified N1 sleep stages, which can improve the model's learning capability for this minority class. Four datasets were used for sleep staging experiments. In the Sleep-EDF-SC, Sleep-EDF-X, Sleep Heart Health Study, and Haaglanden Medisch Centrum datasets, SSC-SleepNet achieved macro F1-scores of 84.5%, 89.6%, 89.5%, and 85.4% for all sleep stages, and N1 sleep stage F1-scores of 60.2%, 58.3%, 57.8%, and 55.2%, respectively. Our proposed deep learning model outperformed most existing models in automatic sleep staging using single-channel EEG signals. In particular, N1 detection performance has been markedly improved compared to the state-of-the-art models.","2168-2208","","10.1109/JBHI.2025.3572886","","https://ieeexplore.ieee.org/stamp/stamp.jsp?arnumber=11012662","Sleep staging;Electroencephalography;Pseudo-siamese network;Adaptive loss function;N1 sleep","Sleep;Brain modeling;Electroencephalography;Feature extraction;Adaptation models;Convolutional neural networks;Training;Artificial intelligence;Accuracy","Humans;Electroencephalography;Sleep Stages;Neural Networks, Computer;Signal Processing, Computer-Assisted;Polysomnography;Adult;Algorithms;Male;Female;Young Adult;Deep Learning","6","","88","IEEE","23 May 2025","Sept. 2025","","IEEE","IEEE Journals"
"Stochastic complexity measures for physiological signal analysis","I. A. Rezek; S. J. Roberts","Department of Electrical and Electronic Engineering, Imperial College of Science, Technology and Medicine, London, UK; Department of Electrical and Electronic Engineering, Imperial College of Science, Technology and Medicine, London, UK",IEEE Transactions on Biomedical Engineering,"6 Aug 2002","1998","45","9","1186","1191","Traditional feature extraction methods describe signals in terms of amplitude and frequency. This paper takes a paradigm shift and investigates four stochastic-complexity features. Their advantages are demonstrated on synthetic and physiological signals; the latter recorded during periods of Cheyne-Stokes respiration, anesthesia, sleep, and motor-cortex investigation.","1558-2531","","10.1109/10.709563","","https://ieeexplore.ieee.org/stamp/stamp.jsp?arnumber=709563","","Stochastic processes;Signal analysis;Biomedical measurements;Frequency measurement;Predictive models;Feature extraction;Entropy;Power system modeling;Biomedical engineering;Anesthesia","Anesthesia;Cheyne-Stokes Respiration;Electroencephalography;Fourier Analysis;Humans;Monitoring, Physiologic;Motor Cortex;Nonlinear Dynamics;Signal Processing, Computer-Assisted;Sleep;Stochastic Processes","227","15","12","IEEE","6 Aug 2002","Sept. 1998","","IEEE","IEEE Journals"
"Discrimination of Wakefulness From Sleep Stage I Using Nonlinear Features of a Single Frontal EEG Channel","M. Shahbakhti; M. Beiramvand; T. Eigirdas; J. Solé-Casals; M. Wierzchon; A. Broniec-Wójcik; P. Augustyniak; V. Marozas","Biomedical Engineering Institute, Kaunas University of Technology, Kaunas, Lithuania; Department of Biomedical Engineering, Dezful Branch, Islamic Azad University, Dezful, Iran; Faculty of Electrical and Electronics Engineering, Kaunas University of Technology, Kaunas, Lithuania; Data and Signal Processing Research Group, University of Vic—Central University of Catalonia, Vic, Spain; Institute of Psychology, Jagiellonian University, Kraków, Poland; Department of Biocybernetics and Biomedical Engineering, AGH University of Science and Technology, Kraków, Poland; Department of Biocybernetics and Biomedical Engineering, AGH University of Science and Technology, Kraków, Poland; Biomedical Engineering Institute, Kaunas University of Technology, Kaunas, Lithuania",IEEE Sensors Journal,"31 Mar 2022","2022","22","7","6975","6984","Objective: Although a wide range of researches have shown the utility of electroencephalography (EEG) for the sleep monitoring, the majority of them reported a low sensitivity for classification of wakefulness from sleep stage I. This paper, therefore, validates a reliable nonlinear feature set for discriminating the wakefulness from sleep stage I using a single frontal EEG channel. Methods: Effectiveness of the proposed feature set was evaluated using four public databases namely Sleep Telemetry, DREAMS, MESA, and DCSM. After splitting the EEG signal into its sub-bands using discrete wavelet transform, Katz and Higuchi’s fractal dimensions, dispersion entropy, and bubble entropy were computed as the features. Then, 70% of the samples was randomly fed to the support vector machine, linear discriminant analysis, and k-nearest neighbors classifiers with 10-fold cross-validation for the training, whereas the rest was used for the unseen data testing. We also compared performance of the proposed feature set against the relative band power (RBP) analysis. Results: While the best classification results for both feature sets were achieved by the support vector machine, the proposed outperformed the RBP with the higher mean of sensitivity to sleep stage I for the Sleep Telemetry (82.6% vs. 71.8%,  ${p} < 0.05$ ), DREAMS (87.6% vs. 71.8%,  ${p} < 0.05$ ), DCSM (91.0% vs. 74.2%,  ${p} < 0.05$ ), and MESA (82.0% vs. 76.1%,  ${p} < 0.05$ ) databases. Significance: Considering interchangeability of the proposed feature set for discriminating the wakefulness from sleep stage I, it has the potential to be used for estimating the sleep onset latency in clinical applications.","1558-1748","","10.1109/JSEN.2022.3155345","European Cooperation in Science and Technology (COST) Action(grant numbers:CA18106); COST; ","https://ieeexplore.ieee.org/stamp/stamp.jsp?arnumber=9722851","Electroencephalography;nonlinear analysis;sleep;wakefulness","Sleep;Electroencephalography;Feature extraction;Databases;Discrete wavelet transforms;Sensors;Telemetry","","24","","53","IEEE","28 Feb 2022","1 April1, 2022","","IEEE","IEEE Journals"
"An EEG Screening Method for Severe Obstructive Sleep Apnea Based on Limited Penetrable Difference Visibility Graph and Graph Convolutional Network","Y. Zhang; Z. Li; Y. Lu; Y. Zhang; G. Liu; C. Wang","School of Biomedical Engineering, Shenzhen Campus of Sun Yat-Sen University, Shenzhen, Guangdong, China; School of Biomedical Engineering, Shenzhen Campus of Sun Yat-Sen University, Shenzhen, Guangdong, China; School of Biomedical Engineering, Shenzhen Campus of Sun Yat-Sen University, Shenzhen, Guangdong, China; School of Biomedical Engineering, Shenzhen Campus of Sun Yat-Sen University, Shenzhen, Guangdong, China; School of Biomedical Engineering, Shenzhen Campus of Sun Yat-Sen University, Shenzhen, Guangdong, China; School of Biomedical Engineering, Shenzhen Campus of Sun Yat-Sen University, Shenzhen, Guangdong, China",IEEE Journal of Biomedical and Health Informatics,"6 Nov 2025","2025","29","11","8011","8021","Obstructive Sleep Apnea (OSA) is a common respiratory disease characterized by recurrent airway block during sleep, which does great harm to the human body. Utilizing the electroencephalogram (EEG) has been proven instrumental in OSA detection, as sleep apnea occurrences induce discernible alterations in EEG patterns. In this study, we propose a Limited Penetrable Difference Visibility Graph (LPDVG) method to screen severe OSA. This method exhibits strong anti-noise performance, effective information extraction, and a certain degree of generalization ability. First of all, this study constructed LPDVG complex network and calculated the information entropy of the degree sequence in six leads. Subsequently, this study weighted the information entropy of each lead using the mutual information between leads to fuse information from the whole brain. Eventually, a classification model for the Graph Convolutional Network (GCN) was trained to detect patients with severe OSA. Using a dataset of 88 participants, we tested and evaluated this approach. The results showed a strong correlation between the extracted feature and AHI, with a Pearson correlation of 0.792. The accuracy, specificity, sensitivity, and area under the curve (AUC) of the GCN classification were 82.95%, 83.87%, 80.77%, and 0.905. Moreover, there are significant differences in LPDVGwSEN between patients in severe and non-severe OSA groups. Compared to those with non-severe OSA, brain activity in patients with severe OSA is more disorganized, especially in the theta frequency band. EEG data indicating this elevated activity is associated with disturbed sleep patterns in individuals with OSA.","2168-2208","","10.1109/JBHI.2025.3579556","National Natural Science Foundation of China(grant numbers:62303496); Basic and Applied Basic Research Foundation of Guangdong Province(grant numbers:2025A1515011729); ","https://ieeexplore.ieee.org/stamp/stamp.jsp?arnumber=11034704","Obstructive sleep apnea;electro- encephalograph;limited penetrable difference visibility graph;brain network;graph convolutional network","Electroencephalography;Feature extraction;Windows;Data mining;Sleep apnea;Information entropy;Correlation;Time series analysis;Mutual information;Classification algorithms","Humans;Sleep Apnea, Obstructive;Electroencephalography;Male;Signal Processing, Computer-Assisted;Female;Middle Aged;Adult;Neural Networks, Computer;Polysomnography;Aged","","","44","IEEE","13 Jun 2025","Nov. 2025","","IEEE","IEEE Journals"
"Automatic Identification of Insomnia Based on Single-Channel EEG Labelled With Sleep Stage Annotations","B. Yang; H. Liu","School of Electronic Science and Engineering, Nanjing University, Nanjing, China; School of Electronic Science and Engineering, Nanjing University, Nanjing, China",IEEE Access,"10 Jun 2020","2020","8","","104281","104291","Monitoring single-channel EEG is a promising home-based approach for insomnia identification. Currently, many automatic sleep stage scoring approaches based on single-channel EEG have been developed, whereas few studies research on automatic insomnia identification based on single-channel EEG labelled with sleep stage annotations. In this paper, we propose a one-dimensional convolutional neural network (1D-CNN) model for automatic insomnia identification based on single-channel EEG labelled with sleep stage annotations, and further investigate the identification performance based on different sleep stages EEG epochs. Single-channel EEG on 9 insomnia patients and 9 healthy subjects was used in this study. We constructed 4 subdatasets from EEG epochs based on the sleep stage annotations: All sleep stage dataset (ALL-DS), REM sleep stage dataset (REM-DS), light sleep stage dataset (LSS-DS), and SWS sleep stage dataset (SWS-DS). Subsequently, 4 subdatasets were fed into our 1D-CNN. We conducted experiments under intra-patient and inter-patient paradigms, respectively. Our experiments demonstrated that our 1D-CNN leveraging 3 subdatasets composed of REM, LSS and SWS epochs, respectively, achieved higher average accuracies in comparison with baseline methods under both intra-patient and inter-patient paradigms. The experimental results also indicated that amongst all the sleep stages, 1D-CNN leveraging REM and SWS epochs exhibited the best insomnia identification average accuracies in intra-patient paradigm, which are 98.98% and 99.16% respectively, whereas no statistically significant difference was found in inter-patient paradigm. For automatic insomnia identification based on single-channel EEG labelled with sleep stage annotations, 1D-CNN model introduced in this paper could achieve superior performance than traditional methods.","2169-3536","","10.1109/ACCESS.2020.2999915","Fundamental Research Funds for the Central Universities(grant numbers:021014380163); ","https://ieeexplore.ieee.org/stamp/stamp.jsp?arnumber=9108277","Convolutional neural networks;insomnia;inter-patient paradigm;intra-patient paradigm;single-channel electroencephalogram (EEG);sleep stage;sleep data analysis","Sleep;Electroencephalography;Feature extraction;Brain modeling;Annotations;Hidden Markov models;Data preprocessing","","33","","42","CCBY","4 Jun 2020","2020","","IEEE","IEEE Journals"
"An EEG-Based Hypnotic State Monitor for Patients During General Anesthesia","F. H. Khan; W. Saadeh","Electrical Engineering Department, Lahore University of Management Sciences, Lahore, Pakistan; Electrical Engineering Department, Lahore University of Management Sciences, Lahore, Pakistan",IEEE Transactions on Very Large Scale Integration (VLSI) Systems,"27 Apr 2021","2021","29","5","950","961","Most surgical procedures are not possible without general anesthesia which necessitates continuous and accurate monitoring of the patients' level of hypnosis (LoH). Currently, the LoH is monitored using the conventional methods of either observing the patient's physiological parameters or using electroencephalogram (EEG)-based monitors. To overcome the limitations of the conventional methods, this work implements an accurate EEG-based LoH monitoring processor using a bagged tree machine-learning (BTML) classifier. It is based on 12 temporal and spectral features to incorporate robustness against age variation and achieve high classification accuracy. Spectral features are computed using discrete wavelet transform (DWT) that uses time-multiplexed filter (TMF) architecture. The TMF DWT consumes 110.6-nJ/feature vector for a 100-tap filter while reducing the area by 11% compared with the conventional method. Moreover, the BTML is implemented using a pipelined approach which enables an efficient on-chip implementation to reduce the hardware cost by 15× compared with the parallel approach. The proposed processor is implemented using a 180-nm CMOS process with an active area of 0.9 mm2 while consuming 1.6 mW. The accuracy of the proposed hypnotic state monitor is verified using two EEG databases with a total of 95 patients and achieves a sensitivity and specificity of 95.4% and 97.7%, respectively.","1557-9999","","10.1109/TVLSI.2021.3058047","Higher Education Commission (HEC), Pakistan(grant numbers:7982/Punjab/NRPU/R&D/HEC/2017); ","https://ieeexplore.ieee.org/stamp/stamp.jsp?arnumber=9360837","Chebyshev chaotic maps;wireless sensor networks systems;subtree;short signature scheme;random oracle","Monitoring;Electroencephalography;Discrete wavelet transforms;Biomedical monitoring;Feature extraction;Pediatrics;Indexes","","22","","44","IEEE","23 Feb 2021","May 2021","","IEEE","IEEE Journals"
"Time-Varying Time–Frequency Complexity Measures for Epileptic EEG Data Analysis","M. A. Colominas; M. E. S. H. Jomaa; N. Jrad; A. Humeau-Heurtier; P. Van Bogaert","Laboratoire Angevin de Recherche en Ingénierie des Systèmes, Université Angers, Angers, France; Laboratoire Angevin de Recherche en Ingénierie des Systèmes, Université Angers, Angers, France; Laboratoire Angevin de Recherche en Ingénierie des Systèmes, Université Angers, Angers, France; Laboratoire Angevin de Recherche en Ingénierie des Systèmes, Université Angers, Angers, France; Laboratoire Angevin de Recherche en Ingénierie des Systèmes, Université Angers, Angers, France",IEEE Transactions on Biomedical Engineering,"17 Jul 2018","2018","65","8","1681","1688","Objective: Our goal is to use existing and to propose new time-frequency entropy measures that objectively evaluate the improvement on epileptic patients after medication by studying their resting state electroencephalography (EEG) recordings. An increase in the complexity of the signals would confirm an improvement in the general state of the patient. Methods: We review the Rényi entropy based on time-frequency representations, along with its time-varying version. We also discuss the entropy based on singular value decomposition computed from a time-frequency representation, and introduce its corresponding time-dependant version. We test these quantities on synthetic data. Friedman tests are used to confirm the differences between signals (before and after proper medication). Principal component analysis is used for dimensional reduction prior to a simple threshold discrimination. Results: Experimental results show a consistent increase in complexity measures in the different regions of the brain. These findings suggest that extracted features can be used to monitor treatment. When combined, they are useful for classification purposes, with areas under ROC curves higher than 0.93 in some regions. Conclusion: Here we applied time-frequency complexity measures to resting state EEG signals from epileptic patients for the first time. We also introduced a new time-varying complexity measure. We showed that these features are able to evaluate the treatment of the patient, and to perform classification. Significance: The time-frequency complexities, and their time-varying versions, can be used to monitor the treatment of epileptic patients. They could be applied to a wider range of problems.","1558-2531","","10.1109/TBME.2017.2761982","European Commission(grant numbers:FP7 DESIRE (Health-F2-602531-2013)); DESIRE; ","https://ieeexplore.ieee.org/stamp/stamp.jsp?arnumber=8064678","EEG data;epilepsy;Rényi entropy;signal complexity;SVD entropy;time-frequency","Entropy;Time-frequency analysis;Complexity theory;Electroencephalography;Spectrogram;Chirp","Brain;Child;Electroencephalography;Entropy;Epilepsy;Female;Humans;Male;Principal Component Analysis;Signal Processing, Computer-Assisted","15","","40","IEEE","11 Oct 2017","Aug. 2018","","IEEE","IEEE Journals"
"Driver Fatigue Detection Through Chaotic Entropy Analysis of Cortical Sources Obtained From Scalp EEG Signals","A. Chaudhuri; A. Routray","Advanced Technology Development Center, IIT Kharagpur, Kharagpur, India; Department of Electrical Engineering, IIT Kharagpur, Kharagpur, India",IEEE Transactions on Intelligent Transportation Systems,"31 Dec 2019","2020","21","1","185","198","In this paper, the focus is on the analysis of a scalp electroencephalography (EEG) database of human subjects using the electrophysiological source imaging or source localization and the classification of normal and sleep-deprived states. The EEG collection was carried out while the subjects were driving in simulated condition in a laboratory, where the fatigue level propagates through 11 different stages of fatigue, to achieve the sleep deprivation of a total period of 36 h. Standardized low-resolution brain electromagnetic tomography (sLORETA) algorithm has been used here for estimating the source activations on the surface of the neo-cortex. sLORETA transforms the surface or scalp EEG data to the corresponding corticular dipole sources at each voxel on a simulated neo-cortex. For the characterization of the underlying neural patterns, approximate and sample entropies in voxels nearest to specific electrodes for different subjects and varying fatigue levels have been computed. Approximate entropy, sample entropy, and modified sample entropy are used here as the measures of complexity, similarity, and regularity in the sources. As a further investigation, these measures computed over all the stages are used to train a support vector machine, which classifies the measured values between alert and extremely fatigued states. As a result, several observations on the nature of change of the chaotic entropies are provided, and up to 86% classification accuracy is obtained.","1558-0016","","10.1109/TITS.2018.2890332","Ministry of Human Resources and Development, Government of India; ","https://ieeexplore.ieee.org/stamp/stamp.jsp?arnumber=8626762","Chaotic entropy;dipoles;scalp EEG;sleep deprivation;standardized low-resolution brain electromagnetic tomography (sLORETA);support vector machines","Electroencephalography;Sleep;Fatigue;Entropy;Scalp;Brain modeling;Vehicles","","68","","75","IEEE","25 Jan 2019","Jan. 2020","","IEEE","IEEE Journals"
"Automatic Sleep Monitoring Using Ear-EEG","T. Nakamura; V. Goverdovsky; M. J. Morrell; D. P. Mandic","Department of Electrical and Electronic Engineering, Imperial College London, London, U.K.; Department of Electrical and Electronic Engineering, Imperial College London, London, U.K.; Imperial College London, London, U.K.; Department of Electrical and Electronic Engineering, Imperial College London, London, U.K.",IEEE Journal of Translational Engineering in Health and Medicine,"13 Jul 2017","2017","5","","1","8","The monitoring of sleep patterns without patient's inconvenience or involvement of a medical specialist is a clinical question of significant importance. To this end, we propose an automatic sleep stage monitoring system based on an affordable, unobtrusive, discreet, and long-term wearable in-ear sensor for recording the electroencephalogram (ear-EEG). The selected features for sleep pattern classification from a single ear-EEG channel include the spectral edge frequency and multi-scale fuzzy entropy, a structural complexity feature. In this preliminary study, the manually scored hypnograms from simultaneous scalpEEG and ear-EEG recordings of four subjects are used as labels for two analysis scenarios: 1) classification of ear-EEG hypnogram labels from ear-EEG recordings; and 2) prediction of scalp-EEG hypnogram labels from ear-EEG recordings. We consider both 2-class and 4-class sleep scoring, with the achieved accuracies ranging from 78.5% to 95.2% for ear-EEG labels predicted from ear-EEG, and 76.8% to 91.8% for scalp-EEG labels predicted from ear-EEG. The corresponding Kappa coefficients range from 0.64 to 0.83 for Scenario 1, and indicate substantial to almost perfect agreement, while for Scenario 2 the range of 0.65-0.80 indicates substantial agreement, thus further supporting the feasibility of in-ear sensing for sleep monitoring in the community.","2168-2372","","10.1109/JTEHM.2017.2702558","EPSRC grant Engineering(grant numbers:EP/K025643/1); Rosetrees Trust; EPSRC Pathways to Impact(grant numbers:PS8038); MURI/EPSRC(grant numbers:EP/P008461); ","https://ieeexplore.ieee.org/stamp/stamp.jsp?arnumber=7959059","Wearable EEG;in-ear sensing;ear-EEG;automatic sleep classification;structural complexity analysis","Sleep;Biomedical monitoring;Electroencephalography;Monitoring;Ear;Entropy;Electrodes","","79","","24","CCBY","26 Jun 2017","2017","","IEEE","IEEE Journals"
"Fractal Dimension and Power Spectrum of Electroencephalography Signals of Sleep Inertia State","S. S. Mohd Radzi; V. S. Asirvadam; M. Z. Yusoff","Centre for Intelligent Signal and Imaging Research, Universiti Teknologi PETRONAS, Seri Iskandar, Malaysia; Department of Electrical and Electronics Engineering, Universiti Teknologi PETRONAS, Seri Iskandar, Malaysia; Centre for Intelligent Signal and Imaging Research, Universiti Teknologi PETRONAS, Seri Iskandar, Malaysia",IEEE Access,"31 Dec 2019","2019","7","","185879","185892","Human brain functions and behaviors during the transition state between sleep and wakefulness are not similar to these at alert wakefulness state. The transition state, which is called sleep inertia, has many unpleasant and dangerous effects on many situations that require full attention and fast response, such as driving. Within 30 minutes after waking up from sleep, the driver’s performance might be impaired due to the sleep inertia effects. Groups of drivers that may drive within a short period after waking up are: workers who travel early in the morning; secondary drivers of long distance bus who sleep in the bus before taking over the job from the primary drivers; night travelers; and long haul truck drivers who stop at the rest area to sleep for a while and continue driving. Previous research used subjective self-report measurement, eye tracker, and a driving simulator to analyze the driver’s performance during sleep inertia state. The physiological measures of the drivers, such as their brain signals have also been studied. However, the brain signals which are recorded in Electroencephalography (EEG) are typically analyzed in perspective of the power spectrum. This study proposes a hybrid of EEG features, which are fractal dimension and power spectrum, supported by behavioral data which is the driver’s reaction time. This study finds the features that significantly differentiate between normal and sleep inertia drivers based on the classification accuracy and p-value of the statistical ANOVA. This study compares the results with other features (power spectrum, variance, sample entropy), and between EEG channel. This study record the EEG from the Fz, T7, Cz, Pz, and O1 channels. This study uses subjective and behavioral measurements to support the results. The results show that the hybrid of fractal dimension estimated by Katz’s algorithm at the O1 channel and delta power from the Fz channel, and alpha power from the O1 channel, have better classifications than the power spectrum alone. Furthermore, the reaction time recorded from the LED reaction time task shows a significant difference between drivers with sleep inertia and normal (alert) drivers.","2169-3536","","10.1109/ACCESS.2019.2960852","Ministry of Higher Education, Malaysia(grant numbers:015MAO-050); Ministry of Education (MOE) Malaysia under Fundamental Research Grant Scheme (FRGS)(grant numbers:0153AB-L27); ","https://ieeexplore.ieee.org/stamp/stamp.jsp?arnumber=8936916","Brain signal;EEG;EEG features;electroencephalography;fractal dimension;Katz’s algorithm;power spectrum;sleep inertia;sleep offset;transport safety","Sleep;Electroencephalography;Fractals;Vehicles;Task analysis;Accidents;Safety","","11","","55","CCBY","19 Dec 2019","2019","","IEEE","IEEE Journals"
"Neural Network Adaptive Output Feedback Control for Intensive Care Unit Sedation and Intraoperative Anesthesia","W. M. Haddad; J. M. Bailey; T. Hayakawa; N. Hovakimyan","School of Aerospace Engineering, Georgia Institute of Technology, Atlanta, GA, USA; Department of Anesthesiology, Northeast Georgia Medical Center, Gainesville, GA, USA; Department of Mechanical and Environmental Informatics, Tokyo Institute of Technology, Tokyo, Japan; Department of Aerospace and Ocean Engineering, Virginia Polytechnic Institute and State University, Blacksburg, VA, USA",IEEE Transactions on Neural Networks,"9 Jul 2007","2007","18","4","1049","1066","The potential applications of neural adaptive control for pharmacology, in general, and anesthesia and critical care unit medicine, in particular, are clearly apparent. Specifically, monitoring and controlling the depth of anesthesia in surgery is of particular importance. Nonnegative and compartmental models provide a broad framework for biological and physiological systems, including clinical pharmacology, and are well suited for developing models for closed-loop control of drug administration. In this paper, we develop a neural adaptive output feedback control framework for nonlinear uncertain nonnegative and compartmental systems with nonnegative control inputs. The proposed framework is Lyapunov-based and guarantees ultimate boundedness of the error signals. In addition, the neural adaptive controller guarantees that the physical system states remain in the nonnegative orthant of the state space. Finally, the proposed approach is used to control the infusion of the anesthetic drug propofol for maintaining a desired constant level of depth of anesthesia for noncardiac surgery.","1941-0093","","10.1109/TNN.2007.899164","","https://ieeexplore.ieee.org/stamp/stamp.jsp?arnumber=4267708","Adaptive control;automated anesthesia;bispectral index (BIS);dynamic output feedback;electroencephalography;neural networks;nonlinear nonnegative systems;nonnegative control;set-point regulation","Neural networks;Adaptive systems;Programmable control;Adaptive control;Output feedback;Anesthesia;Control systems;Medical control systems;Surgery;Biological system modeling","Anesthesia;Computer Simulation;Drug Therapy, Computer-Assisted;Electroencephalography;Expert Systems;Feedback;Hypnotics and Sedatives;Intensive Care;Models, Biological;Monitoring, Intraoperative;Neural Networks (Computer)","66","2","46","IEEE","9 Jul 2007","July 2007","","IEEE","IEEE Journals"
"Consformer: Consciousness Detection Using Transformer Networks With Correntropy-Based Measures","X. Sun; Y. Qi; X. Ma; C. Xu; B. Luo; G. Pan","College of Computer Science and Technology, Zhejiang University, Hangzhou, China; State Key Laboratory of Brain-Machine Intelligence and the MOE Frontier Science Center for Brain Science and Brain-Machine Integration, Zhejiang University, Hangzhou, China; School of Brain Science and Brain Medicine, Zhejiang University, Hangzhou, China; Department of Neurology, Sir Run Run Shaw Hospital, School of Medicine, Zhejiang University, Hangzhou, China; Department of Neurology, The First Affiliated Hospital, School of Medicine, Zhejiang University, Hangzhou, China; State Key Laboratory of Brain-Machine Intelligence and the College of Computer Science and Technology, Zhejiang University, Hangzhou, China",IEEE Transactions on Neural Systems and Rehabilitation Engineering,"13 Jul 2023","2023","31","","2933","2943","Consciousness detection is important in diagnosis and treatment of disorders of consciousness (DOC). Recent studies have demonstrated that electroencephalography (EEG) signals contain effective information for consciousness state evaluation. We propose two novel EEG measures: the spatiotemporal correntropy and the neuromodulation intensity, to reflect the temporal-spatial complexity in brain signals for consciousness detection. Then, we build a pool of EEG measures with different spectral, complexity and connectivity features, and propose Consformer, a transformer network to learn an adaptive optimization of features for different subjects with the attention mechanism. Experiments are carried out using a large dataset of 280 resting-state EEG recordings of DOC patients. Consformer discriminates minimally conscious state (MCS) from vegetative state (VS) with an accuracy of 85.73% and an F1-score of 86.95%, which achieves the state-of-the-art performance.","1558-0210","","10.1109/TNSRE.2023.3250958","Science Technology Innovation 2030 Major Projects(grant numbers:2021ZD0200400); Natural Science Foundation of China(grant numbers:U1909202,62276228,61925603); Key Research and Development Program of Zhejiang Province in China(grant numbers:2020C03004); Key Realm Research and Development Program of Guangzhou(grant numbers:202007030005); ","https://ieeexplore.ieee.org/stamp/stamp.jsp?arnumber=10057051","Consciousness detection;electroencephalogram;transformer;correntropy;machine learning","Electroencephalography;Neuromodulation;Spatiotemporal phenomena;Complexity theory;Recording;Transformers;Probability density function","Humans;Consciousness;Brain;Persistent Vegetative State;Electroencephalography;Learning","12","","48","CCBYNCND","1 Mar 2023","2023","","IEEE","IEEE Journals"
"Graph-Theory-Based Multilevel Cortical Functional Connectivity Developmental Analysis","K. Pan; T. Jiang; R. Zheng; T. Wang; F. Gao; J. Cao","Machine Learning and I-Health International Cooperation Base of Zhejiang Province and the Artificial Intelligence Institute, Hangzhou Dianzi University, Hangzhou, China; Department of Neurology, The Children’s Hospital, Zhejiang University School of Medicine, National Clinical Research Center for Children Health, Hangzhou, China; Machine Learning and I-Health International Cooperation Base of Zhejiang Province and the Artificial Intelligence Institute, Hangzhou Dianzi University, Hangzhou, China; Machine Learning and I-Health International Cooperation Base of Zhejiang Province and the Artificial Intelligence Institute, Hangzhou Dianzi University, Hangzhou, China; Department of Neurology, The Children’s Hospital, Zhejiang University School of Medicine, National Clinical Research Center for Children Health, Hangzhou, China; Machine Learning and I-Health International Cooperation Base of Zhejiang Province and the Artificial Intelligence Institute, Hangzhou Dianzi University, Hangzhou, China",IEEE Transactions on Cognitive and Developmental Systems,"4 Apr 2024","2024","16","2","650","659","Functional connectivity (FC) is an efficient measurement to describe brain’s traits in information processing. But FCs at developmental stages from infancy to adolescence usually have severe individual variance, may affect the FC characterization analysis. Yet few past studies try to address this problem. In this article, we select quiet sleep (QS) and nonrapid eye movement (NREM) period electroencephalogram (EEG) of 42 healthy subjects from 0 to 17 years old for study. Random network combined with stability measurement using Shannon entropy (SE) is used to construct the individual-level FC (ILFC), which can describe the individual brain’s interaction. Majority voting is applied to construct the group-level FC (GLFC), which can describe the core part of ILFCs within the same age. Based on FCs, graph theory and statistical analysis are further applied, where the following conclusions are observed: 1) the  $\beta $  band of EEG is most important in showing the age related variance of functional separation and integration; 2) 3 months–3 years old is the transition period from intrasubnetwork interacting mode to intersubnetwork interacting mode; 3) the phenomenon of complementation and overlay among GLFCs in different bands can be found; and 4) the GLFC’s network centrality becomes not obvious as age increases during 1–14 years old.","2379-8939","","10.1109/TCDS.2023.3285771","National Key Research and Development Program of China(grant numbers:2021YFE0100100); National Natural Science Foundation of China(grant numbers:U1909209); Natural Science Key Foundation of Zhejiang Province(grant numbers:LZ22F030002); Research Funding of Education of Zhejiang Province(grant numbers:GK228810299201); University-Industry Collaborative Education Program(grant numbers:202002307010); ","https://ieeexplore.ieee.org/stamp/stamp.jsp?arnumber=10153344","Functional connectivity (FC);graph theory;majority voting;nonrapid eye movement (NREM) sleep electroencephalogram (EEG);quiet sleep (QS) EEG;random network","Electroencephalography;Pediatrics;Sleep;Graph theory;Recording;Neurons;Brain","","4","","49","IEEE","14 Jun 2023","April 2024","","IEEE","IEEE Journals"
"Monitoring the Depth of Anesthesia Based on Phase-Amplitude Coupling of Near-Infrared Spectroscopy Signals","Z. Liu; L. Si; J. Li; J. Zhu; W. H. Lee; B. Chen; X. Yan; Q. Wang; G. Wang","Key Laboratory of Biomedical Information Engineering of Ministry of Education, Institute of Biomedical Engineering, School of Life Science and Technology, Xi’an Jiaotong University, Xi’an, China; Key Laboratory of Biomedical Information Engineering of Ministry of Education, Institute of Biomedical Engineering, School of Life Science and Technology, Xi’an Jiaotong University, Xi’an, China; Department of Anesthesiology, Honghui Hospital, and the Key Laboratory of Biomedical Information Engineering of Ministry of Education, Institute of Biomedical Engineering, School of Life Science and Technology, Xi’an Jiaotong University, Xi’an, China; Department of Anesthesiology, Shaanxi Provincial People’s Hospital, and the Key Laboratory of Biomedical Information Engineering of Ministry of Education, Institute of Biomedical Engineering, School of Life Science and Technology, Xi’an Jiaotong University, Xi’an, China; Department of Software Convergence, Kyung Hee University, Yongin-si, Republic of Korea; Institute of Artificial Intelligence and Robotics, Xi’an Jiaotong University, Xi’an, China; Key Laboratory of Biomedical Information Engineering of Ministry of Education, Institute of Biomedical Engineering, School of Life Science and Technology, Xi’an Jiaotong University, Xi’an, China; Department of Anesthesiology and the Center for Brain Science, First Affiliated Hospital, Xi’an Jiaotong University, Xi’an, China; Key Laboratory of Biomedical Information Engineering of Ministry of Education, Institute of Biomedical Engineering, School of Life Science and Technology, Xi’an Jiaotong University, Xi’an, China",IEEE Transactions on Neural Systems and Rehabilitation Engineering,"6 Jul 2023","2023","31","","2849","2857","Accurate monitoring of the depth of anesthesia (DOA) is essential to ensure the safety of the operation. In this study, a new index using near-infrared spectroscopy (NIRS) signal was proposed to assess the relationship between the DOA and cerebral hemodynamic variables. Methods: Four cerebral hemodynamic variables of 15 patients were collected, including left, right, proximal, distal, oxygenated (HbO $_{{2}}{)}$  and deoxygenated (Hb) hemoglobin concentration changes. The Phase-Amplitude coupling (PAC), an adaptation of cross-frequency coupling to reflect the modulation of the amplitude of high-frequency signals by the phase of low-frequency signals, was measured and the modulation index (MI) was obtained to monitor the DOA afterwards. Meanwhile, the BIS value based on electroencephalogram is also measured and compared. Results: Compared with awake period, in anesthesia maintenance period, the PAC was strengthened. The analysis of receiver operating characteristic (ROC) curve showed that the MI, especially the MI of rp-HbO2, could effectively discriminate these two periods. Additionally, during the whole anesthesia process, the BIS value was statistically consistent with the MI of cerebral hemodynamic variables, and cerebral hemodynamic variables were immune from interference by clinical electric devices. Conclusion: The MI of cerebral hemodynamic variables was appropriate to be used as a new index to monitor the DOA. Significance: This study is of great significance to the development of new modes of anesthesia monitoring and new decoding methods, and is expected to develop a high-performance anesthesia monitoring system.","1558-0210","","10.1109/TNSRE.2023.3289183","National Natural Science Foundation of China(grant numbers:32071372,62271385); National Key Research and Development Program of China(grant numbers:2022YFC2503803); Sichuan Province Science and Technology Support Program(grant numbers:2022YFS0030); Natural Science Basic Research Program of Shaanxi(grant numbers:2022JM-526); Science and Technology Program of Xi’an(grant numbers:21YXYJ0093); ","https://ieeexplore.ieee.org/stamp/stamp.jsp?arnumber=10163249","Depth of anesthesia;near-infrared spectroscopy;cerebral hemodynamic variables;phase-amplitude coupling","Anesthesia;Hemodynamics;Monitoring;Couplings;Probes;Picture archiving and communication systems;Knee replacement","Humans;Spectroscopy, Near-Infrared;Anesthesia;Hemodynamics;Monitoring, Physiologic;Electroencephalography;Hemoglobins","5","","38","CCBY","26 Jun 2023","2023","","IEEE","IEEE Journals"
"Detecting Disorders of Consciousness in Brain Injuries From EEG Connectivity Through Machine Learning","F. Wang; Y. -C. Tian; X. Zhang; F. Hu","College of Information and Computer, Taiyuan University of Technology, Taiyuan, China; School of Computer Science, Queensland University of Technology, Brisbane, QLD, Australia; College of Information and Computer, Taiyuan University of Technology, Taiyuan, China; Department of Neurology, Shanxi Provincial People’s Hospital affiliated with Shanxi Medical University, Taiyuan, China",IEEE Transactions on Emerging Topics in Computational Intelligence,"21 Jan 2022","2022","6","1","113","123","Disorders of consciousness (DoC) happen frequently in various brain injuries. Their detection helps timely treatment for better survival outcomes of DoC patients. It is conventionally undertaken via clinical examinations, typically behavioural assessments. However, these neurological examinations consume significant resources of manpower and time, making continuous DoC monitoring practically infeasible. To address this issue, a computer-aided approach is proposed in this article for automated DoC detection through extracting knowledge from electroencephalogram (EEG) signals. It introduces a new connectivity measure: Power Spectral Density Difference (PSDD) incorporating with a recursive Cosine function (CPSDD). Then, the approach classifies brain-injured patients into DoC (i.e., positive) and wakefulness (i.e., negative) classes through an ensemble of support vector machines (EOSVM), which is a type of machine-learning methods. It is further applied to a dataset of 607 patients with brain injuries. Our classification results show that the EOSVM classifier with the new connectivity measure CPSDD has achieved the best classification performance among 12 connectivity measures. For a setting of 97% majority voting from all SVMs, the EOSVM has diagnosed, in high confidence, 35% of patients with the accuracy, sensitivity, and specificity of 98.21%, 100%, and 95.79%, respectively. Thus, the classifier EOSVM incorporating with the new connectivity measure CPSDD is a promising tool for automatic detection of DoC in brain injuries.","2471-285X","","10.1109/TETCI.2020.3032662","Department of Science and Technology of the Shanxi Provincial Government of China; Key Research and Development Projects(grant numbers:201803D31045); Australian Research Council(grant numbers:LP140100394); Wu Jieping Medical Foundation of China(grant numbers:320675016129); Research Project Supported by Shanxi Scholarship Council of China(grant numbers:HGKY2019025); ","https://ieeexplore.ieee.org/stamp/stamp.jsp?arnumber=9252159","Machine learning;brain connectivity;disorders of consciousness (DoC);electroencephalogram (EEG)","Electroencephalography;Brain injuries;Frequency measurement;Phase measurement;Machine learning;Medical diagnostic imaging;Electrodes","","15","","33","IEEE","9 Nov 2020","Feb. 2022","","IEEE","IEEE Journals"
"Resting-State EEG Functional Connectivity for Brain Function Analysis and Severity Classification in Obstructive Sleep Apnea","M. Liu; L. Zhou; Y. Wang; W. Lin; J. Luo; C. Fu; F. Ding; W. Chen; C. Chen","School of Information Science and Technology, Fudan University, Shanghai, China; School of Information Science and Technology, Fudan University, Shanghai, China; School of Information Science and Engineering, Lanzhou University, Lanzhou, China; School of Information Science and Technology, Fudan University, Shanghai, China; Human Phenome Institute, Fudan University, Shanghai, China; Department of Neurology, Huashan Hospital, Fudan University, Shanghai, China; Department of Pharmacology, School of Basic Medical Sciences, Shanghai Medical College, Fudan University, Shanghai, China; School of Biomedical Engineering, The University of Sydney, Sydney, NSW, Australia; Center for Medical Research and Innovation, Shanghai Pudong Hospital, Human Phenome Institute, Fudan University, Shanghai, China",IEEE Transactions on Neural Systems and Rehabilitation Engineering,"16 Sep 2025","2025","33","","3662","3673","Obstructive sleep apnea (OSA), one of the most common sleep disorders globally, is closely linked to brain function. Resting-state electroencephalography (EEG), due to its convenience, cost-effectiveness, and high temporal resolution, serves as a valuable tool for exploring the human brain function. This study utilized a large cohort with 968 participants who joined in 15-minute daytime resting-state EEG acquisition and overnight polysomnography (PSG) monitoring. Participants were categorized into healthy controls and mild, moderate, and severe OSA groups based on apnea-hypopnea index (AHI) derived from PSG data. Resting-state EEG functional connectivity (FC) was estimated using correlation (Corr), coherence (Coh), phase-locking value (PLV), and phase lag index (PLI). Results showed that FC between most nodes increased with the OSA severity, which suggest the potential neural compensation. However, regional decreases emerged in the right central, right frontal, left central, and left parieto-occipital regions. Higher frequency bands exhibited fewer enhanced FC connections. Graph-theoretical analysis revealed reduced centrality, indicating weakened communication hubs and potential topological reorganization. Multivariate analysis with adjustment of age, sex, and BMI, was also used as a feature selection strategy, identified effective FC features of OSA severity (p value < adjusted significance threshold, 2.15e-5). These FC features were used in machine learning models for severity classification and enhanced interpretability. The Corr-based XGBoost model achieved the highest performance, with an accuracy of 0.79 and AUC of 0.90. These findings highlight OSA-related brain function alterations and demonstrate that resting-state EEG FC provides a non-invasive, task-free and interpretable tool for OSA severity classification without disrupting natural sleep.","1558-0210","","10.1109/TNSRE.2025.3607776","Shanghai Municipal Science and Technology Major Project(grant numbers:2023SHZDZX02,2017SHZDZX01); ","https://ieeexplore.ieee.org/stamp/stamp.jsp?arnumber=11153990","Obstructive sleep apnea;resting-state functional connectivity;graph theory;machine learning;precision medicine","Electroencephalography;Sleep;Indexes;Electrodes;Monitoring;Recording;Data collection;Couplings;Brain modeling;Sleep apnea","Humans;Sleep Apnea, Obstructive;Male;Female;Electroencephalography;Middle Aged;Adult;Polysomnography;Brain;Severity of Illness Index;Rest;Algorithms;Cohort Studies;Neural Pathways;Brain Mapping;Reproducibility of Results","1","","65","CCBY","9 Sep 2025","2025","","IEEE","IEEE Journals"
"The Effect of Beat Frequency Vibration on Sleep Latency and Neural Complexity: A Pilot Study","B. J. Himes; J. D. Blotter; D. B. Kay; S. C. Steffensen; J. B. Feland; K. B. Bills; D. L. Mcpherson; K. Manwaring; D. Lafont-Tanner; B. Layton","Department of Mechanical Engineering, Brigham Young University (BYU), Provo, UT, USA; Department of Mechanical Engineering, Brigham Young University (BYU), Provo, UT, USA; Department of Psychology and Neuroscience, Brigham Young University (BYU), Provo, UT, USA; Department of Psychology and Neuroscience, Brigham Young University (BYU), Provo, UT, USA; Department of Exercise Science, Brigham Young University (BYU), Provo, UT, USA; Noorda College of Osteopathic Medicine, Provo, UT, USA; Department of Psychology and Neuroscience, Brigham Young University (BYU), Provo, UT, USA; Orthopedic and Sports Medicine Group, Orlando Health Orthopedic Institute, Orlando, FL, USA; Department of Psychology and Neuroscience, Brigham Young University (BYU), Provo, UT, USA; Department of Psychology and Neuroscience, Brigham Young University (BYU), Provo, UT, USA",IEEE Transactions on Neural Systems and Rehabilitation Engineering,"13 May 2021","2021","29","","872","883","Insomnia affects millions of people worldwide, and non-pharmacological treatment options are limited. A bed excited with multiple vibration sources was used to explore beat frequency vibration (BFV) as a non-pharmacological treatment for insomnia. A repeated measures design pilot study of 14 participants with mild-moderate insomnia symptom severity (self-reported on the Insomnia Severity Index) was conducted to determine the effects of BFV, and traditional standing wave vibration (SWV) on sleep latency and sleep electrocortical activity. Participants were monitored using high-density electroencephalography (HD-EEG). Sleep latency was compared between treatment conditions. A trend of decreasing sleep latency due to BFV was found for unequivocal sleep latency (p ≤ 0.068). Neural complexity during wake, N1, and N2 stages were compared using Multi-Scale Sample Entropy (MSE), which demonstrated significantly lower MSE between wake and N2 stages (p ≤ 0.002). During N2 sleep, BFV showed lower MSE than the control session in the left frontoparietal region. As a measure of information integration, reduced entropy may indicate that BFV decreases conscious awareness during deeper stages of sleep. SWV caused reduced alpha activity and increased delta activity during wake. BFV caused increased delta activity during N2 sleep. These preliminary results suggest that BFV may help decrease sleep latency, reduce conscious awareness, and increase sleep drive expression during deeper stages of sleep. SWV may be beneficial for decreasing expression of arousal and increasing expression of sleep drive during wake, implying that beat frequency vibration may be beneficial to sleep.","1558-0210","","10.1109/TNSRE.2021.3076983","Brigham Young University (BYU), Provo, UT, USA; ","https://ieeexplore.ieee.org/stamp/stamp.jsp?arnumber=9424046","Whole body vibration;beat frequency vibration;multi-scale sample entropy;HD-EEG;scanning laser Doppler vibrometer;insomnia;sleep","Vibrations;Sleep apnea;Frequency modulation;Electrodes;Transducers;Shape;Indexes","Electroencephalography;Humans;Pilot Projects;Sleep;Sleep Initiation and Maintenance Disorders;Sleep Latency;Sleep Stages;Vibration","7","","49","CCBY","5 May 2021","2021","","IEEE","IEEE Journals"
"Voluntary Respiration Control: Signature Analysis by EEG","Y. Wang; Y. Zhang; Y. Zhang; Z. Wang; W. Guo; Y. Zhang; Y. Wang; Q. Ge; D. Wang","School of Mechanical Engineering and Automation, Beihang University, Beijing, China; State Key Laboratory of Virtual Reality Technology and Systems, Beihang University, Beijing, China; State Key Laboratory of Virtual Reality Technology and Systems, Beihang University, Beijing, China; Peking University Third Hospital, Beijing, China; State Key Laboratory of Virtual Reality Technology and Systems, Beihang University, Beijing, China; State Key Laboratory of Virtual Reality Technology and Systems, Beihang University, Beijing, China; School of Mechanical Engineering and Automation, Beihang University, Beijing, China; Peking University Third Hospital, Beijing, China; State Key Laboratory of Virtual Reality Technology and Systems and Beijing Advanced Innovation Center for Biomedical Engineering, Beijing, China",IEEE Transactions on Neural Systems and Rehabilitation Engineering,"30 Nov 2023","2023","31","","4624","4634","The perception of voluntary respiratory consciousness is quite important in some situations, such as respiratory assistance and respiratory rehabilitation training, and the key signatures about voluntary respiration control may lie in the neural signals from brain manifested as electroencephalography (EEG). The present work aims to explore whether there exists correlation between voluntary respiration and scalp EEG. Evoke voluntary respiration of different intensities, while collecting EEG and respiration signal synchronously. Data from 11 participants were analyzed. Spectrum characteristics at low-frequency band were studied. Computation of EEG-respiration phase lock value (PLV) and EEG sample entropy were conducted as well. When breathing voluntarily, the 0–2 Hz band EEG power is significantly enhanced in frontal and right-parietal area. The distance between main peaks belonging to the two signals in 0–2 Hz spectrum graph tends to get smaller, while EEG-respiration PLV increases in frontal area. Besides, the sample entropy of EEG shows a trend of decreasing during voluntary respiration in both areas. There’s a strong correlation between voluntary respiration and scalp EEG. Significance: The discoveries will provide guidelines for developing a voluntary respiratory consciousness identifying method and make it possible to monitor people’s intention of respiration by noninvasive BCI.","1558-0210","","10.1109/TNSRE.2023.3332458","National Natural Science Foundation of China(grant numbers:82172553); ","https://ieeexplore.ieee.org/stamp/stamp.jsp?arnumber=10316301","Respiration;EEG;PLV;sample entropy","Electroencephalography;Scalp;Electrodes;Task analysis;Training;Monitoring;Correlation","Humans;Respiration;Electroencephalography;Brain;Respiratory Rate;Consciousness","8","","28","CCBY","13 Nov 2023","2023","","IEEE","IEEE Journals"
"Entropy Index in Quantitative EEG Measurement for Diagnosis Accuracy","A. Lay-Ekuakille; P. Vergallo; G. Griffo; F. Conversano; S. Casciaro; S. Urooj; V. Bhateja; A. Trabacca","Department of Innovation Engineering, University of Salento, Lecce, Italy; Department of Innovation Engineering, University of Salento, Lecce, Italy; Department of Innovation Engineering, University of Salento, Lecce, Italy; National Council of Research, Institute of Clinical Physiology, Lecce, Italy; National Council of Research, Institute of Clinical Physiology, Lecce, Italy; Department of Electrical Engineering, Department of Electronics and Communication, Department of Electrical Engineering, Department of Electronics and Communication, Gautam Buddha University, Greater-Noida, India; Department of Electrical Engineering, Department of Electronics and Communication, Department of Electrical Engineering, Department of Electronics and Communication, Gautam Buddha University, Greater-Noida, India; IRCCS “E. Medea,” Scientific Institute for Research, Hospitalization and Health Care, Ass. La Nostra Famiglia, Brindisi, Italy",IEEE Transactions on Instrumentation and Measurement,"8 May 2014","2014","63","6","1440","1450","Electroencephalogram (EEG) remains the most immediate, simple, and rich source of information for understanding phenomena related to brain electrical activities. It is certainly a source of basic and interesting information to be extracted using specific and appropriate techniques. The most important aspect in processing EEG signals is to use less co-lateral assets and instrumentation in order to carried out a possible diagnosis; this is the approach of early diagnosis. Advanced estimate spectral analysis can reveal new information encompassed in EEG signals by means of specific parameters or indices. The research proposes a multidimensional approach with a combined use of decimated signal diagonalization (DSD) as basis from which it is possible to work by finding appropriate signal windows for revealing expected information and overcoming signal processing limitations encountered in quantitative EEG. Important information, about the state of the patient under observation, must be extracted from calculated DSD bispectrum. For this aim, it is useful to define an assessment index about the dynamic process associated with the analyzed signal. This information is measured by means of entropy, since the degree of order/disorder of the recorded EEG signal will be reflected in the obtained DSD bispectrum. The general advantage of multidimensional approach is to reveal eventual stealth frequencies “in space and in time” giving a topological vision to be correlated to physical areas which these frequencies emerge from. Long term and sleeping EEG recorded are analyzed, and the results obtained are of interest for an accurate diagnosis of the patient's clinical condition.","1557-9662","","10.1109/TIM.2013.2287803","","https://ieeexplore.ieee.org/stamp/stamp.jsp?arnumber=6662414","Biomedical measurements;bispectral analysis;decimated signal diagonalization (DSD);diagnosis accuracy;electroencephalogram (EEG);entropy;signal processing.;Biomedical measurements;bispectral analysis;decimated signal diagonalization (DSD);diagnosis accuracy;electroencephalogram (EEG);entropy;signal processing","Electroencephalography;Entropy;Sleep;Indexes;Time-frequency analysis;Noise","","76","","36","IEEE","12 Nov 2013","June 2014","","IEEE","IEEE Journals"
"From Scalp to Ear-EEG: A Generalizable Transfer Learning Model for Automatic Sleep Scoring in Older People","G. Hammour; H. Davies; G. Atzori; C. Della Monica; K. K. G. Ravindran; V. Revell; D. -J. Dijk; D. P. Mandic","Department of Electrical and Electronic Engineering, Imperial College London, London, U.K.; Department of Electrical and Electronic Engineering, Imperial College London, London, U.K.; 2Surrey Sleep Research Centre, School of Biosciences, Faculty of Health and Medical Sciences, University of Surrey, Guildford, U.K.; 2Surrey Sleep Research Centre, School of Biosciences, Faculty of Health and Medical Sciences, University of Surrey, Guildford, U.K.; 2Surrey Sleep Research Centre, School of Biosciences, Faculty of Health and Medical Sciences, University of Surrey, Guildford, U.K.; 2Surrey Sleep Research Centre, School of Biosciences, Faculty of Health and Medical Sciences, University of Surrey, Guildford, U.K.; 2Surrey Sleep Research Centre, School of Biosciences, Faculty of Health and Medical Sciences, University of Surrey, Guildford, U.K.; Department of Electrical and Electronic Engineering, Imperial College London, London, U.K.",IEEE Journal of Translational Engineering in Health and Medicine,"9 May 2024","2024","12","","448","456","Objective: Sleep monitoring has extensively utilized electroencephalogram (EEG) data collected from the scalp, yielding very large data repositories and well-trained analysis models. Yet, this wealth of data is lacking for emerging, less intrusive modalities, such as ear-EEG.Methods and procedures: The current study seeks to harness the abundance of open-source scalp EEG datasets by applying models pre-trained on data, either directly or with minimal fine-tuning; this is achieved in the context of effective sleep analysis from ear-EEG data that was recorded using a single in-ear electrode, referenced to the ipsilateral mastoid, and developed in-house as described in our previous work. Unlike previous studies, our research uniquely focuses on an older cohort (17 subjects aged 65-83, mean age 71.8 years, some with health conditions), and employs LightGBM for transfer learning, diverging from previous deep learning approaches. Results: Results show that the initial accuracy of the pre-trained model on ear-EEG was 70.1%, but fine-tuning the model with ear-EEG data improved its classification accuracy to 73.7%. The fine-tuned model exhibited a statistically significant improvement (p < 0.05, dependent t-test) for 10 out of the 13 participants, as reflected by an enhanced average Cohen’s kappa score (a statistical measure of inter-rater agreement for categorical items) of 0.639, indicating a stronger agreement between automated and expert classifications of sleep stages. Comparative SHAP value analysis revealed a shift in feature importance for the N3 sleep stage, underscoring the effectiveness of the fine-tuning process.Conclusion: Our findings underscore the potential of fine-tuning pre-trained scalp EEG models on ear-EEG data to enhance classification accuracy, particularly within an older population and using feature-based methods for transfer learning. This approach presents a promising avenue for ear-EEG analysis in sleep studies, offering new insights into the applicability of transfer learning across different populations and computational techniques.Clinical impact: An enhanced ear-EEG method could be pivotal in remote monitoring settings, allowing for continuous, non-invasive sleep quality assessment in elderly patients with conditions like dementia or sleep apnea.","2168-2372","","10.1109/JTEHM.2024.3388852","UK Dementia Research Institute through UK DRI Ltd(grant numbers:UKDRI-7005); Medical Research Council; Alzheimer’s Society; ","https://ieeexplore.ieee.org/stamp/stamp.jsp?arnumber=10504255","Automatic sleep scoring;hearables;ear-EEG;machine learning;wearable EEG","Sleep;Electroencephalography;Brain modeling;Data models;Scalp;Recording;Sensors","Humans;Electroencephalography;Aged;Scalp;Aged, 80 and over;Male;Female;Sleep;Signal Processing, Computer-Assisted;Ear;Machine Learning;Polysomnography","10","","39","CCBYNCND","17 Apr 2024","2024","","IEEE","IEEE Journals"
"Sleep-Dependent Directional Interactions of the Central Nervous System-Cardiorespiratory Network","J. Yang; Y. Pan; T. Wang; X. Zhang; J. Wen; Y. Luo","School of Biomedical Engineering, Sun Yat-sen University; School of Biomedical Engineering, Sun Yat-sen University; School of Biomedical Engineering, Sun Yat-sen University; Sleep-Disordered Breathing Center, The Sixth Affiliated Hospital of Sun Yat-sen University; Psychology Department, Guangdong 999 Brain Hospital; School of Biomedical Engineering, Key Laboratory of Sensing Technology and Biomedical Instrument of Guangdong Province, Sun Yat-sen University, Guangzhou, China",IEEE Transactions on Biomedical Engineering,"20 Jan 2021","2021","68","2","639","649","Objective: We investigated the nature of interactions between the central nervous system (CNS) and the cardiorespiratory system during sleep. Methods: Overnight polysomnography recordings were obtained from 33 healthy individuals. The relative spectral powers of five frequency bands, three ECG morphological features and respiratory rate were obtained from six EEG channels, ECG, and oronasal airflow, respectively. The synchronous feature series were interpolated to 1 Hz to retain the high time-resolution required to detect rapid physiological variations. CNS-cardiorespiratory interaction networks were built for each EEG channel and a directionality analysis was conducted using multivariate transfer entropy. Finally, the difference in interaction between Deep, Light, and REM sleep (DS, LS, and REM) was studied. Results: Bidirectional interactions existed in central-cardiorespiratory networks, and the dominant direction was from the cardiorespiratory system to the brain during all sleep stages. Sleep stages had evident influence on these interactions, with the strength of information transfer from heart rate and respiration rate to the brain gradually increasing with the sequence of REM, LS, and DS. Furthermore, the occipital lobe appeared to receive the most input from the cardiorespiratory system during LS. Finally, different ECG morphological features were found to be involved with various central-cardiac and cardiac-respiratory interactions. Conclusion: These findings reveal detailed information regarding CNS-cardiorespiratory interactions during sleep and provide new insights into understanding of sleep control mechanisms. Significance: Our approach may facilitate the investigation of the pathological cardiorespiratory complications of sleep disorders.","1558-2531","","10.1109/TBME.2020.3009950","Science and Technology Program of Guangzhou(grant numbers:201904010079); Natural Science Foundation of Guangdong Province(grant numbers:2018A030313126); Guangdong Provincial Science and Technology Project(grant numbers:2017B020210007); ","https://ieeexplore.ieee.org/stamp/stamp.jsp?arnumber=9143388","CNS-cardiorespiratory network;directional coupling;ECG morphological features;EEG;multivariate transfer entropy;sleep","Sleep;Electrocardiography;Electroencephalography;Feature extraction;Physiology;Heart rate variability;Entropy","Brain;Electroencephalography;Heart Rate;Humans;Polysomnography;Sleep;Sleep Stages;Sleep, REM","9","","69","IEEE","17 Jul 2020","Feb. 2021","","IEEE","IEEE Journals"
"Automatic Sleep Stage Classification With Single Channel EEG Signal Based on Two-Layer Stacked Ensemble Model","J. Zhou; G. Wang; J. Liu; D. Wu; W. Xu; Z. Wang; J. Ye; M. Xia; Y. Hu; Y. Tian","Department of Neurology, Shuyang People’s Hospital, Xuzhou Medical University, Xuzhou, China; Department of Neurology, Shuyang People’s Hospital, Xuzhou Medical University, Xuzhou, China; College of Information Science and Electronic Engineering, Zhejiang University, Hangzhou, China; School of Communication Engineering, Hangzhou Dianzi University, Hangzhou, China; Hangzhou Neuro Science and Technology Company Ltd., Hangzhou, China; School of Communication Engineering, Hangzhou Dianzi University, Hangzhou, China; Department of Surgical ICU, Children’s Hospital, Zhejiang University School of Medicine, Hangzhou, China; Department of Neurology, Shuyang People’s Hospital, Xuzhou Medical University, Xuzhou, China; Department of Neurology, Shuyang People’s Hospital, Xuzhou Medical University, Xuzhou, China; Department of Neurology, Shuyang People’s Hospital, Xuzhou Medical University, Xuzhou, China",IEEE Access,"31 Mar 2020","2020","8","","57283","57297","Sleep stage classification, including wakefulness (W), rapid eye movement (REM), and non- rapid eye movement (NREM) which includes three sleep stages that describe the depth of sleep, is one of the most critical steps in effective diagnosis and treatment of sleep-related disorders. Clinically, sleep staging is performed by domain experts through visual inspection of polysomnography (PSG) recordings, which is time-consuming, labor-intensive and often subjective in nature. Therefore, this study develops an automatic sleep staging system, which uses single channel electroencephalogram (EEG) signal, for convenience of wearing and less interference in the sleep, to do automatic identification of various sleep stages. To achieve the automatic sleep staging system, this study proposes a two-layer stacked ensemble model, which combines the advantages of random forest (RF) and LightGBM (LGB), where RF focuses on reducing the variance of the proposed model while LGB focuses on reducing the bias of the proposed model. Particularly, the proposed model introduces a class balance strategy to improve the N1 stage recognition rate. In order to evaluate the performance of the proposed model, experiments are performed on two datasets, including Sleep-EDF database (SEDFDB) and Sleep-EDF Expanded database (SEDFEDB). In the SEDFDB, the overall accuracy (ACC), weight F1-score (WF1), Cohen's Kappa coefficient (Kappa), sensitivity of N1 (SEN-N1) obtained by proposed model are 91.2%, 0.916, 0.864 and 72.52% respectively using subject-non-independent test (SNT). In parallel, the ACC, WF1, Kappa, SEN-N1 obtained by proposed model are 82.4%, 0.751, 0.719 and 27.15% respectively using subject-independent test (SIT). Experimental results show that the performance of the proposed model are competitive with the state-of-the-art methods and results, and the recognition rate of N1 stage is significantly improved. Moreover, in the SEDFEDB, the experimental results indicate the robustness and generality of the proposed model.","2169-3536","","10.1109/ACCESS.2020.2982434","Natural Science Foundation of Zhejiang Province(grant numbers:LGG19F030013,LGF18F010007); Key Research and Development Programs in Zhejiang Province(grant numbers:2020C03038); National Natural Science Foundation of China(grant numbers:U1909209); Special Funds for Information Development in Shanghai(grant numbers:201801050); Scientific Research Project of Zhejiang Provincial Department of Education(grant numbers:Y201942165,Y201737787); ","https://ieeexplore.ieee.org/stamp/stamp.jsp?arnumber=9044349","Sleep stage classification;single channel EEG signal;two-layer stacked ensemble model;random forest;LightGBM","Sleep;Electroencephalography;Brain modeling;Feature extraction;Databases;Hidden Markov models;Prediction algorithms","","58","","64","CCBY","23 Mar 2020","2020","","IEEE","IEEE Journals"
"Overall Population Generalities, Sex Differences, and Individual Differences in Sleep Electroencephalography Functional Connectivity","Y. Liao; G. Zhou; J. Liang; X. Zhang; X. Guo; Y. Luo","School of Biomedical Engineering, Sun Yat-sen University, Guangzhou, China; School of Biomedical Engineering, Sun Yat-sen University, Guangzhou, China; Guangdong Key Laboratory of Mental Health and Cognitive Science, Center for Studies of Psychological Application, Institute for Brain Research and Rehabilitation, South China Normal University, Guangzhou, China; Sleep-Disordered Breathing Center, The Sixth Affiliated Hospital, Sun Yat-sen University, Guangzhou, China; Psychology Department, Guangdong 999 Brain Hospital, Guangzhou, China; School of Biomedical Engineering, Sun Yat-sen University, Guangzhou, China",IEEE Access,"11 Nov 2019","2019","7","","160901","160915","Sleep is indispensable for humans to maintain normal life activities. Sex and individual differences in sleep patterns and quality of sleep cannot be ignored. Nevertheless, the overall population generalities and sex- or individual- differences in cerebral cortical functional connectivity (FC) during sleep have not been well described. Here, we evaluated the characteristic patterns of FC based on whole-night sleep electroencephalography (EEG) recordings. An improved weighted phase lag index (WPLI) algorithm was applied to obtain the FC in delta (0.5-4Hz), theta (4-8Hz), alpha (8-12Hz) and beta band (12-32Hz). FC strength, short-term stability and inter-regional imbalance of FC were studied. We found that the variations in FC-related parameters among sleep stages had overall population commonalities, and these parameters also showed stage- and frequency band-dependent sex differences. With the deepening of no-rapid eye movement (NREM), increased delta and beta FC strength were observed. Rapid eye movement (REM) showed weaker FC strength, higher FC stability, and higher anterior-posterior FC anisotropy than NREM in beta band. Meanwhile, females exhibited higher sleep EEG synchronization and higher delta FC stability in deep NREM sleep than males. Moreover, the dominant hemisphere in terms of FC did not show group generality or stage- and frequency-dependence. Our results add to the understanding of sleep staging function and may provide clues to sex differences in sleep patterns and quality as well as the prevalence and clinical manifestations of sleep-related illness. Short-term stability offers a new perspective in analyzing FC, which cannot be ignored.","2169-3536","","10.1109/ACCESS.2019.2950066","Science and Technology Program of Guangzhou, China(grant numbers:201904010079); Natural Science Foundation of Guangdong Province(grant numbers:2018A030313126); Guangdong Provincial Science and Technology Project, China(grant numbers:2017B020210007); ","https://ieeexplore.ieee.org/stamp/stamp.jsp?arnumber=8886441","Overall population generalities;sex differences;sleep stages;sleep EEG;functional connectivity","Sleep;Electroencephalography;Stability criteria;Synchronization;Indexes;Sociology","","18","","56","CCBY","30 Oct 2019","2019","","IEEE","IEEE Journals"
"Changes in Brain Functional Networks of Insomniacs Induced by Magnetic Stimulation at Acupoints","W. Zheng; H. Yu; W. Ding; L. Guo; G. Xu; N. Yin","State Key Laboratory of Reliability and Intelligence of Electrical Equipment and the Key Laboratory of Electromagnetic Field and Electrical Apparatus Reliability of Hebei Province, Hebei University of Technology, Tianjin, China; State Key Laboratory of Reliability and Intelligence of Electrical Equipment and the Key Laboratory of Electromagnetic Field and Electrical Apparatus Reliability of Hebei Province, Hebei University of Technology, Tianjin, China; Chinese Medicine Hospital of Tianjin Beichen District, Tianjin, China; State Key Laboratory of Reliability and Intelligence of Electrical Equipment and the Key Laboratory of Electromagnetic Field and Electrical Apparatus Reliability of Hebei Province, Hebei University of Technology, Tianjin, China; State Key Laboratory of Reliability and Intelligence of Electrical Equipment and the Key Laboratory of Electromagnetic Field and Electrical Apparatus Reliability of Hebei Province, Hebei University of Technology, Tianjin, China; State Key Laboratory of Reliability and Intelligence of Electrical Equipment and the Key Laboratory of Electromagnetic Field and Electrical Apparatus Reliability of Hebei Province, Hebei University of Technology, Tianjin, China",IEEE Transactions on Applied Superconductivity,"12 Dec 2018","2019","29","2","1","4","Insomnia and the tension, anxiety, and neurasthenia caused by it are a prevalent sleep disorder. Acupuncture is a common method of treating insomnia. Magnetic stimulation has a similar mechanism as acupuncture. In this paper, 18 (nine insomnia and nine healthy) subjects were selected, Neiguan (PC6), Shenmen (HT7), and Sanyinjiao (SP6) acupuncture points were stimulated and 32-channel electroencephalography (EEG) signals were recorded before and after stimulation. Granger causality of EEG signals between each two channels was calculated. Based on the EEG causal coefficient matrix, brain functional networks were constructed to determine whether magnetic stimulation at acupoints could improve the brain network of insomniacs or not. The results suggested that the magnetic stimulation of the acupoints might be an effective treatment for insomnia.","1558-2515","","10.1109/TASC.2018.2882069","National Natural Science Foundation of China(grant numbers:51877068,31400844,61571180,51737003,51677053,51707055); Natural Science Foundation of Hebei Province(grant numbers:E2016202128,E2016202155); ","https://ieeexplore.ieee.org/stamp/stamp.jsp?arnumber=8540069","Magnetic stimulation;electroencephalography;brain network;granger causality;acupuncture point;insomnia","Magnetic stimulation;Electroencephalography;Brain modeling;Temporal lobe;Predictive models;Sleep;Occipital Lobe","","12","","20","IEEE","18 Nov 2018","March 2019","","IEEE","IEEE Journals"
"Effective Diagnosis of Various Sleep Disorders by LEE Classifier: LightGBM-EOG-EEG","R. Jain; R. A. Ganesan","Indian Institute of Technology Madras, Zanzibar, Tanzania; Indian Institute of Technology, Hyderabad, India",IEEE Journal of Biomedical and Health Informatics,"4 Apr 2025","2025","29","4","2581","2588","A novel method is proposed for diagnosing the sleep disorders of insomnia, narcolepsy, periodic leg movement syndrome, nocturnal frontal lobe epilepsy, rapid eye movement behavior disorder, and sleep-disordered breathing. We use the light gradient boosting decision tree model (LightGBM) for the classification of healthy controls and different sleep disorders. The proposed approach is evaluated on the publicly available CAP dataset of 108 subjects. The LightGBM classifier using only an electrooculogram (EOG) channel (L-EOG) achieves a seven-class classification accuracy of 83.3%. This performance improves to 93.3% with the LightGBM-EOG-EEG (LEE) classifier, which harnesses the combined strengths of EOG and electroencephalogram (EEG) channels. LEE classifier employs four binary classifiers that disambiguate the classes confused by the L-EOG classifier. An additional 1% improvement is achieved by applying a simple thresholding decision rule to the results of the LEE classifier, resulting in an overall accuracy of 94.4%, the best in the literature for the seven-class classification of sleep disorders.","2168-2208","","10.1109/JBHI.2024.3524079","","https://ieeexplore.ieee.org/stamp/stamp.jsp?arnumber=10818579","Classification;EEG;EOG;LightGBM;machine learning;Poincaré plots;sleep disorders","Sleep;Electrooculography;Electroencephalography;Electromyography;Accuracy;Pathology;Feature extraction;Bioinformatics;Rapid eye movement sleep;Brain modeling","Humans;Electroencephalography;Sleep Wake Disorders;Electrooculography;Signal Processing, Computer-Assisted;Adult;Female;Male;Young Adult;Algorithms;Middle Aged;Decision Trees;Boosting Machine Learning Algorithms","8","","30","IEEE","30 Dec 2024","April 2025","","IEEE","IEEE Journals"
"Hearables: Automatic Overnight Sleep Monitoring With Standardized In-Ear EEG Sensor","T. Nakamura; Y. D. Alqurashi; M. J. Morrell; D. P. Mandic","Department of Electrical and Electronic Engineering, Imperial College London, London, U.K.; Department of Electrical and Electronic Engineering, Imperial College London; Sleep and Ventilation Unit, National Heart and Lung Institute, Imperial College London; Department of Electrical and Electronic Engineering, Imperial College London, London, U.K.",IEEE Transactions on Biomedical Engineering,"23 Dec 2019","2020","67","1","203","212","Objective: Advances in sensor miniaturization and computational power have served as enabling technologies for monitoring human physiological conditions in real-world scenarios. Sleep disruption may impact neural function, and can be a symptom of both physical and mental disorders. This study proposes wearable in-ear electroencephalography (ear-EEG) for overnight sleep monitoring as a 24/7 continuous and unobtrusive technology for sleep quality assessment in the community. Methods: A total of 22 healthy participants took part in overnight sleep monitoring with simultaneous ear-EEG and conventional full polysomnography recordings. The ear-EEG data were analyzed in the both structural complexity and spectral domains. The extracted features were used for automatic sleep stage prediction through supervized machine learning, whereby the PSG data were manually scored by a sleep clinician. Results: The agreement between automatic sleep stage prediction based on ear-EEG from a single in-ear sensor and the hypnogram based on the full PSG was 74.1% in the accuracy over five sleep stage classification. This is supported by a substantial agreement in the kappa metric (0.61). Conclusion: The in-ear sensor is feasible for monitoring overnight sleep outside the sleep laboratory and also mitigates technical difficulties associated with PSG. It, therefore, represents a 24/7 continuously wearable alternative to conventional cumbersome and expensive sleep monitoring. Significance: The “standardized” one-size-fits-all viscoelastic in-ear sensor is a next generation solution to monitor sleep-this technology promises to be a viable method for readily wearable sleep monitoring in the community, a key to affordable healthcare and future eHealth.","1558-2531","","10.1109/TBME.2019.2911423","Rosetrees Trust; Multidisciplinary University Research Initiative(grant numbers:EP/P008461); ","https://ieeexplore.ieee.org/stamp/stamp.jsp?arnumber=8695061","Automatic sleep staging;ear-EEG;electroencephalography (EEG);structural complexity analysis;wearable EEG","Sleep;Monitoring;Biomedical monitoring;Electroencephalography;Ear;Sensors;Standards","Adult;Ear;Electrodes;Electroencephalography;Equipment Design;Humans;Polysomnography;Signal Processing, Computer-Assisted;Sleep Stages;Wearable Electronic Devices;Young Adult","135","","46","IEEE","22 Apr 2019","Jan. 2020","","IEEE","IEEE Journals"
"Estimation of nonlinear couplings on the basis of complexity and predictability-a new method applied to cardiorespiratory coordination","D. Hoyer; R. Bauer; B. Walter; U. Zwiener","Institute for Pathophysiology, Friedrich Schiller University Jena, Jena, Germany; Institute for Pathophysiology, Friedrich Schiller University Jena, Jena, Germany; Institute for Pathophysiology, Friedrich Schiller University Jena, Jena, Germany; Institute for Pathophysiology, Friedrich Schiller University Jena, Jena, Germany",IEEE Transactions on Biomedical Engineering,"6 Aug 2002","1998","45","5","545","552","Nonlinear coordination is an essential property of the complex functioning of the autonomic nervous system. Therefore, the coupled behavior of heart rate fluctuations (HRF) and respiratory movements (RM) was analyzed on the basis of their joint reconstruction in phase space. Independence measures of complexity and predictability were approximated from the correlation integrals which enabled the strength of cardiorespiratory couplings to be quantified. These measures were validated in a simulation study of two coupled nonlinear oscillators in dependence on their coupling strength and respective synchronization effects. The cardiorespiratory coordination during quiet sleep and active sleep of newborn piglets was quantified by means of the proposed independence measures of complexity and predictability. The difference of those measures between the sleep states investigated was more significant than the difference of the respective linear coherence peaks.","1558-2531","","10.1109/10.668739","","https://ieeexplore.ieee.org/stamp/stamp.jsp?arnumber=668739","","Cardiology;Heart rate;Sleep;Fluctuations;Testing;Mutual coupling;Autonomic nervous system;Oscillators;Pediatrics;Medical diagnosis","Animals;Animals, Newborn;Electrocardiography;Electroencephalography;Female;Heart Rate;Male;Models, Biological;Nonlinear Dynamics;Reference Values;Respiratory Mechanics;Sleep;Swine","33","","28","IEEE","6 Aug 2002","May 1998","","IEEE","IEEE Journals"
"Single-Channel EEG Data Analysis Using a Multi-Branch CNN for Neonatal Sleep Staging","H. A. Siddiqa; Z. Tang; Y. Xu; L. Wang; M. Irfan; S. F. Abbasi; A. Nawaz; C. Chen; W. Chen","Department of Electronic Engineering, School of Information Science and Technology, Center for Intelligent Medical Electronics, Fudan University, Shanghai, China; Department of Electronic Engineering, School of Information Science and Technology, Center for Intelligent Medical Electronics, Fudan University, Shanghai, China; Department of Neurology, Children’s Hospital of Fudan University, National Children’s Medical-Center, Shanghai, China; Department of Neonatology, Children’s Hospital of Fudan University, Shanghai, China; Department of Electronic Engineering, School of Information Science and Technology, Center for Intelligent Medical Electronics, Fudan University, Shanghai, China; Department of Electronic, Electrical and Systems Engineering, School of Engineering, College of Engineering and Physical Sciences, University of Birmingham, Edgbaston, Birmingham, U.K.; School of Information Science and Technology, Fudan University, Shanghai, China; Human Phenome Institute, Fudan University, Shanghai, China; School of Biomedical Engineering, The University of Sydney, Camperdown, NSW, Australia",IEEE Access,"29 Feb 2024","2024","12","","29910","29925","Neonatal sleep staging is crucial for understanding infant brain development and assessing neurological health. This study explores the optimal electrode configuration to reduce technical complexities and potential risks of causing skin irritation to neonates during data collection. A Multi-Branch Convolutional Neural Network (CNN) is used to categorize neonatal sleep states based on single-channel Electroencephalography (EEG) data. The proposed model was trained and tested on 16803 30-second segments from 64 infants, all of whom were at post-menstrual age between 36 and 43 weeks at the Children’s hospital of Fudan University. A total of 74 extracted time and frequency domain linear and non-linear features are applied to improve the performance of a Multi-Branch CNN-based classification model. Additionally, using principal component analysis (PCA), feature selection and feature importance are also applied to identify the most important features. Notably, the F3 channel outperforms other single-channels and has accuracy and kappa values 74.27±0.80% and 0.61, respectively. Furthermore, a combination of four left-side electrodes yields slightly better classification accuracy (75.36±0.57%) compared to the four right-side electrodes (74.76±1.10%), with corresponding kappa values of 0.63 and 0.62, respectively. In addition to providing insights into optimal electrode configuration using single-channel and multi-channel EEG data, the results highlight the critical role played by specific EEG channels in sleep stage classification. This research has the potential to enhance neonate care and monitor sleep more effectively, enabling early detection of sleep-related abnormalities such as sleep disorders. Furthermore, this research effectively captures information from a single-channel, reducing computing load while maintaining commendable performance. Additionally, integrating time and frequency domain linear and non-linear features into neonatal sleep staging can enhance accuracy and provide a deeper insight into the complex dynamics and irregularities of newborn’s sleep patterns.","2169-3536","","10.1109/ACCESS.2024.3365570","","https://ieeexplore.ieee.org/stamp/stamp.jsp?arnumber=10433501","EEG;sleep analysis;neonatal sleep state classification;FFT;DFA;multiscale fluctuation entropy;PCA;convolutional neural network;single-channel;multi-channel","Sleep;Electroencephalography;Pediatrics;Electrodes;Feature extraction;Brain modeling;Recording;Convolutional neural networks;Fluctuations;Entropy","","26","","46","CCBY","13 Feb 2024","2024","","IEEE","IEEE Journals"
"EEG Spectral Coherence Analysis in Nocturnal Epilepsy","G. Busonera; M. Cogoni; M. Puligheddu; R. Ferri; G. Milioli; L. Parrino; F. Marrosu; G. Zanetti","Center for Advanced Studies, Research and Development in Sardinia, Cagliari, Italy; Center for Advanced Studies, Research and Development in Sardinia, Cagliari, Italy; Sleep Disorder Center, Department of Public Health, Clinical and Molecular Medicine, University of Cagliari, Cagliari, Italy; Oasi Institute for Research on Mental Retardation and Brain Ageing (IRCSS), Troina, Italy; Sleep Disorders Center, Department of Neurosciences, University of Parma, Parma, Italy; Sleep Disorders Center, Department of Neurosciences, University of Parma, Parma, Italy; Neurology Unit, Department of Medical Science, University of Cagliari, Cagliari, Italy; Center for Advanced Studies, Research and Development in Sardinia, Cagliari, Italy",IEEE Transactions on Biomedical Engineering,"20 Nov 2018","2018","65","12","2713","2719","Objective: Electroencephalography (EEG) is widely employed in the study of sleep disorders. This paper exploits the identification of cyclic alternating patterns (CAPs), a periodic ubiquitous phenomenon nested in the sleep stages, to analyze the EEG spectral coherence in subjects affected by nocturnal frontal lobe epilepsy (NFLE) and healthy controls. Methods: For each EEG recording, we extracted several CAP A1 subtype 4 s time series. We analyze the coherence between each pair of electrodes for each individual to obtain its distribution for each frequency range of interest to investigate differences between cases and controls. In addition, the imaginary and real parts of the spectral coherence were calculated and plotted to assess their likelihood of segregation into different classes and anatomical regions. Results: The results of this study suggest a relevant frontal-temporal neural circuitry difference between individuals affected by epilepsy and controls. Conclusion: This supports the observation that, though highly variable, a broad range of executive, cognitive and attentional deficit observed in subjects affected by NFLE might depend on frontal-temporal altered networking. Significance: The investigation of EEG activity in the domain of the complex sleep architecture represents a challenging topic in neurophysiology and needs new methods to explore the manifold aspects of sleep. This work aims to provide a simple method to distinguish NFLE from healthy subjects from a functional connectivity point of view and to explore the possibility of using a smaller EEG channel set to support diagnosis.","1558-2531","","10.1109/TBME.2018.2814479","","https://ieeexplore.ieee.org/stamp/stamp.jsp?arnumber=8310595","Electroencephalography (EEG);biometrics;spectral coherence;nocturnal frontal lobe epilepsy (NFLE)","Sleep;Electroencephalography;Coherence;Epilepsy;Frontal lobe;Frequency measurement;Electrodes","Adult;Electroencephalography;Epilepsy;Humans;Polysomnography;Signal Processing, Computer-Assisted;Sleep Stages","17","","47","IEEE","9 Mar 2018","Dec. 2018","","IEEE","IEEE Journals"
"Neuroadaptive Output Feedback Control for Automated Anesthesia With Noisy EEG Measurements","W. M. Haddad; K. Y. Volyanskyy; J. M. Bailey; J. J. Im","School of Aerospace Engineering, Georgia Institute of Technology, Atlanta, GA, USA; School of Aerospace Engineering, Georgia Institute of Technology, Atlanta, GA, USA; Department of Anesthesiology, Northeast Georgia Medical Center, Gainesville, GA, USA; Department of Mechanical Engineering, Virginia Institute of Technology, Blacksburg, VA, USA",IEEE Transactions on Control Systems Technology,"17 Feb 2011","2011","19","2","311","326","Critical care patients, whether undergoing surgery or recovering in intensive care units, require drug administration to regulate physiological variables such as blood pressure, cardiac output, heart rate, and degree of consciousness. The rate of infusion of each administered drug is critical, requiring constant monitoring and frequent adjustments. Nonnegative and compartmental models provide a broad framework for biological and physiological systems, including clinical pharmacology, and are well suited for developing models for closed-loop control of drug administration. In this paper, we develop a neuroadaptive output feedback control framework for nonlinear uncertain nonnegative and compartmental systems with nonnegative control inputs and noisy measurements. The proposed framework is Lyapunov-based and guarantees ultimate boundedness of the error signals. In addition, the neuroadaptive controller guarantees that the physical system states remain in the nonnegative orthant of the state space. Finally, the proposed approach is used to control the infusion of the anesthetic drug propofol for maintaining a desired constant level of depth of anesthesia for surgery in the face of noisy electroencephalographic (EEG) measurements. Clinical trials demonstrate excellent regulation of unconsciousness allowing for a safe and effective administration of the anesthetic agent propofol.","1558-0865","","10.1109/TCST.2010.2042810","","https://ieeexplore.ieee.org/stamp/stamp.jsp?arnumber=5428776","Adaptive control;automated anesthesia;bispectral index;dynamic output feedback;electroencephalography;measurement noise;neural networks;nonnegative control;nonnegative systems;surgery","Output feedback;Automatic control;Anesthesia;Electroencephalography;Drugs;Biomedical monitoring;Control systems;Surgery;Biological system modeling;Nonlinear control systems","","27","1","43","IEEE","11 Mar 2010","March 2011","","IEEE","IEEE Journals"
"Automatic Sleep Staging Employing Convolutional Neural Networks and Cortical Connectivity Images","P. Chriskos; C. A. Frantzidis; P. T. Gkivogkli; P. D. Bamidis; C. Kourtidou-Papadeli","Laboratory of Medical Physics, Medical School, Aristotle University of Thessaloniki, Thessaloniki, Greece; Laboratory of Medical Physics, Medical School, Aristotle University of Thessaloniki, Thessaloniki, Greece; Laboratory of Medical Physics, Medical School, Aristotle University of Thessaloniki, Thessaloniki, Greece; Laboratory of Medical Physics, Medical School, Aristotle University of Thessaloniki, Thessaloniki, Greece; Laboratory of Medical Physics, Medical School, Aristotle University of Thessaloniki, Thessaloniki, Greece",IEEE Transactions on Neural Networks and Learning Systems,"3 Jan 2020","2020","31","1","113","123","Understanding of the neuroscientific sleep mechanisms is associated with mental/cognitive and physical well-being and pathological conditions. A prerequisite for further analysis is the identification of the sleep macroarchitecture through manual sleep staging. Several computer-based approaches have been proposed to extract time and/or frequency-domain features with accuracy ranging from 80% to 95% compared with the golden standard of manual staging. However, their acceptability by the medical community is still suboptimal. Recently, utilizing deep learning methodologies increased the research interest in computer-assisted recognition of sleep stages. Aiming to enhance the arsenal of automatic sleep staging, we propose a novel classification framework based on convolutional neural networks. These receive as input synchronizations features derived from cortical interactions within various electroencephalographic rhythms (delta, theta, alpha, and beta) for specific cortical regions which are critical for the sleep deepening. These functional connectivity metrics are then processed as multidimensional images. We also propose to augment the small portion of sleep onset (N1 stage) through the Synthetic Minority Oversampling Technique in order to deal with the great difference in its duration when compared with the remaining sleep stages. Our results (99.85%) indicate the flexibility of deep learning techniques to learn sleep-related neurophysiological patterns.","2162-2388","","10.1109/TNNLS.2019.2899781","H2020 Societal Challenges(grant numbers:681120); ","https://ieeexplore.ieee.org/stamp/stamp.jsp?arnumber=8667849","Automatic sleep staging;convolutional neural networks (CNNs);default mode network (DMN);functional connectivity features;minority class oversampling technique","Sleep;Feature extraction;Electroencephalography;Biomedical imaging;Convolutional neural networks;Electrooculography","Adult;Algorithms;Automation;Cerebral Cortex;Deep Learning;Electroencephalography;Electroencephalography Phase Synchronization;Humans;Male;Middle Aged;Neural Networks, Computer;Reproducibility of Results;Signal Processing, Computer-Assisted;Sleep Stages;Wavelet Analysis;Young Adult","49","","58","IEEE","15 Mar 2019","Jan. 2020","","IEEE","IEEE Journals"
"An Information-Theoretic Framework to Map the Spatiotemporal Dynamics of the Scalp Electroencephalogram","L. Faes; D. Marinazzo; G. Nollo; A. Porta","Bruno Kessler Foundation and BIOtech, University of Trento, Trento 38122, Italy; Department of Data Analysis, University of Ghent; Bruno Kessler Foundation and BIOtech, University of Trento; Department of Biomedical Sciences for Health, University of Milan",IEEE Transactions on Biomedical Engineering,"21 Nov 2016","2016","63","12","2488","2496","We present the first application of the emerging framework of information dynamics to the characterization of the electroencephalography (EEG) activity. The framework provides entropy-based measures of information storage (self entropy, SE) and information transfer (joint transfer entropy (TE) and partial TE), which are applied here to detect complex dynamics of individual EEG sensors and causal interactions between different sensors. The measures are implemented according to a model-free and fully multivariate formulation of the framework, allowing the detection of nonlinear dynamics and direct links. Moreover, to deal with the issue of volume conduction, a compensation for instantaneous effects is introduced in the computation of joint and partial TE. The framework is applied to resting state EEG measured from healthy subjects in the eyes open (EO) and eyes closed (EC) conditions, evidencing condition-dependent patterns indicative of how information is distributed in the EEG sensor space. The SE was uniformly low during EO and significantly higher in the posterior areas during EC. The joint and partial TE were saturated by instantaneous effects, documenting how volume conduction blurs the detection of information flow in the EEG. However, the use of compensated TE measures led us to evidence meaningful patterns like the presence of local sinks of information flow and propagation motifs, and the emergence of prevalent front-to-back EEG propagation during EC. These findings support the feasibility of our information-theoretic approach to assess the spatiotemporal dynamics of the scalp EEG in different conditions.","1558-2531","","10.1109/TBME.2016.2569823","IRCS program; Autonomous Province of Trento; ","https://ieeexplore.ieee.org/stamp/stamp.jsp?arnumber=7470547","Causal connectivity;complex dynamics;EEG propagation;entropy estimation;multivariate time series analysis;transfer entropy (TE);volume conduction","Electroencephalography;Entropy;Brain;Estimation;Sensors;Scalp","Adult;Brain;Brain Mapping;Electroencephalography;Entropy;Female;Humans;Information Theory;Male;Scalp;Signal Processing, Computer-Assisted;Young Adult","28","","47","IEEE","17 May 2016","Dec. 2016","","IEEE","IEEE Journals"
"EEG Sleep Stages Analysis and Classification Based on Weighed Complex Network Features","S. Supriya; S. Siuly; H. Wang; Y. Zhang","Institute for Sustainable Industries & Liveable Cities, College of Engineering and Science, Victoria University, Melbourne, VIC, Australia; Institute for Sustainable Industries & Liveable Cities, College of Engineering and Science, Victoria University, Melbourne, VIC, Australia; Institute for Sustainable Industries & Liveable Cities, College of Engineering and Science, Victoria University, Melbourne, VIC, Australia; Institute for Sustainable Industries & Liveable Cities, College of Engineering and Science, Victoria University, Melbourne, VIC, Australia",IEEE Transactions on Emerging Topics in Computational Intelligence,"24 Mar 2021","2021","5","2","236","246","Manual staging of sleep data from EEG signals is time consuming, error prone, and resource intensive. These limitations lead to continuous interests of researchers and clinicians toward the automatic sleep stages classification of EEG signals. This paper proposes a scheme for automatic classification of sleep stages using “edge strength of visibility graph technique from single-channel EEG signals. To discover the validity of the proposed study with noise, we perform simulation analysis with two different time series named Lorenz and Rossler time series. The proposed technique accomplishes better performance than other related work for the two standard groups of sleep stages: Rechtschaffen and Kales standard and American Academy of Sleep Medicine.","2471-285X","","10.1109/TETCI.2018.2876529","","https://ieeexplore.ieee.org/stamp/stamp.jsp?arnumber=8522012","Complex network;Classification;EEG;EEG signal;feature extraction;Graph Theory;Machine learning;Sleep staging;Weighted Visibility Graph","Sleep;Electroencephalography;Time series analysis;Complex networks;Standards;Feature extraction;Databases","","62","","33","IEEE","4 Nov 2018","April 2021","","IEEE","IEEE Journals"
"MS-HNN: Multi-Scale Hierarchical Neural Network With Squeeze and Excitation Block for Neonatal Sleep Staging Using a Single-Channel EEG","H. Zhu; L. Wang; N. Shen; Y. Wu; S. Feng; Y. Xu; C. Chen; W. Chen","Center for Intelligent Medical Electronics, School of Information Science and Technology, Fudan University, Shanghai, China; Department of Neonatology, Children’s Hospital of Fudan University, Shanghai, China; Center for Intelligent Medical Electronics, School of Information Science and Technology, Fudan University, Shanghai, China; Center for Intelligent Medical Electronics, School of Information Science and Technology, Fudan University, Shanghai, China; Shanghai Engineering Research Center of Ultra Precision Motion Control and Measurement, Academy for Engineering and Technology, Fudan University, Shanghai, China; Department of Neurology, National Children’s Medical Center, Children’s Hospital of Fudan University, Shanghai, China; Human Phenome Institute, Fudan University, Shanghai, China; Center for Intelligent Medical Electronics, School of Information Science and Technology, Fudan University, Shanghai, China",IEEE Transactions on Neural Systems and Rehabilitation Engineering,"10 May 2023","2023","31","","2195","2204","Most existing neonatal sleep staging appro- aches applied multiple EEG channels to obtain good performance. However, it potentially increased the computational complexity and led to an increased risk of skin disruption to neonates during data acquisition. In this paper, a multi-scale hierarchical neural network (MS-HNN) with a squeeze and excitation (SE) block for neonatal sleep staging is presented in this study on the basis of a single EEG channel. MS-HNN composes of multi-scale convolutional neural network (MSCNN), temporal information learning (TIL) module, and squeeze and excitation (SE) block. MSCNN can extract features from different scales and frequencies, and TIL module can acquire the transition information among adjacent stages. In addition, for these extracted features, SE block can selectively concentrate on informative features and weaken redundant features for achieving better performance. The proposed approach was validated on a clinical dataset involving 64 neonates from the Children’s Hospital of Fudan University (CHFU). The proposed network achieves an accuracy of 75.4% and 76.5% for three-class automatic neonatal sleep staging with the single-EEG channel and the eight-EEG channels, respectively. The experimental results show that the proposed method can maintain good performance by making full use of the information in the single channel while reducing the channels to control the computational overhead.","1558-0210","","10.1109/TNSRE.2023.3266876","National Natural Science Foundation of China(grant numbers:62001118); Greater Bay Area Institute of Precision Medicine (Guangzhou)(grant numbers:IPM2021C002); Shanghai Municipal Science and Technology International Research and Development Collaboration Project(grant numbers:20510710500); ","https://ieeexplore.ieee.org/stamp/stamp.jsp?arnumber=10102335","Neural network;neonatal sleep staging;squeeze and excitation block;single channel","Feature extraction;Sleep;Pediatrics;Electroencephalography;Convolutional neural networks;Data mining;Hidden Markov models","Child;Infant, Newborn;Humans;Electroencephalography;Sleep;Neural Networks, Computer;Sleep Stages;Machine Learning","40","","47","CCBY","13 Apr 2023","2023","","IEEE","IEEE Journals"
"Symbolic and Compression-Based Complexity in EEG: Benchmarking Frameworks and Thalamic Applications","P. Mohan; S. Pati; K. Balasubramanian","Department of Electronics and Communication Engineering, Amrita School of Engineering, Amritapuri, Amrita Vishwa Vidyapeetham, Amritapuri, India; Department of Neurology, University of Minnesota, Minneapolis, MN, USA; Department of Electronics and Communication Engineering, Amrita School of Engineering, Coimbatore, Amrita Vishwa Vidyapeetham, Coimbatore, India",IEEE Access,"19 Dec 2025","2025","13","","211921","211943","This work explores the use of symbolic and compression-based complexity measures for analysis of scalp and deep brain EEG signals, with a focus on thalamic EEG. We review symbolizing strategies, entropy based measures (permutation entropy (PE), dispersion entropy(DispEn)) and compression-based metrics (Lempel-Ziv complexity (LZC) and Effort-to-Compress (ETC)) and their applicability to scalp EEG, stereo-electroencephalography (SEEG), and thalamic EEG are studied. Due to constraints in data accessibility, signal nonstationarity and variability in annotated data, adopting these methods for thalamic EEG analysis poses a significant challenge. To address this, a theoretical benchmarking facility is developed comprising of chaotic signal models, surrogate testing, and stochastic models. Further, the effects of preprocessing filtering, segmentation and transforms application are studied with respect to the symbolization process and metric analysis. By integrating concepts from nonlinear dynamical systems, we propose to develop a framework that goes beyond descriptive complexity measures and bridges the gaps between symbol encoding, phase space embedding, and deep brain dynamics. Our goal is to establish complexity analysis of symbolic EEG as a rigorous and clinically relevant framework for characterizing and interpreting brain dynamics, especially for deep brain structures.","2169-3536","","10.1109/ACCESS.2025.3642195","","https://ieeexplore.ieee.org/stamp/stamp.jsp?arnumber=11289532","EEG complexity;symbolic dynamics;compression-based complexity;entropy;thalamus;benchmark;deep brain EEG","Electroencephalography;Complexity theory;Symbols;Scalp;Measurement;Thalamus;Noise;Entropy;Brain;Recording","","1","","162","CCBY","9 Dec 2025","2025","","IEEE","IEEE Journals"
"Novel Nonlinear Approach for Real-Time Fatigue EEG Data: An Infinitely Warped Model of Weighted Permutation Entropy","E. Q. Wu; L. -M. Zhu; W. -M. Zhang; P. -Y. Deng; B. Jia; S. -D. Chen; H. Ren; G. -R. Zhou","Key Laboratory of System Control and Information Processing, Ministry of Education, Shanghai Jiao Tong University, Shanghai, China; Department of Mechanical Engineering, Shanghai Jiao Tong University, Shanghai, China; Department of Mechanical Engineering, Shanghai Jiao Tong University, Shanghai, China; Key Laboratory of System Control and Information Processing, Ministry of Education, Shanghai Jiao Tong University, Shanghai, China; China Eastern Technology Application Research and Development Center Co., Ltd., Shanghai, China; Department of Neurology, School of Medicine, Institute of Neurology, Ruijin Hospital (Affiliated to Shanghai Jiao Tong University), Shanghai, China; COMAC Shanghai Aircraft Design and Research Institute, Shanghai, China; COMAC Shanghai Aircraft Design and Research Institute, Shanghai, China",IEEE Transactions on Intelligent Transportation Systems,"29 May 2020","2020","21","6","2437","2448","Workload assessment faces two major issues. That is, how to learn effective fatigue characteristics and how to find the potential state of the workload. This paper proposes a solution to assess the brain fatigue workload of pilots through an instantaneous spectral entropy feature and an infinitely warped model. The instantaneous characteristics of electroencephalography (EEG) signals are extracted by Hilbert transform, and Euclidean norm weighted permutation entropy is proposed. The infinitely warped model is a new automatic learning model for detecting arbitrary shapes of EEG data. In addition, we propose a rapid learning framework to learn mental fatigue by integrating Treelet transform and infinitely warped models. Compared to other state-of-the-art methods, our approach is better able to handle complex data in complex shapes. The experimental results show that this method can more effectively assess the brain fatigue of pilots.","1558-0016","","10.1109/TITS.2019.2918438","National Natural Science Foundation for Distinguished Young Scholars of China(grant numbers:11625208); National Natural Science Foundation of China(grant numbers:61671293,U1933125); Chinese Military Commission Equipment Development Department(grant numbers:61400030601); ","https://ieeexplore.ieee.org/stamp/stamp.jsp?arnumber=8811737","Pilots’ fatigue;electroencephalogram signals;permutation entropy;Gaussian mixture model","Fatigue;Electroencephalography;Entropy;Brain modeling;Sleep;Feature extraction;Shape","","33","","49","IEEE","23 Aug 2019","June 2020","","IEEE","IEEE Journals"
"SpindleU-Net: An Adaptive U-Net Framework for Sleep Spindle Detection in Single-Channel EEG","J. You; D. Jiang; Y. Ma; Y. Wang","School of Information Science and Technology, Fudan University, Shanghai, China; School of Information Science and Technology, Fudan University, Shanghai, China; School of Information Science and Technology, Fudan University, Shanghai, China; School of Information Science and Technology, Fudan University, Shanghai, China",IEEE Transactions on Neural Systems and Rehabilitation Engineering,"23 Aug 2021","2021","29","","1614","1623","The sleep spindles in EEG have become one type of biomarker used to assess cognitive abilities and related disorders, and thus their detection is crucial for clinical research. This task, traditionally performed by sleep experts, is time-consuming. Many methods have been proposed to automate this process, yet an increase in performance is still expected. Inspired by the application in image segmentation, we propose a point-wise spindle detection method based on the U-Net framework with an attention module (SpindleU-Net). It maps the sequences of arbitrary-length EEG inputs to those of dense labels of spindle or non-spindle on freely chosen intervals. The attention module that focuses on the salient spindle region allows better performance, and a task-specific loss function is defined to alleviate the problem of imbalanced classification. As a deep learning method, SpindleU-Net outperforms state-of-the-art methods on the widely used benchmark dataset of MASS as well as the DREAMS dataset with a small number of samples. On MASS dataset it achieves average F1 scores of 0.854 and 0.803 according to its consistency with the annotations by two sleep experts respectively. On DREAMS dataset, it shows the average F1 score of 0.739. Its cross-dataset performance is also better compared to other methods, showing the good generalization ability for cross-dataset applications.","1558-0210","","10.1109/TNSRE.2021.3105443","National Natural Science Foundation of China(grant numbers:81873897); Shanghai Municipal Science and Technology Major Project(grant numbers:2017SHZDZX01); ","https://ieeexplore.ieee.org/stamp/stamp.jsp?arnumber=9514837","Sleep spindle detection;U-Net;attention module","Electroencephalography;Sleep;Brain modeling;Feature extraction;Convolution;Annotations;Task analysis","Electroencephalography;Humans;Sleep","37","","38","CCBYNCND","16 Aug 2021","2021","","IEEE","IEEE Journals"
"Quantitative Electroencephalography Analysis for Improved Assessment of Consciousness in Cerebral Hemorrhage and Ischemic Stroke Patients","F. Wang; X. Zhang; F. Hu; F. Li; Y. -C. Tian","College of Information and Computer, Taiyuan University of Technology, Taiyuan, China; College of Information and Computer, Taiyuan University of Technology, Taiyuan, China; Department of Neurology, Shanxi Medical University, Taiyuan, China; College of Information and Computer, Taiyuan University of Technology, Taiyuan, China; School of Electrical Engineering and Computer Science, Queensland University of Technology, Brisbane, QLD, Australia",IEEE Access,"24 May 2019","2019","7","","63674","63685","Consciousness is frequently assessed in acutely brain-injured patients. However, a direct measure of consciousness based on neurological examinations and behavioral observations is time-consuming and costly in medical labors. This paper aims to explore effective quantitative electroencephalography (EEG) measures to facilitate the objective assessment of consciousness. We do two studies in this paper. In the first study, the EEG signals recorded from 27 cerebral hemorrhage patients are analyzed to explore whether the phase synchrony index is effective in distinguishing the states of consciousness in cerebral hemorrhage patients. In the second study, 14 EEG recordings from four ischemic stroke patients, who have experienced more than two types of conscious disturbance, are studied to complement the analysis of the longitudinal value of the phase synchrony index. In both studies, a weighted sum of the six quantitative EEG features is analyzed on its correlation with the level of consciousness, and a linear regression model is built for the correlation analysis. In the first study, the phase synchrony index of the left and the right hemispheres (PSI-LR) in the beta band has shown a significant correlation with the level of consciousness in cerebral hemorrhage patients (Pearson correlation coefficients p = 0.500 and Spearman correlation coefficients p = 0.400). In the second study, PSI-LR also shows a high correlation with the longitudinal changes of consciousness in ischemic stroke patients (Pearson correlation coefficients p = 0.884 and Spearman correlation coefficients p = 0.887). Furthermore, the linear regression model combining the six quantitative EEG (QEEG) features shows a determination coefficient of 44.2% in cerebral hemorrhage patients and 83.8% in longitudinal ischemic stroke investigations, respectively. The PSI-LR is an effective indicator in not only identifying the disturbance of consciousness in cerebral hemorrhage patients, but also monitoring the changes of consciousness in ischemic stroke patients. A linear combination of the six QEEG features investigated in this paper is a new measure to improve the assessment of consciousness.","2169-3536","","10.1109/ACCESS.2019.2916165","Key Research and Development Projects of Shanxi Province, China(grant numbers:201803D31045); Australian Research Council(grant numbers:LP140100394); Wu Jieping Medical Foundation(grant numbers:320675016129); Natural Science Foundation of Shanxi Province(grant numbers:201801D121138); Graduate Student Education Innovation Project of Shanxi Province, China(grant numbers:2018BY051); ","https://ieeexplore.ieee.org/stamp/stamp.jsp?arnumber=8712539","Consciousness;quantitative EEG;phase synchrony;ischemic stroke;cerebral hemorrhage;linear regression","Electroencephalography;Hemorrhaging;Stroke (medical condition);Correlation;Monitoring;Indexes;Electrodes","","8","","25","OAPA","10 May 2019","2019","","IEEE","IEEE Journals"
"Seizure Prediction Using Spike Rate of Intracranial EEG","S. Li; W. Zhou; Q. Yuan; Y. Liu","Suzhou Institute of Shandong University, Suzhou, China; Suzhou Institute of Shandong University, Suzhou, China; Suzhou Institute of Shandong University, Suzhou, China; Suzhou Institute of Shandong University, Suzhou, China",IEEE Transactions on Neural Systems and Rehabilitation Engineering,"4 Nov 2013","2013","21","6","880","886","Reliable prediction of forthcoming seizures will be a milestone in epilepsy research. A method capable of timely predicting the occurrence of seizures could significantly improve the quality of life for epilepsy patients and open new therapeutic approaches. Seizures are usually characterized by generalized spike wave discharges. With the advent of seizures, the variation of spike rate (SR) will have different manifestations. In this study, a seizure prediction approach based on spike rate is proposed and evaluated. Firstly, a low-pass filter is applied to remove the high frequency artifacts in electroencephalogram (EEG). Then, the morphology filter is used to detect spikes and compute SR, and SR is smoothed with an average filter. Finally, the performance of smoothed SR (SRm) in EEG during interictal, preictal, and ictal periods is analyzed and employed as an index for seizure prediction. Experiments with long-term intracranial EEGs of 21 patients show that the proposed seizure prediction approach achieves a sensitivity of 75.8% with an average false prediction rate of 0.09/h. The low computational complexity of the proposed approach enables its possibility of applications in an implantable device for epilepsy therapy.","1558-0210","","10.1109/TNSRE.2013.2282153","","https://ieeexplore.ieee.org/stamp/stamp.jsp?arnumber=6626552","Electroencephalogram (EEG) spikes;morphological filter;seizure prediction;spike rate","Electroencephalography;Epilepsy;Low-pass filters;Band-pass filters;Indexes;Morphology;Prediction algorithms","Action Potentials;Algorithms;Diagnosis, Computer-Assisted;Electroencephalography;Humans;Reproducibility of Results;Seizures;Seizures;Sensitivity and Specificity;Signal Processing, Computer-Assisted","157","","32","IEEE","9 Oct 2013","Nov. 2013","","IEEE","IEEE Journals"
"Detrended Fluctuation Analysis of Intracranial Pressure Predicts Outcome Following Traumatic Brain Injury","R. L. Burr; C. J. Kirkness; P. H. Mitchell","Department of Biobehavioral Nursing and Health Systems, University of Washington, Seattle, WA, USA; Department of Biobehavioral Nursing and Health Systems, University of Washington, Seattle, WA, USA; Department of Biobehavioral Nursing and Health Systems, University of Washington, Seattle, WA, USA",IEEE Transactions on Biomedical Engineering,"5 Nov 2008","2008","55","11","2509","2518"," Detrended fluctuation analysis (DFA) is a recently developed technique suitable for describing scaling behavior of variability in physiological signals. The purpose of this study is to explore applicability of DFA methods to intracranial pressure (ICP) signals recorded in patients with traumatic brain injury (TBI). In addition to establishing the degree of fit of the power-law scaling model of detrended fluctuations of ICP in TBI patients, we also examined the relationship of DFA coefficients (scaling exponent and intercept) to: 1) measures of initial neurological functioning; 2) measures of functional outcome at six month follow-up; and 3) measures of outcome, controlling for patient characteristics, and initial neurological status. In a sample of 147 moderate-to-severely injured TBI patients, we found that a higher DFA scaling exponent is significantly associated with poorer initial neurological functioning, and that lower DFA intercept and higher DFA scaling exponent jointly predict poorer functional outcome at six month follow-up, even after statistical control for covariates reflecting initial neurological condition. DFA describes properties of ICP signal in TBI patients that are associated with both initial neurological condition and outcome at six months postinjury. ","1558-2531","","10.1109/TBME.2008.2001286","","https://ieeexplore.ieee.org/stamp/stamp.jsp?arnumber=4547476","Detrended fluctuation analysis (DFA);intracranial pressure (ICP);monitoring;outcome;traumatic brain injury (TBI)","Fluctuations;Cranial pressure;Brain injuries;Doped fiber amplifiers;Patient monitoring;Medical services;Signal analysis;Biomedical monitoring;Diseases;State estimation","Adult;Aged;Algorithms;Brain Injuries;Female;Follow-Up Studies;Glasgow Coma Scale;Humans;Intracranial Pressure;Linear Models;Male;Middle Aged;Prognosis;Statistics, Nonparametric","32","","33","IEEE","20 Jun 2008","Nov. 2008","","IEEE","IEEE Journals"
"A Short-Time Insomnia Detection System Based on Sleep EOG With RCMSE Analysis","C. -E. Kuo; G. -T. Chen","Department of Automatic Control Engineering, Feng Chia University, Taichung, Taiwan; Department of Automatic Control Engineering, Feng Chia University, Taichung, Taiwan",IEEE Access,"22 Apr 2020","2020","8","","69763","69773","Objective: Currently, the prevalence of insomnia in 30% of the population in the word. To diagnose sleep issues, all-night polysomnography is usually taken from the patients, and the recordings are scored by a clinical staff. Nevertheless, manual sleep scoring and diagnosis are time consuming and subjective. In this study, a short-time insomnia detection system based on single-channel sleep EOG with refined composite multiscale entropy (RCMSE) analysis was proposed, and the performance of the proposed system was assessed with the manual scoring based on polysomnography. Methods: The sleep data from 32 subjects were used to develop and evaluate the proposed system; one half was healthy individual and the other half was insomnia patient. The corresponding RCMSE was computed from the short time single-channel sleep EOG (<; 30 min). Then, the mean values of their RCMSEs were computed. Finally, the mean values were used as input to an SVM classifier for insomnia detection. Results: 16 subjects were used to train a classifier; one half was healthy individual and the other half was insomnia patient; and the others were used to test. The averaged accuracy, sensitivity, specificity, kappa coefficient, and F1 score of the proposed system were 89.31%, 96.63%, 82.00%, 0.79, and 90.04%, respectively. Conclusion: Our results showed that RCMSE is a useful and representative feature for short-time insomnia detection. In addition, the proposed method has high accuracy and is good homecare applicability because a single-channel sleep EOG is used. Significance: In the future, we can integrate the proposed system with an EOG eye mask and portable PSG system for sleep quality assessment or insomnia screening in the home environment.","2169-3536","","10.1109/ACCESS.2020.2986397","Ministry of Science and Technology of Taiwan(grant numbers:MOST 108-2221-E-035-064,109-2634-F-006-013); AI Biomedical Research Center, Tainan, Taiwan; ","https://ieeexplore.ieee.org/stamp/stamp.jsp?arnumber=9058697","Short-time insomnia detection;refine composite multiscale entropy;single-channel sleep EOG;support vector machine","Sleep;Electrooculography;Entropy;Feature extraction;Time series analysis;Electroencephalography;Manuals","","26","","31","CCBY","7 Apr 2020","2020","","IEEE","IEEE Journals"
"Unconscious Learning versus Visual Perception: Dissociable Roles for Gamma Oscillations Revealed in MEG","M. Chaumon; D. Schwartz; C. Tallon-Baudry","1Université Pierre et Marie Curie (Paris6), LENA CNRS UPR640, Paris, France; 2MEG-EEG Center, Hôpital de la Pitié-Salpêtrière, Paris, France; 1Université Pierre et Marie Curie (Paris6), LENA CNRS UPR640, Paris, France",Journal of Cognitive Neuroscience,"19 May 2014","2009","21","12","2287","2299","Oscillatory synchrony in the gamma band (30–120 Hz) has been involved in various cognitive functions including conscious perception and learning. Explicit memory encoding, in particular, relies on enhanced gamma oscillations. Does this finding extend to unconscious memory encoding? Can we dissociate gamma oscillations related to unconscious learning and to conscious perception? We investigate these issues in a magnetoencephalographic experiment using a modified version of the contextual cueing paradigm. In this visual search task, repeated presentation of search arrays triggers an unconscious spatial learning process that speeds reaction times but leaves conscious perception unaffected. In addition to a high-frequency perceptual gamma activity present throughout the experiment, we reveal the existence of a fronto-occipital network synchronized in the low gamma range specifically engaged in unconscious learning. This network shows up as soon as a display is searched for the second time and disappears as behavior gets affected. We suggest that oscillations in this network shape neural processing to build an efficient neural route for learned displays. Accordingly, in the last part of the experiment, evoked responses dissociate learned images at early latencies, suggesting that a sharpened representation is activated without resort on learning gamma oscillations, whereas perceptual gamma oscillations remain unaffected.","0898-929X","","10.1162/jocn.2008.21155","","https://ieeexplore.ieee.org/stamp/stamp.jsp?arnumber=6790657","","","","1","","","","19 May 2014","Dec. 2009","","MIT Press","MIT Press Journals"
"StApneaNet: A Deep Learning-Based Automatic Sleep Stage Adaptive Apnea Detection Network Using Single Channel EEG Signal","S. Saha; S. A. Fattah; M. Saquib","Department of Electrical and Electronic Engineering (EEE), Bangladesh University of Engineering and Technology, Dhaka, Bangladesh; Department of Electrical and Electronic Engineering (EEE), Bangladesh University of Engineering and Technology, Dhaka, Bangladesh; Department of Electrical and Computer Engineering, The University of Texas at Dallas, Richardson, TX, USA",IEEE Access,"31 Dec 2024","2024","12","","198250","198261","Sleep apnea is a serious sleep disorder that is characterized by abnormal pauses in breathing. It is related to neural activity that depends on the associated sleep stage of an apnea event. Electroencephalography (EEG) signal is widely used for neural activity analysis and can play a significant role along with sleep stage information in sleep apnea event detection. In this paper, a sleep stage adaptive deep neural network based apnea detection scheme, namely StApneaNet is proposed using single channel EEG signal. The proposed StApneaNet consists of two major blocks: joint model and decision model. In the joint model, multi-band EEG signals are used as input to a multi-kernel CNN block which gives time sequential inter-band related features through causal convolution. A residual squeeze and excitation based channel attention mechanism is then applied to the output feature channels which are further processed through a bi-directional long short term memory (Bi-LSTM) layer along with a temporal attention block. Both apnea prediction and sleep stage prediction are jointly optimized in the joint model that is initially pre-trained and later integrated as a non-trainable block with the trainable decision fusion block inside the decision model for the final apnea event detection. The whole trained network so built is capable of efficiently predicting apnea frames in the testing phase. Extensive experimentation is carried out on three publicly available EEG datasets for subjects-combined and subject-independent classification of apnea events and normal events of an apnea patient. It is found that the proposed StApneaNet offers 91.79% sensitivity, 88.13% specificity, and 89.96% accuracy for a 10-fold subjects-combined cross-validation scheme which are better than those of the existing methods.","2169-3536","","10.1109/ACCESS.2024.3518972","","https://ieeexplore.ieee.org/stamp/stamp.jsp?arnumber=10804148","Sleep apnea;sleep stage;EEG;causal convolution;attention;Bi-LSTM;joint optimization;decision fusion","Electroencephalography;Brain modeling;Sleep;Predictive models;Diseases;Sleep apnea;Deep learning;Feature extraction;Adaptation models;Convolution","","6","","34","CCBY","16 Dec 2024","2024","","IEEE","IEEE Journals"
"Sleep Apnea Detection Based on Rician Modeling of Feature Variation in Multiband EEG Signal","A. Bhattacharjee; S. Saha; S. A. Fattah; W. -P. Zhu; M. O. Ahmad","Department of Electrical and Electronic Engineering, BUET, Dhaka, Bangladesh; Department of Electrical and Electronic Engineering, BUET, Dhaka, Bangladesh; Department of Electrical and Electronic Engineering, BUET, Dhaka, Bangladesh; Department of ECE, Concordia University, Montréal, QC, Canada; Department of ECE, Concordia University, Montréal, QC, Canada",IEEE Journal of Biomedical and Health Informatics,"3 May 2019","2019","23","3","1066","1074","Sleep apnea, a serious sleep disorder affecting a large population, causes disruptions in breathing during sleep. In this paper, an automatic apnea detection scheme is proposed using single lead electroencephalography (EEC) signal to discriminate apnea patients and healthy subjects as well as to deal with the difficult task of classifying apnea and nonapnea events of an apnea patient. A unique multiband subframe based feature extraction scheme is developed to capture the feature variation pattern within a frame of EEC data, which is shown to exhibit significantly different characteristics in apnea and nonapnea frames. Such withinframe feature variation can be better represented by some statistical measures and characteristic probability density functions. It is found that use of Rician model parameters along with some statistical measures can offer very robust feature qualities in terms of standard performance criteria, such as Bhattacharyya distance and geometric separability index. For the purpose of classification, proposed features are used in K Nearest Neighbor classifier. From extensive experimentations and analysis on three different publicly available databases it is found that the proposed method offers superior classification performance in terms of sensitivity, specificity, and accuracy.","2168-2208","","10.1109/JBHI.2018.2845303","","https://ieeexplore.ieee.org/stamp/stamp.jsp?arnumber=8374859","EEG signals;EEG sub-bands;sleep apnea;entropy;sub-framing;model fitting;Rician model;KNN;goodness of feature;classification","Feature extraction;Electroencephalography;Brain modeling;Probability density function;Sleep apnea;Entropy","Algorithms;Databases, Factual;Electroencephalography;Humans;Sensitivity and Specificity;Signal Processing, Computer-Assisted;Sleep Apnea Syndromes","60","","31","IEEE","7 Jun 2018","May 2019","","IEEE","IEEE Journals"
"Adaptive Margin Aware Complement-Cross Entropy Loss for Improving Class Imbalance in Multi-View Sleep Staging Based on EEG Signals","F. Miao; L. Yao; X. Zhao","School of Artificial Intelligence, Beijing Normal University, Beijing, China; School of Artificial Intelligence, Beijing Normal University, Beijing, China; School of Artificial Intelligence, Beijing Normal University, Beijing, China",IEEE Transactions on Neural Systems and Rehabilitation Engineering,"25 Oct 2022","2022","30","","2927","2938","Sleep data are typically characterized by class imbalance, which can cause the model to be overly biased toward frequent classes, resulting in low accuracy of minority class classification. However, the minority class of sleep staging has important value in diagnosing certain disorders, such as an N1 Stage that is too short indicating possible hypersomnia or narcolepsy. To address this problem, we propose a multi-view CNN model based on adaptive margin-aware loss. A novel margin-aware factor that considers the relative sample sizes of both frequent and minority classes can improve the overfitting of minority classes by increasing the regularization strength of minority classes without changing the sample size to maximize the decision margins of minority classes. On this basis, we propose margin-aware cross-entropy and margin-aware complement entropy loss, respectively. Margin-aware complement entropy can be achieved to increase the regularization for minority classes while neutralizing errors for minority classes, thus improving the classification accuracy for minority classes. Finally, the synergy of margin-aware complement entropy and cross-entropy is realized in an adaptive way to improve the sleep staging classification accuracy. We tested on three sleep datasets and compared them with the state-of-the-art, and the results demonstrate that our proposed algorithm not only improves the accuracy of sleep staging in general, but also improves the minority classes to a greater extent.","1558-0210","","10.1109/TNSRE.2022.3213848","Funds for National Natural Science Foundation of China(grant numbers:61871040); Key Program of National Natural Science Foundation of China(grant numbers:61731003); ","https://ieeexplore.ieee.org/stamp/stamp.jsp?arnumber=9916284","Sleep staging;class imbalance;margin awareness;complement-cross entropy;multi-view CNN","Sleep;Entropy;Brain modeling;Electroencephalography;Convolutional neural networks;Feature extraction;Mathematical models","Humans;Entropy;Electroencephalography;Sleep Stages;Algorithms;Sleep","11","","45","CCBY","12 Oct 2022","2022","","IEEE","IEEE Journals"
"A Novel Multi-Class EEG-Based Sleep Stage Classification System","P. Memar; F. Faradji","Department of Electrical Engineering, K. N. Toosi University of Technology, Tehran, Iran; Department of Electrical Engineering, K. N. Toosi University of Technology, Tehran, Iran",IEEE Transactions on Neural Systems and Rehabilitation Engineering,"8 Jan 2018","2018","26","1","84","95","Sleep stage classification is one of the most critical steps in effective diagnosis and the treatment of sleep-related disorders. Visual inspection undertaken by sleep experts is a time-consuming and burdensome task. A computer-assisted sleep stage classification system is thus essential for both sleep-related disorders diagnosis and sleep monitoring. In this paper, we propose a system to classify the wake and sleep stages with high rates of sensitivity and specificity. The EEG signals of 25 subjects with suspected sleep-disordered breathing, and the EEG signals of 20 healthy subjects from three data sets are used. Every EEG epoch is decomposed into eight subband epochs each of which has a frequency band pertaining to one EEG rhythm (i.e., delta, theta, alpha, sigma, beta 1, beta 2, gamma 1, or gamma 2). Thirteen features are extracted from each subband epoch. Therefore, 104 features are totally obtained for every EEG epoch. The Kruskal–Wallis test is used to examine the significance of the features. Non-significant features are discarded. The minimal-redundancy-maximal-relevance feature selection algorithm is then used to eliminate redundant and irrelevant features. The features selected are classified by a random forest classifier. To set the system parameters and to evaluate the system performance, nested 5-fold cross-validation and subject cross-validation are performed. The performance of our proposed system is evaluated for different multi-class classification problems. The minimum overall accuracy rates obtained are 95.31% and 86.64% for nested 5-fold and subject cross-validation, respectively. The system performance is promising in terms of the accuracy, sensitivity, and specificity rates compared with the ones of the state-of-the-art systems. The proposed system can be used in health care applications with the aim of improving sleep stage classification.","1558-0210","","10.1109/TNSRE.2017.2776149","","https://ieeexplore.ieee.org/stamp/stamp.jsp?arnumber=8116601","Sleep stages;classification;minimal-redundancy-maximal-relevance (mRMR);random forest (RF);electroencephalogram (EEG);gamma;subject cross-validation","Electroencephalography;Sleep;Feature extraction;Electrooculography;Entropy;Support vector machines;Time-frequency analysis","Adult;Aged;Algorithms;Data Interpretation, Statistical;Databases, Factual;Electroencephalography;Electrooculography;Female;Humans;Male;Middle Aged;Reproducibility of Results;Sleep Apnea Syndromes;Sleep Stages;Support Vector Machine","293","","65","IEEE","21 Nov 2017","Jan. 2018","","IEEE","IEEE Journals"
"ST-SCGNN: A Spatio-Temporal Self-Constructing Graph Neural Network for Cross-Subject EEG-Based Emotion Recognition and Consciousness Detection","J. Pan; R. Liang; Z. He; J. Li; Y. Liang; X. Zhou; Y. He; Y. Li","School of Software, South China Normal University, Guangzhou, China; School of Software, South China Normal University, Guangzhou, China; Zhongshan School of Medicine, Sun Yat-sen University, Guangzhou, China; School of Software, South China Normal University, Guangzhou, China; School of Software, South China Normal University, Guangzhou, China; Guangdong Provincial Work Injury Rehabilitation Hospital, Guangzhou, China; Guangdong Provincial Work Injury Rehabilitation Hospital, Guangzhou, China; Center for Brain-Computer Interfaces and Brain Information Processing, South China University of Technology, Guangzhou, China",IEEE Journal of Biomedical and Health Informatics,"5 Feb 2024","2024","28","2","777","788","In this paper, a novel spatio-temporal self-constructing graph neural network (ST-SCGNN) is proposed for cross-subject emotion recognition and consciousness detection. For spatio-temporal feature generation, activation and connection pattern features are first extracted and then combined to leverage their complementary emotion-related information. Next, a self-constructing graph neural network with a spatio-temporal model is presented. Specifically, the graph structure of the neural network is dynamically updated by the self-constructing module of the input signal. Experiments based on the SEED and SEED-IV datasets showed that the model achieved average accuracies of 85.90% and 76.37%, respectively. Both values exceed the state-of-the-art metrics with the same protocol. In clinical besides, patients with disorders of consciousness (DOC) suffer severe brain injuries, and sufficient training data for EEG-based emotion recognition cannot be collected. Our proposed ST-SCGNN method for cross-subject emotion recognition was first attempted in training in ten healthy subjects and testing in eight patients with DOC. We found that two patients obtained accuracies significantly higher than chance level and showed similar neural patterns with healthy subjects. Covert consciousness and emotion-related abilities were thus demonstrated in these two patients. Our proposed ST-SCGNN for cross-subject emotion recognition could be a promising tool for consciousness detection in DOC patients.","2168-2208","","10.1109/JBHI.2023.3335854","STI 2030-Major Projects(grant numbers:2022ZD0208900); National Natural Science Foundation of China(grant numbers:62076103); Major Projects of Colleges and Universities in Guangdong Province(grant numbers:2023ZDZX2021); ","https://ieeexplore.ieee.org/stamp/stamp.jsp?arnumber=10329957","Consciousness detection;cross-subject emotion recognition;disorder of consciousness (DOC);electroencephalogram (EEG);graph neural network (GNN)","Emotion recognition;Electroencephalography;Brain modeling;Feature extraction;Graph neural networks;Training;Convolutional neural networks","Humans;Consciousness;Emotions;Benchmarking;Neural Networks, Computer;Electroencephalography","62","","50","IEEE","28 Nov 2023","Feb. 2024","","IEEE","IEEE Journals"
"The WQN Algorithm for EEG Artifact Removal in the Absence of Scale Invariance","M. Dora; S. Jaffard; D. Holcman","IBENS UMR8197, École Normale Supérieure – PSL, Paris, France; Univ. Paris Est Créteil, Université Gustave Eiffel, CNRS, LAMA UMR8050, Créteil, France; IBENS UMR8197, École Normale Supérieure – PSL, Paris, France",IEEE Transactions on Signal Processing,"20 Jun 2024","2024","72","","2663","2676","Electroencephalogram (EEG) signals reflect brain activity across different brain states, characterized by distinct frequency distributions. Through multifractal analysis tools, we investigate the scaling behaviour of several classes of EEG signals and artifacts. We show that brain states associated to sleep and general anaesthesia are not in general characterized by scale invariance. The lack of scale invariance motivates the development of artifact removal algorithms capable of operating independently at each scale. We examine here the properties of the wavelet quantile normalization (WQN) algorithm, a recently introduced adaptive method for real-time correction of transient artifacts in EEG signals. We establish general results regarding the regularization properties of the WQN algorithm, showing how it can eliminate singularities introduced by artefacts, and we compare it to traditional thresholding algorithms. Furthermore, we provide evidence that the algorithm performance is independent of the wavelet basis. We finally examine its continuity and boundedness properties and illustrate its distinctive non-local action on the wavelet coefficients through pathological examples.","1941-0476","","10.1109/TSP.2024.3403965","European Union’s Horizon 2020(grant numbers:882673); ","https://ieeexplore.ieee.org/stamp/stamp.jsp?arnumber=10542728","Artifact replacement;EEG;real-time algorithm;regularity property;transport;wavelet decomposition","Art;Electroencephalography;Time-frequency analysis;Signal processing algorithms;Transient analysis;Transforms;Task analysis","","2","","44","IEEE","31 May 2024","2024","","IEEE","IEEE Journals"
"Multiscale Temporal Self-Attention and Dynamical Graph Convolution Hybrid Network for EEG-Based Stereogram Recognition","L. Shen; M. Sun; Q. Li; B. Li; Z. Pan; J. Lei","School of Electrical and Information Engineering, Tianjin University, Tianjin, China; School of Electrical and Information Engineering, Tianjin University, Tianjin, China; School of Economics and Management, University of Science and Technology Beijing, Beijing, China; School of Electrical and Information Engineering, Tianjin University, Tianjin, China; School of Electrical and Information Engineering, Tianjin University, Tianjin, China; School of Electrical and Information Engineering, Tianjin University, Tianjin, China",IEEE Transactions on Neural Systems and Rehabilitation Engineering,"16 May 2022","2022","30","","1191","1202","Stereopsis is the ability of human beings to get the 3D perception on real scenarios. The conventional stereopsis measurement is based on subjective judgment for stereograms, leading to be easily affected by personal consciousness. To alleviate the issue, in this paper, the EEG signals evoked by dynamic random dot stereograms (DRDS) are collected for stereogram recognition, which can help the ophthalmologists diagnose strabismus patients even without real-time communication. To classify the collected Electroencephalography (EEG) signals, a novel multi-scale temporal self-attention and dynamical graph convolution hybrid network (MTS-DGCHN) is proposed, including multi-scale temporal self-attention module, dynamical graph convolution module and classification module. Firstly, the multi-scale temporal self-attention module is employed to learn time continuity information, where the temporal self-attention block is designed to highlight the global importance of each time segments in one EEG trial, and the multi-scale convolution block is developed to further extract advanced temporal features in multiple receptive fields. Meanwhile, the dynamical graph convolution module is utilized to capture spatial functional relationships between different EEG electrodes, in which the adjacency matrix of each GCN layer is adaptively tuned to explore the optimal intrinsic relationship. Finally, the temporal and spatial features are fed into the classification module to obtain prediction results. Extensive experiments are conducted on collected datasets i.e., SRDA and SRDB, and the results demonstrate the proposed MTS-DGCHN achieves outstanding classification performance compared with the other methods. The datasets are available at https://github.com/YANGeeg/TJU-SRD-datasets and the code is at https://github.com/YANGeeg/MTS-DGCHN.","1558-0210","","10.1109/TNSRE.2022.3173724","National Natural Science Foundation of China(grant numbers:62171319); Science and Technology Found of Tianjin Health Commission(grant numbers:ZC20187); Science and Technology Found of Tianjin Eye Hospital(grant numbers:YKZD2001); ","https://ieeexplore.ieee.org/stamp/stamp.jsp?arnumber=9771231","EEG;DRDS;self-attention;multi-scale convolution;dynamical graph convolution","Electroencephalography;Convolution;Feature extraction;Electrodes;Brain modeling;Task analysis;Sun","Attention;Electroencephalography;Humans;Recognition, Psychology","54","","59","CCBYNCND","9 May 2022","2022","","IEEE","IEEE Journals"
"A Distributed Classification Procedure for Automatic Sleep Stage Scoring Based on Instantaneous Electroencephalogram Phase and Envelope Features","F. Karimzadeh; R. Boostani; E. Seraj; R. Sameni","School of Electrical and Computer Engineering, Shiraz University, Shiraz, Iran; School of Electrical and Computer Engineering, Shiraz University, Shiraz, Iran; School of Electrical and Computer Engineering, Shiraz University, Shiraz, Iran; School of Electrical and Computer Engineering, Shiraz University, Shiraz, Iran",IEEE Transactions on Neural Systems and Rehabilitation Engineering,"9 Feb 2018","2018","26","2","362","370","During the past decades, a great body of research has been devoted to automatic sleep stage scoring using the electroencephalogram (EEG). However, the results are not yet satisfactory to be used as a standard procedure in clinical studies. In this study, using recent developments in robust EEG phase extraction, a novel set of EEG-based features containing the Shannon entropy of the instantaneous analytical form envelope and frequencies of the EEG are proposed for sleep stage scoring. The proposed feature set is used to construct a distributed decision-tree classifier, with binary K-nearest neighbor classifiers at each decision node. The decision-tree structure is designed by brute-force-search over various combinations of the proposed feature set. The performance of the proposed approach is evaluated over two available sleep EEG data sets acquired using single-channel EEG. The first set contains 20 healthy young subjects containing equal number of male and female, and the second one has been acquired from 140 adult subjects from both genders, with sleep disorder. The performance of the proposed method is tested versus state-of-the-art classifiers. The results demonstrate that the proposed method, resulted in overall accuracies of 88.97% and 83.17% over the two data sets, respectively. Considering the high performance and simplicity of the proposed scheme, the method can be of interest for clinical sleep disorder studies.","1558-0210","","10.1109/TNSRE.2017.2775058","Cognitive Sciences and Technologies Council of Iran(grant numbers:3570); ","https://ieeexplore.ieee.org/stamp/stamp.jsp?arnumber=8114228","Automatic sleep stage scoring;EEG signal;EEG Analytic form;distributed classifier;instantaneous phase;instantaneous envelope;entropy","Sleep;Electroencephalography;Feature extraction;Standards;Estimation;Entropy;Indexes","Adult;Algorithms;Automation;Decision Trees;Electroencephalography;Entropy;Female;Healthy Volunteers;Humans;Male;Reproducibility of Results;Sleep Stages;Young Adult","36","","51","IEEE","17 Nov 2017","Feb. 2018","","IEEE","IEEE Journals"
"An Efficient Method to Detect Sleep Hypopnea- Apnea Events Based on EEG Signals","Y. Wang; S. Ji; T. Yang; X. Wang; H. Wang; X. Zhao","School of Life Sciences, Tiangong University, Tianjin, China; School of Electronics and Information Engineering, Tiangong University, Tianjin, China; School of Electronics and Information Engineering, Tiangong University, Tianjin, China; School of Life Sciences, Tiangong University, Tianjin, China; School of Life Sciences, Tiangong University, Tianjin, China; Tianjin Chest Hospital, Tianjin, China",IEEE Access,"4 Jan 2021","2021","9","","641","650","Hypopnea refers to the state in which insufficient alveolar ventilation during night sleep decreases the respiratory airflow by more than 50% of the airflow. However, sleep apnea is a more serious respiratory event, such as complete cessation of respiratory airflow for 10 seconds. The occurrence of hypopnea is a precursor to the occurrence of apnea events and the two are closely connected. In this paper, we propose a method based on the combination of discrete wavelet transform and approximate entropy of EEG signals to detect sleep apnea and hypopnea events. For this purpose, first, data preprocessing is performed on the EEG record data set obtained from Tianjin Chest Hospital, and then infinite impulse response (IIR) Butterworth bandpass filter is used to decompose the data into delta, theta, alpha, beta and gamma. Second, descriptive features are extracted based on sub-bands discrete wavelet transform such as the approximate entropy of high-frequency coefficients. Third, the features are filtered based on Support Vector Machine (SVM) recursive elimination. Finally, several machine learning algorithms including SVM, K-Nearest Neighbor (KNN) and Random forest (RF) are employed to identify the occurrence of sleep hypopnea-apnea events. The highest accuracy rate reached 94.33%, the sensitivity reached 93.10%, and the specificity reached 95.07%. The obtained results validate that the proposed method is an effective and practical diagnostic method to detect the occurrence of hypopnea-apnea events.","2169-3536","","10.1109/ACCESS.2020.3038486","National Key Research and Development Program of China(grant numbers:2019YF0119400); National Natural Science Foundation of China(grant numbers:61701342,81901789); Tianjin Natural Science Foundation(grant numbers:19JCQNJC13100); Tianjin Science and Technology Program(grant numbers:18ZXRHSY00200,20ZXGBSY00070); Science & Technology Development Fund of Tianjin Education Commission for Higher Education(grant numbers:2018KJ212); ","https://ieeexplore.ieee.org/stamp/stamp.jsp?arnumber=9261412","Sleep apnea hypopnea syndrome;discrete wavelet transform;approximate entropy;machine learning classification model;support vector machine recursive elimination","Electroencephalography;Sleep apnea;Feature extraction;Sensitivity;Blood;Discrete wavelet transforms;Support vector machines","","35","","27","CCBY","17 Nov 2020","2021","","IEEE","IEEE Journals"
"Multiscale Fluctuation-Based Dispersion Entropy and Its Applications to Neurological Diseases","H. Azami; S. E. Arnold; S. Sanei; Z. Chang; G. Sapiro; J. Escudero; A. S. Gupta","Department of Neurology and Massachusetts General Hospital, Harvard Medical School, Charlestown, MA, USA; Department of Neurology and Massachusetts General Hospital, Harvard Medical School, Charlestown, MA, USA; School of Science and Technology, Nottingham Trent University, Nottingham, U.K.; Department of Electrical and Computer Engineering, Duke University, Durham, NC, USA; Departments of Electrical and Computer Engineering, Computer Sciences, Biomedical Engineering, and Math, Duke University, Durham, NC, USA; School of Engineering, InstituteInstitute for Digital Communications, University of Edinburgh, Edinburgh, U.K.; Department of Neurology and Massachusetts General Hospital, Harvard Medical School, Boston, MA, USA",IEEE Access,"5 Jun 2019","2019","7","","68718","68733","Fluctuation-based dispersion entropy (FDispEn) is a new approach to estimate the dynamical variability of the fluctuations of signals. It is based on Shannon entropy and fluctuation-based dispersion patterns. To quantify the physiological dynamics over multiple time scales, multiscale FDispEn (MFDE) is developed in this paper. MFDE is robust to the presence of baseline wanders or trends in the data. We evaluate MFDE, compared with popular multiscale sample entropy (MSE), multiscale fuzzy entropy (MFE), and the recently introduced multiscale dispersion entropy (MDE), on selected synthetic data and five neurological diseases' datasets: 1) focal and non-focal electroencephalograms (EEGs); 2) walking stride interval signals for young, elderly, and Parkinson's subjects; 3) stride interval fluctuations for Huntington's disease and amyotrophic lateral sclerosis; 4) EEGs for controls and Alzheimer's disease patients; and 5) eye movement data for Parkinson's disease and ataxia. The MFDE avoids the problem of the undefined MSE values and, compared with the MFE and MSE, leads to more stable entropy values over the scale factors for white and pink noises. Overall, the MFDE is the fastest and most consistent method for the discrimination of different states of neurological data, especially where the mean value of a time series considerably changes along with the signal (e.g., eye movement data). This paper shows that MFDE is a relevant new metric to gain further insights into the dynamics of neurological diseases' recordings. The MATLAB codes for the MFDE and its refined composite form are available in Xplore.","2169-3536","","10.1109/ACCESS.2019.2918560","National Science Foundation; NIH; DoD; ","https://ieeexplore.ieee.org/stamp/stamp.jsp?arnumber=8721041","Complexity;multiscale fluctuation-based dispersion entropy;biomedical signals;electroencephalogram;stride interval fluctuations;eye movements","Entropy;Dispersion;Time series analysis;Complexity theory;Electroencephalography;Physiology;Diseases","","112","","65","OAPA","23 May 2019","2019","","IEEE","IEEE Journals"
"A Low-Cost Implementation of Sample Entropy in Wearable Embedded Systems: An Example of Online Analysis for Sleep EEG","Y. -H. Wang; I. -Y. Chen; H. Chiueh; S. -F. Liang","Department of Mechanical Engineering, National Central University, Taoyuan City, Taiwan; Department of Computer Science and Information Engineering, National Cheng Kung University (NCKU), Tainan, Taiwan; Department of Electrical and Computer Engineering, National Chiao Tung University, Hsinchu, Taiwan; Department of Computer Science and Information Engineering, National Cheng Kung University (NCKU), Tainan, Taiwan",IEEE Transactions on Instrumentation and Measurement,"14 Jan 2021","2021","70","","1","12","Sample entropy (SpEn) is a measure of the underlying regularity or complexity of a system that is achieved by assessing the entropy of a time series recorded from the system. It is a powerful signal processing tool and has received increasing attention in recent years. SpEn has been successfully applied in biomedical measurements and other applications. In particular, many emerging applications require measuring the SpEn of signals in real-time embedded systems. However, the standard implementation of SpEn requires a computational complexity of  $O(n^{2})$ , where  $n$  is the data length, making it difficult to meet real-time constraints, especially for large  $n$ . Moreover, power consumption and computation latency must be considered as well. The data length used in previous studies was approximately several hundred, and it remains a challenging task to operate on longer data lengths. In this article, we propose the assisted sliding box (SBOX) algorithm to accelerate the computation of SpEn without any approximation while maintaining a low memory overhead so that the algorithm can be executed in embedded systems for edge computing. We also develop an electroencephalogram (EEG)-based wearable device for comfortable overnight recording. The SBOX algorithm is then implemented in the system to measure the online SpEn of an overnight sleep EEG signal. The results show that, compared with the standard algorithm, the SBOX algorithm speeds up the computation time by a factor of 60, thereby reducing power consumption by 98% when measuring a 30-s epoch of sleep EEG with  $n=7500$  and a 250-Hz sampling rate.","1557-9662","","10.1109/TIM.2020.3047488","Ministry of Science and Technology of Taiwan(grant numbers:MOST 109-2221-E-008-020,108-2221-E-008-025,107-2221-E-009-134,109-2634-F-006-013); ","https://ieeexplore.ieee.org/stamp/stamp.jsp?arnumber=9312616","Computation time;edge computing;microcontroller (MCU);sample entropy (SpEn);sleep electroencephalogram (EEG);wearable device","Standards;Entropy;Sleep;Real-time systems;Electroencephalography;Time series analysis;Correlation","","17","","37","IEEE","4 Jan 2021","2021","","IEEE","IEEE Journals"
"Inter-Brain EEG Feature Extraction and Analysis for Continuous Implicit Emotion Tagging During Video Watching","Y. Ding; X. Hu; Z. Xia; Y. -J. Liu; D. Zhang","Department of Biomedical Engineering, Tsinghua University, Beijing, P. R. China; Department of Psychology, Tsinghua University, Beijing, P. R. China; Department of Psychology, Tsinghua University, Beijing, P. R. China; Department of Computer Science and Technology, Tsinghua National Laboratory for Information Science and Technology, Tsinghua University, Beijing, P. R. China; Department of Psychology, Tsinghua University, Beijing, P. R. China",IEEE Transactions on Affective Computing,"1 Mar 2021","2021","12","1","92","102","How to efficiently tag the emotional experience of multimedia contents is an important and challenging problem in the field of affective computing. This paper presents an EEG-based real-time emotion tagging approach, by extracting inter-brain features from a group of participants when they watch the same emotional video clips. First, the continuous subjective reports on both the arousal and valence dimensions of emotion were obtained by employing a three-round behavioral rating paradigm. Second, the inter-brain features were systematically explored in both spectral and temporal domain. Finally, regression analyses were performed to evaluate the effectiveness of inter-brain amplitude and phase features. The inter-brain amplitude feature showed significantly better prediction performance than the inter-brain phase feature, as well as another two conventional features (spectral power and inter-subject correlation). By combining the four types of features, regression values (R2) were obtained for the prediction of arousal (0.61 + 0.01) and valence (0.70 + 0.01), corresponding to prediction errors of 1.01 + 0.02 and 0.78 + 0.02 (unit on 9-point scales), respectively. The contributions of different electrodes and frequency bands were also analyzed. Our results show promising potentials of inter-brain EEG features in real-time emotion tagging applications.","1949-3045","","10.1109/TAFFC.2018.2849758","National Key Research and Development Program of China(grant numbers:2016YFB1001200); National Natural Science Foundation of China(grant numbers:U1736220,61725204); National Social Science Fund of China(grant numbers:17ZDA323); Ministry of Education, China(grant numbers:17YJA190017); Tsinghua University Initiative Scientific Research Program(grant numbers:2014z21043); ","https://ieeexplore.ieee.org/stamp/stamp.jsp?arnumber=8392701","Emotion;inter-brain;EEG;implicit tagging","Tagging;Electroencephalography;Streaming media;Multimedia communication;Feature extraction;Real-time systems;Correlation","","68","","76","IEEE","22 Jun 2018","1 Jan.-March 2021","","IEEE","IEEE Journals"
"Deep Learning Classification of Neuro-Emotional Phase Domain Complexity Levels Induced by Affective Video Film Clips","S. Aydın","Department of Biophysics, Faculty of Medicine, University of Hacettepe, Ankara, Turkey",IEEE Journal of Biomedical and Health Informatics,"4 Jun 2020","2020","24","6","1695","1702","In the present article, a novel emotional complexity marker is proposed for classification of discrete emotions induced by affective video film clips. Principal Component Analysis (PCA) is applied to full-band specific phase space trajectory matrix (PSTM) extracted from short emotional EEG segment of 6 s, then the first principal component is used to measure the level of local neuronal complexity. As well, Phase Locking Value (PLV) between right and left hemispheres is estimated for in order to observe the superiority of local neuronal complexity estimation to regional neuro-cortical connectivity measurements in clustering nine discrete emotions (fear, anger, happiness, sadness, amusement, surprise, excitement, calmness, disgust) by using Long-Short-Term-Memory Networks as deep learning applications. In tests, two groups (healthy females and males aged between 22 and 33 years old) are classified with the accuracy levels of $\text{68.52}{\%}$ and $\text{79.36}{\%}$ through the proposed emotional complexity markers and and connectivity levels in terms of PLV in amusement. The groups are found to be statistically different ($p\ll 0.5$) in amusement with respect to both metrics, even if gender difference does not lead to different neuro-cortical functions in any of the other discrete emotional states. The high deep learning classification accuracy of $\text{98.00}{\%}$ is commonly obtained for discrimination of positive emotions from negative emotions through the proposed new complexity markers. Besides, considerable useful classification performance is obtained in discriminating mixed emotions from each other through full-band connectivity features. The results reveal that emotion formation is mostly influenced by individual experiences rather than gender. In detail, local neuronal complexity is mostly sensitive to the affective valance rating, while regional neuro-cortical connectivity levels are mostly sensitive to the affective arousal ratings.","2168-2208","","10.1109/JBHI.2019.2959843","","https://ieeexplore.ieee.org/stamp/stamp.jsp?arnumber=8933102","Brain biophysics;emotion recognition;affective neuroscience;deep learning","Electroencephalography;Complexity theory;Principal component analysis;Emotion recognition;Informatics;Trajectory","Adult;Algorithms;Brain;Deep Learning;Electroencephalography;Emotions;Female;Humans;Male;Motion Pictures;Pattern Recognition, Automated;Signal Processing, Computer-Assisted;Young Adult","81","","105","IEEE","16 Dec 2019","June 2020","","IEEE","IEEE Journals"
"Asymmetry of Regional Phase Synchrony Cortical Networks Under Cognitive Alertness and Vigilance Decrement States","O. Hassanin; F. Al-Shargie; U. Tariq; H. Al-Nashash","Biomedical Engineering Graduate Program, American University of Sharjah, Sharjah, United Arab Emirates; Department of Electrical Engineering and the Department of Biomedical Engineering, American University of Sharjah, Sharjah, United Arab Emirates; Department of Electrical Engineering and the Department of Biomedical Engineering, American University of Sharjah, Sharjah, United Arab Emirates; Department of Electrical Engineering and the Department of Biomedical Engineering, American University of Sharjah, Sharjah, United Arab Emirates",IEEE Transactions on Neural Systems and Rehabilitation Engineering,"17 Nov 2021","2021","29","","2378","2387","This study investigates intra-regional connectivity and regional hemispheric asymmetry under two vigilance states: alertness and vigilance decrement. The vigilance states were induced on nine healthy subjects while performing 30 min in-congruent Stroop color-word task (I-SCWT). We measured brain activity using Electroencephalography (EEG) signals with 64-channels. We quantified the regional network connectivity using the phase-locking value (PLV) with graph theory analysis (GTA) and Support Vector Machines (SVM). Results showed that the vigilance decrement state was associated with impaired information processing within the frontal and central regions in delta and theta frequency bands. Meanwhile, the hemispheric asymmetry results showed that the laterality shifted to the right-temporal in delta, right-central, parietal, and left frontal in theta, right-frontal and left-central, temporal and parietal in alpha, and right-parietal and left temporal in beta frequency bands. These findings represent the first demonstration of intra-regional connectivity and hemispheric asymmetry changes as a function of cognitive vigilance states. The overall results showed that vigilance decrement is region and frequency band-specific. Our SVM model achieved the highest classification accuracy of 99.73% in differentiating between the two vigilance states based on the frontal and central connectivity networks measures.","1558-0210","","10.1109/TNSRE.2021.3125420","Open Access Program from the American University of Sharjah; FRG20, United Arab Emirates; ","https://ieeexplore.ieee.org/stamp/stamp.jsp?arnumber=9600840","Electroencephalography (EEG);vigilance decrement;phase locking value (PLV);graph theory analysis (GTA);hemispheric asymmetry;machine learning","Electroencephalography;Task analysis;Graph theory;Image color analysis;Fatigue;Support vector machines;Estimation","Attention;Cognition;Electroencephalography;Functional Laterality;Humans;Wakefulness","17","","43","CCBY","4 Nov 2021","2021","","IEEE","IEEE Journals"
"Sleep Quality Estimation by Cardiopulmonary Coupling Analysis","F. Mendonça; S. S. Mostafa; F. Morgado-Dias; A. G. Ravelo-García","Madeira Interactive Technologies Institute, Funchal, Portugal; Madeira Interactive Technologies Institute, Funchal, Portugal; Madeira Interactive Technologies Institute, Funchal, Portugal; Institute for Technological Development and Innovation in Communications, Universidad de Las Palmas de Gran Canaria, Las Palmas, Spain",IEEE Transactions on Neural Systems and Rehabilitation Engineering,"6 Dec 2018","2018","26","12","2233","2239","The gold standard for assessment of sleep quality is the polysomnography, where physiological signals are used to generate both quantitative and qualitative measurements. Despite the production of highly accurate results, polysomnography is a complex, uncomfortable, and expensive process, inaccessible to a large group of the population. Home monitoring devices were developed to address these issues, fitting the growing perspective of health care and focusing on prevention and wellness. The objective of this paper was to develop an algorithm capable of estimating the quality of sleep, by analyzing the cyclic alternating pattern rate. The algorithm uses a single-lead electrocardiogram to produce a spectrographic measure of the cardiopulmonary coupling that in turn was fed to a classifier to estimate the non-rapid eye movement sleep and the presence of the cyclic alternating pattern. Two classifiers were tested, a feedforward neural network and a deeply stacked autoencoder, with the second achieving better results, correctly classifying 77% of the subjects sleep quality (either good or bad). The developed method can be implemented in a home monitoring device to estimate the sleep quality in a non-invasive way and improve the detection of pathologies.","1558-0210","","10.1109/TNSRE.2018.2881361","Portuguese Foundation for Science and Technology through Projeto Estratégico(grant numbers:LA 9—UID/EEA/50009/2013); Agência Regional para o Desenvolvimento da Investigação, Tecnologia e Inovação(grant numbers:M1420-09-5369-FSE-000001); ","https://ieeexplore.ieee.org/stamp/stamp.jsp?arnumber=8534372","Cardiopulmonary coupling;sleep quality;CAP rate","Sleep;Electrocardiography;Classification algorithms;Electroencephalography;Time measurement;Couplings","Adult;Aged;Algorithms;Electrocardiography;Female;Heart;Humans;Lung;Male;Middle Aged;Neural Networks, Computer;Polysomnography;Reproducibility of Results;Sleep;Sleep, Slow-Wave;Young Adult","24","","41","IEEE","14 Nov 2018","Dec. 2018","","IEEE","IEEE Journals"
"Enhancing Sleep Stage Classification With Single Channel EEG: Feature Extraction and Random Forest-XGBoost Model","K. E. Permana; K. Iramina","Department of Informatics Engineering, University of Trunojoyo Madura, Bangkalan, Indonesia; Graduate School of Systems Life Sciences, Kyushu University, Fukuoka, Japan",IEEE Access,"29 Aug 2025","2025","13","","149554","149566","Sleep stage classification, essential for diagnosing sleep disorders, monitoring neurological health, and advancing cognitive neuroscience. Traditionally involves manual scoring of polysomnographic (PSG) recordings, which is time-consuming and requires expert knowledge. However, recent machine learning advancements have enabled automated sleep stage classification using single channel electroencephalographic (EEG) signals. This study focuses on classifying sleep stages with single Channel EEG using an ensemble model combining Random Forest (RF) and XGBoost, achieving high accuracy across five sleep stages: Wake (W), N1, N2, N3, and REM (R). The RFXGBoost model demonstrated robust performance with accuracies of 97.3% for W, 98.6% for N2, 97.5% for N3, and 97.5% for R. However, the model showed lower accuracy for stage N1, achieving a recall of 83.5% and a precision of 57.4%, reflecting challenges in detecting this transitional stage. Receiver Operating Characteristic (ROC) analysis revealed excellent classification capability, with AUC values of 1.00 for W, N2, and N3, 0.99 for R, and 0.97 for N1. Compared to other models, including LSTM, Neural Network (NN), and Support Vector Machine (SVM), the RFXGBoost ensemble achieved the highest overall accuracy of 96.11% and a Cohen’s Kappa of 0.9388. By implementing the RFXGBoost model, this study contributes to Sustainable Development Goal (SDG) 3 by supports early diagnosis and monitoring of sleep-related disorders, promoting better health outcomes and contributing to improved well-being. Additionally, it also supports SDG 9. Through data-driven insights, this research contributes to the development of intelligent health monitoring systems, ultimately supporting sustainable healthcare practices.","2169-3536","","10.1109/ACCESS.2025.3599828","Kyushu University; ","https://ieeexplore.ieee.org/stamp/stamp.jsp?arnumber=11129107","Random forest;XGBoost;sleep stage classification;EEG;single channel EEG;improve well-being;process innovation","Sleep;Electroencephalography;Random forests;Feature extraction;Brain modeling;Accuracy;Entropy;Electrodes;Machine learning;Decision trees","","2","","50","CCBY","18 Aug 2025","2025","","IEEE","IEEE Journals"
"EEG-CLNet: Collaborative Learning for Simultaneous Measurement of Sleep Stages and OSA Events Based on Single EEG Signal","L. Cheng; S. Luo; X. Yu; H. Ghayvat; H. Zhang; Y. Zhang","College of Electronic and Information Engineering, Southwest University, Chongqing, China; Pediatric Respirology Department, The Ninth People's Hospital of Chongqing, Chongqing, China; Department of Biomedical Engineering, City University of Hong Kong, Kowloon Tong, Hong Kong; Department of Computer Science and Media Technology, Linnaeus University, Växjö, Sweden; Department of Computer Science, University of Otago, Dunedin, New Zealand; College of Electronic and Information Engineering, Southwest University, Chongqing, China",IEEE Transactions on Instrumentation and Measurement,"23 Jan 2023","2023","72","","1","10","Sleep-stage and apnea–hypopnea index (AHI) are the most important metrics in the diagnosis of sleep syndrome disease. In previous studies, these two tasks are usually implemented separately, which is both time- and resource-consuming. In this work, we propose a novel single electroencephalogram (EEG)-based collaborative learning network (EEG-CLNet) for simultaneous sleep staging and obstructive sleep apnea (OSA) event detection through multitask collaborative learning. The EEG-CLNet regards different tasks as a common unit to extract features from intragroups via both local parameter sharing and cross-task knowledge distillation (CTKD), rather than just sharing parameters or shortening the distance between different tasks. Our approach has been validated on two datasets with the same or better performance than other methods. The experimental results show that our method achieves a performance gain of 1%–5% compared with the baseline. Compared to previous works where two or even more models were required to perform sleep staging and OSA event detection, the EEG-CLNet could reduce the total number of model parameters and facilitate the model to mine the hidden relationships between different task semantic information. More importantly, it effectively alleviates the task bias problem in hard parameter sharing. As a consequence, this approach has notable potential to be a solution for a lightweight wearable sleep monitoring system in the future.","1557-9662","","10.1109/TIM.2023.3235436","National Natural Science Foundation of China(grant numbers:62172340); Young and Middle-Aged Senior Medical Talents Studio of Chongqing(grant numbers:ZQNYXGDRCGZS2021002); ","https://ieeexplore.ieee.org/stamp/stamp.jsp?arnumber=10012392","Collaborative learning;electroencephalogram (EEG) signal;multitask learning (MTL);obstructive sleep apnea (OSA) event detection;sleep staging","Feature extraction;Sleep;Task analysis;Electroencephalography;Multitasking;Event detection;Brain modeling","","25","","34","IEEE","9 Jan 2023","2023","","IEEE","IEEE Journals"
"Multiscale Fluctuation Dispersion Entropy of EEG as a Physiological Biomarker of Schizotypy","A. Zandbagleh; H. Azami; S. Mirzakuchaki; M. R. Daliri; S. Sanei; P. Premkumar","School of Electrical Engineering, Iran University of Science and Technology, Tehran, Iran; Centre for Addiction and Mental Health, University of Toronto, Toronto, ON, Canada; School of Electrical Engineering, Iran University of Science and Technology, Tehran, Iran; School of Electrical Engineering, Iran University of Science and Technology, Tehran, Iran; Electrical and Electronic Engineering Department, Imperial College London, London, U.K; Division of Psychology, School of Applied Sciences, London Southbank University, London, U.K",IEEE Access,"12 Oct 2023","2023","11","","110124","110135","Altered electroencephalography (EEG) activity in schizotypal individuals is a powerful indicator of proneness towards psychosis. This alteration is beyond decreased alpha power often measured in resting state EEG. Multiscale fluctuation dispersion entropy (MFDE) measures the non-linear complexity of the fluctuations of EEGs and is a more effective approach compared to the traditional linear power spectral density (PSD) measures of EEG activity in patients with neurodegenerative disorders. In this study, we applied MFDE to EEG signals to distinguish high schizotypy (HS) and low schizotypy (LS) individuals. The study includes several trials from 29 participants psychometrically classified as HS (n=19) and LS (n=10). After preprocessing, MFDE was computed in frontal, parietal, central, temporal and occipital regions for each participant at multiple time scales. Statistical analysis and machine learning algorithms were used to calculate the differences in MFDE measures between the HS and LS groups. Our findings revealed significant differences in MFDE measures between LS and HS individuals in the delta frequency band (at time scale 100 ms). HS individuals exhibited increased complexity and irregularity compared to LS individuals in the delta frequency band particularly in the occipital region. Furthermore, the MFDE measures resulted in high accuracy (96.55%) in discriminating between HS and LS individuals and outperformed the models based on power spectrum, demonstrating the potential of MFDE as a neurophysiological marker for schizotypy traits. The increased non-linear fluctuation in delta frequency band in the occipital region of HS individuals implies the changes in cognitive functions, such as memory and attention, and has significant potential as a biomarker for schizotypy and proneness towards psychosis.","2169-3536","","10.1109/ACCESS.2023.3321868","","https://ieeexplore.ieee.org/stamp/stamp.jsp?arnumber=10271309","Schizotypy;EEG;nonlinear analysis;complexity;multiscale fluctuation dispersion entropy","Electroencephalography;Complexity theory;Fluctuations;Entropy;Time series analysis;Power measurement;Mental health","","13","","67","CCBY","4 Oct 2023","2023","","IEEE","IEEE Journals"
"Effects of Transcutaneous Electrical Nerve Stimulation on Insomnia: An EEG-Based Brain Functional Network Analysis","Y. Lou; Z. Shan; Y. Zhang; P. Zhang; Z. Qian","Key Laboratory of Multimodal Brain-Computer Precision Drive, Ministry of Industry and Information Technology, Key Laboratory of Digital Medical Equipment and Technology of Jiangsu Province, Department of Biomedical Engineering, College of Automation Engineering, Nanjing University of Aeronautics and Astronautics, Nanjing, China; Key Laboratory of Multimodal Brain-Computer Precision Drive, Ministry of Industry and Information Technology, Key Laboratory of Digital Medical Equipment and Technology of Jiangsu Province, Department of Biomedical Engineering, College of Automation Engineering, Nanjing University of Aeronautics and Astronautics, Nanjing, China; Key Laboratory of Multimodal Brain-Computer Precision Drive, Ministry of Industry and Information Technology, Key Laboratory of Digital Medical Equipment and Technology of Jiangsu Province, Department of Biomedical Engineering, College of Automation Engineering, Nanjing University of Aeronautics and Astronautics, Nanjing, China; Key Laboratory of Multimodal Brain-Computer Precision Drive, Ministry of Industry and Information Technology, Key Laboratory of Digital Medical Equipment and Technology of Jiangsu Province, Department of Biomedical Engineering, College of Automation Engineering, Nanjing University of Aeronautics and Astronautics, Nanjing, China; Key Laboratory of Multimodal Brain-Computer Precision Drive, Ministry of Industry and Information Technology, Key Laboratory of Digital Medical Equipment and Technology of Jiangsu Province, Department of Biomedical Engineering, College of Automation Engineering, Nanjing University of Aeronautics and Astronautics, Nanjing, China",IEEE Signal Processing Letters,"17 Nov 2025","2025","32","","4304","4308","Sleep disorders have become a pressing global health concern, necessitating the development of effective and non-pharmacological neuromodulation strategies. In this work, a brain functional network-based sleep modulation framework is proposed using transcutaneous electrical nerve stimulation (TENS) applied to the greater occipital nerve. The stimulation protocol employs a spindle-like waveform pattern composed of superimposed sinusoidal signals to enhance low-frequency brain rhythms associated with sleep regulation. To evaluate TENS effects on insomnia, electroencephalography (EEG) data were collected from thirty participants under sham and stimulation conditions in a controlled experimental study. Results reveal that TENS significantly increases phase-locking value (PLV) in the delta and theta bands. Furthermore, graph-theoretical analysis shows marked enhancements in brain network topology under stimulation. Correlation analyses indicate that improvements in network metrics, particularly in the delta band, are associated with better subjective sleep quality (PSQI scores). The most significant changes are observed in frontal and occipital regions, indicating improved long-range communication and integrative processing ability. The results demonstrate that TENS modulates functional connectivity and enhances sleep quality, offering a promising non-pharmacological intervention for insomnia.","1558-2361","","10.1109/LSP.2025.3630086","National Natural Science Foundation of China(grant numbers:82151311); National Major Scientific Instruments and Equipment Development Project through the National Natural Science Foundation of China(grant numbers:81827803,81727804); Postgraduate Research & Practice Innovation Program of Jiangsu Province(grant numbers:KYCX25_0573); ","https://ieeexplore.ieee.org/stamp/stamp.jsp?arnumber=11230628","Electroencephalography (EEG);transcutaneous electrical nerve stimulation (TENS);insomnia;brain functional networks","Sleep;Electroencephalography;Synchronization;Protocols;Electrodes;Measurement;Indexes;Symmetric matrices;Organizations;Neuromodulation","","1","","30","IEEE","6 Nov 2025","2025","","IEEE","IEEE Journals"
"Detection of Bruxism Using Inverse Discrete Wavelet Transformed Reconstructed Band Limited EEG Signals by Group Wise Feature Ranking","A. Anam Shahjamal Khan; S. A. Fattah; M. Quamruzzaman; M. Saquib","Department of Electrical and Electronic Engineering, Chittagong University of Engineering and Technology, Chattogram, Bangladesh; Department of Electrical and Electronic Engineering, Bangladesh University of Engineering and Technology, Dhaka, Bangladesh; Department of Electrical and Electronic Engineering, Chittagong University of Engineering and Technology, Chattogram, Bangladesh; Department of Electrical Engineering, The University of Texas at Dallas, Richardson, TX, USA",IEEE Access,"27 Jun 2024","2024","12","","88086","88110","Bruxism is a sleep disorder which is manifested by unintentional grinding and clenching of teeth during sleep. An automated sleep bruxism recognition system using single channel EEG data is proposed in this paper which is based on Inverse Discrete Wavelet Transformed Reconstructed Band Limited (IDWT-RBL) signals. These band limited EEG signals are used for extracting various features. Instead of using handcrafted features, feature reduction is done by ranking using statistical test scoring combined with classifier testing. This technique finds optimal features, reduces model complexity, lowers computational burden and increases model interpretability. Abundant features from time, frequency and statistical domains are used primarily so that no significant feature is ignored. Choosing a good subset of features from a larger set is a challenge for data with low sample size. To meet this challenge, a Group wise Feature Ranking (GFR) technique is introduced to reduce feature dimension. After statistical ranking and group wise averaging the scores, most significant groups of features are chosen. The proposed scheme is validated on a publicly available dataset. This process is examined for both unlabeled and labeled sleep stage. For segments with unlabeled sleep stage, cubic Support Vector Machine (SVM) performed best for F3C3 channel using 6 features with an accuracy of 97.83%. For segments with labeled sleep stage, F3C3 and REM sleep stage using 10 features performed best with 98.39% accuracy. The accuracy of proposed method is superior to most recent bruxism detection techniques. Finally, the GFR technique is applied to detect sleep disordered breathing (SDB). The outstanding performance to detect SDB clearly demonstrates the versatility of the proposed GFR technique to solve binary classification problem using EEG signals. Moreover, the introduced GFR technique enhances confidence and pellucidity of the system as it is more explainable.","2169-3536","","10.1109/ACCESS.2024.3409441","Information and Communication Technology (ICT) Division, Government of the People’s Republic of Bangladesh(grant numbers:86 (fiscal year 2020-21),61 (fiscal year 2021-22)); ","https://ieeexplore.ieee.org/stamp/stamp.jsp?arnumber=10547248","Bruxism;classification;EEG signal;sleep stage;feature ranking;feature optimization","Sleep;Electroencephalography;Feature extraction;High frequency;Electromyography;Electrocardiography;Cutoff frequency","","","","45","CCBY","4 Jun 2024","2024","","IEEE","IEEE Journals"
"Automatic A-Phase Detection of Cyclic Alternating Patterns in Sleep Using Dynamic Temporal Information","S. Hartmann; M. Baumert","School of Electrical and Electronic Engineering, The University of Adelaide, Adelaide, SA, Australia; School of Electrical and Electronic Engineering, The University of Adelaide, Adelaide, SA, Australia",IEEE Transactions on Neural Systems and Rehabilitation Engineering,"6 Sep 2019","2019","27","9","1695","1703","The identification of recurrent, transient perturbations in brain activity during sleep, so called cyclic alternating patterns (CAP), is of significant interest as they have been linked to neurological pathologies. CAP sequences comprise multiple, consecutive cycles of phasic activation (A-phases). Here, we propose a novel, automated system exploiting the dynamical, temporal information in electroencephalography (EEG) recordings for the classification of A-phases and their subtypes. Using recurrent neural networks (RNN), crucial information in the temporal behavior of the EEG is extracted. The automatic classification system is equipped to deal with the biasing issue of imbalanced data sets and uses state-of-the-art signal processing methods to reduce inter-subject variation. To evaluate our system, we applied recordings from the publicly available CAP Sleep Database on Physionet. Our results show that the RNN improved the detection accuracy by 3-5% and the F1-score by approximately 7% on two data sets compared to a normal feed-forward neural network. Our system achieves a sensitivity of approximately 76-78% and F1-score between 63-68%, significantly outperforming existing technologies. Moreover, its sensitivity for subtype classification of 60-63% (A1), 42-45% (A2), and 71-74% (A3) indicates superior multi-class classification performance for CAP detection. In conclusion, we have developed a fully automated high performance CAP scoring system that includes A-phase subtype classification. RNN classifiers yield a significant improvement in accuracy and sensitivity compared to previously proposed systems.","1558-0210","","10.1109/TNSRE.2019.2934828","","https://ieeexplore.ieee.org/stamp/stamp.jsp?arnumber=8794840","Cyclic alternating pattern (CAP);deep learning;electroencephalography (EEG);long short-term memory network (LSTM);sleep","Electroencephalography;Sleep;Feature extraction;Electrocardiography;Recurrent neural networks;Databases;Sensitivity","Adult;Algorithms;Artifacts;Automation;Databases, Factual;Deep Learning;Electroencephalography;Female;Humans;Male;Neural Networks, Computer;Reproducibility of Results;Sensitivity and Specificity;Sleep;Sleep Stages","61","","33","IEEE","12 Aug 2019","Sept. 2019","","IEEE","IEEE Journals"
"Modeling the Impact of Inter-Rater Disagreement on Sleep Statistics Using Deep Generative Learning","H. van Gorp; M. M. van Gilst; P. Fonseca; S. Overeem; R. J. G. van Sloun","Department of Electrical Engineering, Eindhoven University of Technology, Eindhoven, The Netherlands; Department of Electrical Engineering, Eindhoven University of Technology, Eindhoven, The Netherlands; Department of Electrical Engineering, Eindhoven University of Technology, Eindhoven, The Netherlands; Department of Electrical Engineering, Eindhoven University of Technology, Eindhoven, The Netherlands; Department of Electrical Engineering, Eindhoven University of Technology, Eindhoven, The Netherlands",IEEE Journal of Biomedical and Health Informatics,"7 Nov 2023","2023","27","11","5599","5609","Sleep staging is the process by which an overnight polysomnographic measurement is segmented into epochs of 30 seconds, each of which is annotated as belonging to one of five discrete sleep stages. The resulting scoring is graphically depicted as a hypnogram, and several overnight sleep statistics are derived, such as total sleep time and sleep onset latency. Gold standard sleep staging as performed by human technicians is time-consuming, costly, and comes with imperfect inter-scorer agreement, which also results in inter-scorer disagreement about the overnight statistics. Deep learning algorithms have shown promise in automating sleep scoring, but struggle to model inter-scorer disagreement in sleep statistics. To that end, we introduce a novel technique using conditional generative models based on Normalizing Flows that permits the modeling of the inter-rater disagreement of overnight sleep statistics, termed U-Flow. We compare U-Flow to other automatic scoring methods on a hold-out test set of 70 subjects, each scored by six independent scorers. The proposed method achieves similar sleep staging performance in terms of accuracy and Cohen's kappa on the majority-voted hypnograms. At the same time, U-Flow outperforms the other methods in terms of modeling the inter-rater disagreement of overnight sleep statistics. The consequences of inter-rater disagreement about overnight sleep statistics may be great, and the disagreement potentially carries diagnostic and scientifically relevant information about sleep structure. U-Flow is able to model this disagreement efficiently and can support further investigations into the impact inter-rater disagreement has on sleep medicine and basic sleep research.","2168-2208","","10.1109/JBHI.2023.3304010","Eindhoven MedTech Innovation Center; e/MTIC; Technische Universiteit Eindhoven; Philips Research, and Sleep Medicine Center; Kempenhaeghe Foundation; Ministerie van Economische Zaken en Klimaat; ","https://ieeexplore.ieee.org/stamp/stamp.jsp?arnumber=10214268","Automatic sleep staging;deep learning;generative ai;inter-rater disagreement;uncertainty","Sleep;Recording;Uncertainty;Training;Bioinformatics;Neural networks;Brain modeling","Humans;Polysomnography;Observer Variation;Reproducibility of Results;Sleep;Sleep Stages;Electroencephalography","8","","55","IEEE","10 Aug 2023","Nov. 2023","","IEEE","IEEE Journals"
"Denoising Nonlinear Time Series by Adaptive Filtering and Wavelet Shrinkage: A Comparison","J. Gao; H. Sultan; J. Hu; W. -W. Tung","PMB Intelligence Limited Liability Company, West Lafayette, IN, USA; Department of Electrical and Computer Engineering, University of Florida, Gainesville, FL, USA; Affymetrix, Inc., Santa Clara, CA, USA; Department of Earth and Atmospheric Sciences, Purdue University, West Lafayette, IN, USA",IEEE Signal Processing Letters,"22 Dec 2009","2010","17","3","237","240"," Time series measured in real world is often nonlinear, even chaotic. To effectively extract desired information from measured time series, it is important to preprocess data to reduce noise. In this Letter, we propose an adaptive denoising algorithm. Using chaotic Lorenz data and calculating root-mean-square-error, Lyapunov exponent, and correlation dimension, we show that our adaptive algorithm more effectively reduces noise in the chaotic Lorenz system than wavelet denoising with three different thresholding choices. We further analyze an electroencephalogram (EEG) signal in sleep apnea and show that the adaptive algorithm again more effectively reduces the Electrocardiogram (ECG) and other types of noise contaminated in EEG than wavelet approaches. ","1558-2361","","10.1109/LSP.2009.2037773","","https://ieeexplore.ieee.org/stamp/stamp.jsp?arnumber=5345722","Adaptive denoising algorithm;EEG signal;Lorenz;wavelet","Noise reduction;Adaptive filters;Chaos;Pollution measurement;Adaptive algorithm;Electroencephalography;Data mining;Noise measurement;Time measurement;Root mean square","","189","","21","IEEE","4 Dec 2009","March 2010","","IEEE","IEEE Journals"
"EEG Information Transfer Changes in Different Daily Fatigue Levels During Drowsy Driving","K. -C. Huang; C. -Y. Tseng; C. -T. Lin","Brain Science and Technology Center, Department of Electrical and Computer Engineering, National Yang Ming Chiao Tung University, Hsinchu, Taiwan; Brain Science and Technology Center, National Yang Ming Chiao Tung University, Hsinchu, Taiwan; Australian Artificial Intelligence Institute, Faculty of Engineering and IT, University of Technology Sydney, Sydney, NSW, Australia",IEEE Open Journal of Engineering in Medicine and Biology,"8 Mar 2024","2024","5","","180","190","A significant issue for traffic safety has been drowsy driving for decades. A number of studies have investigated the effects of acute fatigue on spectral power; and recent research has revealed that drowsy driving is associated with a variety of brain connections in a specific cortico-cortical pathway. In spite of this, it is still unclear how different brain regions are connected in drowsy driving at different levels of daily fatigue. This study identified the brain connectivity-behavior relationship among three different daily fatigue levels (low-, median- and high-fatigue) with the EEG data transfer entropy. According to the results, only low- and medium-fatigue groups demonstrated an inverted U-shaped change in connectivity from high performance to poor behavioral performance. In addition, from low- to high-fatigue groups, connectivity magnitude decreased in the frontal region and increased in the occipital region. These study results suggest that brain connectivity and driving behavior would be affected by different levels of daily fatigue.","2644-1276","","10.1109/OJEMB.2024.3367496","National Science and Technology Council; Republic of China, Taiwan(grant numbers:NSTC 109-2221-E-009-050-MY2,110-2221-E-A49-130-MY2,112-2321-B-A49-012,112-2221-E-A49-085); Australian Research Council(grant numbers:DP210101093,DP220100803); ","https://ieeexplore.ieee.org/stamp/stamp.jsp?arnumber=10440464","Fatigue;brain connectivity;transfer entropy;electroencephalography (EEG)","Fatigue;Electroencephalography;Sleep;Task analysis;Entropy;Brain modeling;Driver behavior","","1","","53","CCBYNCND","20 Feb 2024","2024","","IEEE","IEEE Journals"
"Connectivity Analysis of Hypsarrhythmia-EEG for Infants With West Syndrome","D. Lian; Q. Guo; Z. Zhao; W. He; Y. Yan; R. Hou; X. Wang; Y. Li; W. Bao; D. He; L. Xu","Department of Pediatric Neurology, Xinhua Hospital Affiliated to Shanghai Jiao Tong University School of Medicine, Shanghai, China; School of Information Science and Technology, ShanghaiTech University, Shanghai, China; School of Information Science and Technology, ShanghaiTech University, Shanghai, China; School of Biomedical Sciences, The University of Melbourne, Melbourne, VIC, Australia; Department of Pediatric Neurology, Xinhua Hospital Affiliated to Shanghai Jiao Tong University School of Medicine, Shanghai, China; Department of Pediatric Neurology, Xinhua Hospital Affiliated to Shanghai Jiao Tong University School of Medicine, Shanghai, China; Department of Pediatric Neurology, Xinhua Hospital Affiliated to Shanghai Jiao Tong University School of Medicine, Shanghai, China; School of Biomedical Engineering, ShanghaiTech University, Shanghai, China; Department of Pediatric Neurology, Xinhua Hospital Affiliated to Shanghai Jiao Tong University School of Medicine, Shanghai, China; Department of Pediatric Neurology, Xinhua Hospital Affiliated to Shanghai Jiao Tong University School of Medicine, Shanghai, China; School of Information Science and Technology, ShanghaiTech University, Shanghai, China",IEEE Transactions on Neural Systems and Rehabilitation Engineering,"16 May 2025","2025","33","","1896","1904","Detection of hypsarrhythmia electroencephalography (EEG) in infants with West syndrome (WS) is currently performed by manual inspection of long-term video/EEG recording, producing low inter-rater reliability. Existing studies aiming at exploring digital biomarkers for hypsarrhythmia EEG focus mainly on the temporal and spectral features. The aim of the present study is to explore the spatial distribution and connection of hypsarrhythmia EEG by analysing the brain functional connectivity (BFC) of WS patients and thus to identify possible biomarkers for hypsarrhythmia EEG. To this end, hypsarrhythmia and non-hypsarrhythmia EEG segments were extracted from 107 WS patients, and normal EEG segments were extracted from 155 healthy controls (HCs). Five connectivity metrics, including Pearson correlation coefficient, phase locking value, phase lag index, magnitude-squared coherence (MSC), and time-frequency cross mutual information (TFCMI), were utilized to build the BFC in different EEG sub-bands. Besides, graph theory was employed to estimate the topological parameters of each network, including clustering coefficient, characteristic path length, global efficiency, and local efficiency. Our results show enhanced brain connectivity in WS patients during hypsarrhythmia periods as compared with non-hypsarrhythmia and HCs. The statistical analysis determines significant difference ( ${p}\lt {0}.{05}$ ) in a number of network topological parameters, particularly derived from MSC- and TFCMI-based networks, between hypsarrhythmia EEG and non-hypsarrhythmia EEG or HCs. These findings suggest the BFC topology parameters to be promising biomarkers for hypsarrhythmia detection, possibly leading to the development of automatic tools for efficient and reliable WS diagnosis.","1558-0210","","10.1109/TNSRE.2025.3569226","National Natural Science Foundation of China(grant numbers:62171284,32371154); Shanghai Rising-Star Program(grant numbers:24QA2705500); ","https://ieeexplore.ieee.org/stamp/stamp.jsp?arnumber=11002553","West syndrome;electroencephalography;hypsarrhythmia;brain functional connectivity;network topology","Electroencephalography;Medical diagnostic imaging;Hospitals;Biomarkers;Reliability;Recording;Indexes;IIR filters;Graph theory;Ethics","Humans;Electroencephalography;Spasms, Infantile;Male;Female;Infant;Reproducibility of Results;Algorithms;Brain;Nerve Net","1","","41","CCBY","12 May 2025","2025","","IEEE","IEEE Journals"
"LGSleepNet: An Automatic Sleep Staging Model Based on Local and Global Representation Learning","Q. Shen; J. Xin; X. Liu; Z. Wang; C. Li; Z. Huang; Z. Wang","College of Medicine and Biological Information Engineering, Northeastern University, Shenyang, China; College of Computer Science and Engineering, Northeastern University, Shenyang, China; College of Medicine and Biological Information Engineering, Northeastern University, Shenyang, China; School of Computer Science and Engineering, Shenyang Jianzhu University, Shenyang, China; College of Medicine and Biological Information Engineering, Northeastern University, Shenyang, China; School of Science and Engineering, University of Dundee, DD1 4HN Dundee, U.K; College of Medicine and Biological Information Engineering, Northeastern University, Shenyang, China",IEEE Transactions on Instrumentation and Measurement,"4 Aug 2023","2023","72","","1","14","Sleep staging is an indispensable indicator for measuring sleep quality and evaluating sleep disorders. Deep learning methods have been successfully applied to automatic sleep staging (ASS) based on electroencephalogram (EEG) signals, achieving significant progress. Previous studies have, however, been limited to extracting local features of EEG signals while neglecting the importance of global features. To solve this problem, we propose a novel ASS model named LGSleepNet, which consists of an asymmetric Siamese neural network (ASNN), deep adaptive orthogonal fusion (DAOF) block, and weighted polynomial cross entropy (WPCE) loss function. Specifically, the ASNN is capable of simultaneously extracting local and global features from EEG signals, which provides diverse semantic representations for sleep staging; moreover, a DAOF block is proposed to eliminate the information redundancy and semantic deviation among heterogeneous features by orthogonalization and adaptive fusion, which strengthens the correlation representation between local and global features. Ultimately, a WPCE loss function is designed to improve the decision-making ability of the classification head and alleviate the problem of sample imbalance. We evaluate the LGSleepNet on three publicly available datasets, namely Sleep-EDF-20, Sleep-EDF-78, and SVUH-UCD, which achieves macro F1-scores of 80.7%, 76.0%, and 75.1% and overall accuracy of 86.0%, 82.3%, and 76.3%, respectively. The experimental results indicate that the LGSleepNet performs at an advanced level compared to other state-of-the-art methods.","1557-9662","","10.1109/TIM.2023.3298639","National Natural Science Foundation of China(grant numbers:62072089); Fundamental Research Funds for the Central Universities of China(grant numbers:N2116016,N2104001,N2019007,N2224001-10); ","https://ieeexplore.ieee.org/stamp/stamp.jsp?arnumber=10195897","Asymmetric Siamese neural network (ASNN);deep adaptive orthogonal fusion (DAOF);electroencephalogram (EEG);sleep staging;weighted polynomial cross entropy (WPCE)","Feature extraction;Sleep;Brain modeling;Electroencephalography;Context modeling;Transformers;Hidden Markov models","","32","","63","IEEE","26 Jul 2023","2023","","IEEE","IEEE Journals"
"EEG-Based Emotion Recognition Using Spatial-Temporal Connectivity","W. Chu; B. Fu; Y. Xia; Y. Liu","School of Automation, Qingdao University, Qingdao, China; School of Automation, Qingdao University, Qingdao, China; School of Automation, Qingdao University, Qingdao, China; School of Automation, Qingdao University, Qingdao, China",IEEE Access,"1 Sep 2023","2023","11","","92496","92504","The connectivity properties between EEG signaling channels were found to play an important role in emotion recognition. During the generation and change of emotions, the connectivity between EEG signal channels is not only manifested in the spatial domain at a specific time, but also interconnected between different time intervals, which is often overlooked. A novel approach is proposed to exploit the shapes of spatial-temporal connectivity for EEG-based emotion recognition. By quantifying the connectivity strength of EEG signal channels within and across time intervals, spatial-temporal connectivity features are extracted, and these features can be represented by shapes in the three-dimensional space of EEG signals. Through these shapes, a mapping of different emotional states and brain activity is constructed. Subsequently, a parallel multi-scale convolutional neural network is employed to extract discriminative features from these connectivity shapes, facilitating the classification and identification of emotional states. Experimental results on the DEAP dataset show that our method achieves excellent performance, with an average classification accuracy of 93.25% and 93.16% for the two emotion dimensions of valence and arousal, respectively.","2169-3536","","10.1109/ACCESS.2023.3308811","National Key Research and Development Program of China(grant numbers:2020YFB1313604); ","https://ieeexplore.ieee.org/stamp/stamp.jsp?arnumber=10230250","Emotion recognition;electroencephalogram;spatial-temporal connectivity","Electroencephalography;Emotion recognition;Feature extraction;Convolutional neural networks;Spatial temporal resolution","","10","","36","CCBYNCND","25 Aug 2023","2023","","IEEE","IEEE Journals"
"Multi-View Spatial-Temporal Graph Convolutional Networks With Domain Generalization for Sleep Stage Classification","Z. Jia; Y. Lin; J. Wang; X. Ning; Y. He; R. Zhou; Y. Zhou; L. -w. H. Lehman","School of Computer and Information Technology, Beijing Jiaotong University, Beijing, China; School of Computer and Information Technology, Beijing Jiaotong University, Beijing, China; School of Computer and Information Technology, Beijing Jiaotong University, Beijing, China; School of Computer and Information Technology, Beijing Jiaotong University, Beijing, China; School of Computer and Information Technology, Beijing Jiaotong University, Beijing, China; School of Computer and Information Technology, Beijing Jiaotong University, Beijing, China; School of Computer and Information Technology, Beijing Jiaotong University, Beijing, China; Institute for Medical Engineering and Science, Massachusetts Institute of Technology, Cambridge, MA, USA",IEEE Transactions on Neural Systems and Rehabilitation Engineering,"30 Sep 2021","2021","29","","1977","1986","Sleep stage classification is essential for sleep assessment and disease diagnosis. Although previous attempts to classify sleep stages have achieved high classification performance, several challenges remain open: 1) How to effectively utilize time-varying spatial and temporal features from multi-channel brain signals remains challenging. Prior works have not been able to fully utilize the spatial topological information among brain regions. 2) Due to the many differences found in individual biological signals, how to overcome the differences of subjects and improve the generalization of deep neural networks is important. 3) Most deep learning methods ignore the interpretability of the model to the brain. To address the above challenges, we propose a multi-view spatial-temporal graph convolutional networks (MSTGCN) with domain generalization for sleep stage classification. Specifically, we construct two brain view graphs for MSTGCN based on the functional connectivity and physical distance proximity of the brain regions. The MSTGCN consists of graph convolutions for extracting spatial features and temporal convolutions for capturing the transition rules among sleep stages. In addition, attention mechanism is employed for capturing the most relevant spatial-temporal information for sleep stage classification. Finally, domain generalization and MSTGCN are integrated into a unified framework to extract subject-invariant sleep features. Experiments on two public datasets demonstrate that the proposed model outperforms the state-of-the-art baselines.","1558-0210","","10.1109/TNSRE.2021.3110665","National Natural Science Foundation of China(grant numbers:61603029); Swarma-Kaifeng Workshop which is sponsored by Swarma Club and Kaifeng Foundation; NIH(grant numbers:R01EB030362); ","https://ieeexplore.ieee.org/stamp/stamp.jsp?arnumber=9530406","Sleep stage classification;spatial-temporal graph convolution;transfer learning;domain generalization","Sleep;Brain modeling;Convolution;Feature extraction;Convolutional neural networks;Adaptation models;Transfer learning","Brain;Electroencephalography;Humans;Neural Networks, Computer;Sleep;Sleep Stages","236","","41","CCBY","6 Sep 2021","2021","","IEEE","IEEE Journals"
"CMS2-Net: Semi-Supervised Sleep Staging for Diverse Obstructive Sleep Apnea Severity","C. Zhang; W. Yu; Y. Li; H. Sun; Y. Zhang; M. De Vos","Chongqing Key Laboratory of Nonlinear Circuits and Intelligent Information Processing, College of Electronic and Information Engineering, Southwest University, Chongqing, China; Peking University Sixth Hospital, Peking University Institute of Mental Health, NHC Key Laboratory of Mental Health (Peking University), National Clinical Research Center for Mental Disorders (Peking University Sixth Hospital), Beijing, China; Chongqing Key Laboratory of Nonlinear Circuits and Intelligent Information Processing, College of Electronic and Information Engineering, Southwest University, Chongqing, China; Peking University Sixth Hospital, Peking University Institute of Mental Health, NHC Key Laboratory of Mental Health (Peking University), National Clinical Research Center for Mental Disorders (Peking University Sixth Hospital), Beijing, China; Chongqing Key Laboratory of Nonlinear Circuits and Intelligent Information Processing, College of Electronic and Information Engineering, Southwest University, Chongqing, China; Department of Engineering and with the Department of Development and Regeneration, KU Leuven, Leuven, Belgium",IEEE Journal of Biomedical and Health Informatics,"1 Jul 2022","2022","26","7","3447","3457","Although the development of computer-aided algorithms for sleep staging is integrated into automatic detection of sleep disorders, most supervised deep learning-based models might suffer from insufficient labeled data. While the adoption of semi-supervised learning (SSL) can mitigate the issue, the SSL models are still limited to the lack of discriminative feature extraction for diverse obstructive sleep apnea (OSA) severity. This model deterioration might be exacerbated during the domain adaptation. Such exploration on the alleviation of domain-shift of SSL model between different OSA conditions has attracted more and more attentions from the clinic. In this work, a co-attention meta sleep staging network (CMS2-net) is proposed to simultaneously deal with two issues: the inter-class disparity problem and the intra-class selection problem. Within CMS2-net, a co-attention module and a triple-classifier are designed to explicitly refine the coarse feature representations by identifying the class boundary inconsistency. Moreover, the mutual information with meta contrastive variance is introduced to supervise the gradient stream from a multi-scale view. The performance of the proposed framework is demonstrated on both public and local datasets. Furthermore, our approach achieves the state-of-the-art SSL results on both datasets.","2168-2208","","10.1109/JBHI.2022.3156585","National Natural Science Foundation of China(grant numbers:62172340); Natural Science Foundation of Chongqing(grant numbers:cstc2021jcyj-msxmX0041); Fundamental Research Funds for the Central Universities(grant numbers:SWU020008); ","https://ieeexplore.ieee.org/stamp/stamp.jsp?arnumber=9729418","Sleep staging;obstructive sleep apnea;semi-supervised deep learning","Brain modeling;Sleep apnea;Training;Feature extraction;Electroencephalography;Deep learning;Data models","Algorithms;Humans;Sleep Apnea, Obstructive;Sleep Stages;Supervised Machine Learning","18","","43","IEEE","7 Mar 2022","July 2022","","IEEE","IEEE Journals"
"Electroencephalogram Emotion Recognition Based on Dispersion Entropy Feature Extraction Using Random Oversampling Imbalanced Data Processing","X. -W. Ding; Z. -T. Liu; D. -Y. Li; Y. He; M. Wu","School of Automation, Hubei Key Laboratory of Advanced Control and Intelligent Automation for Complex Systems, and Engineering Research Center of Intelligent Technology for Geo-Exploration, Ministry of Education, China University of Geosciences, Wuhan, China; School of Automation, Hubei Key Laboratory of Advanced Control and Intelligent Automation for Complex Systems, and Engineering Research Center of Intelligent Technology for Geo-Exploration, Ministry of Education, China University of Geosciences, Wuhan, China; School of Automation, Hubei Key Laboratory of Advanced Control and Intelligent Automation for Complex Systems, and Engineering Research Center of Intelligent Technology for Geo-Exploration, Ministry of Education, China University of Geosciences, Wuhan, China; School of Automation, Hubei Key Laboratory of Advanced Control and Intelligent Automation for Complex Systems, and Engineering Research Center of Intelligent Technology for Geo-Exploration, Ministry of Education, China University of Geosciences, Wuhan, China; School of Automation, Hubei Key Laboratory of Advanced Control and Intelligent Automation for Complex Systems, and Engineering Research Center of Intelligent Technology for Geo-Exploration, Ministry of Education, China University of Geosciences, Wuhan, China",IEEE Transactions on Cognitive and Developmental Systems,"8 Sep 2022","2022","14","3","882","891","Electroencephalogram (EEG) is the brain’s electrical activity measure, which can reflect people’s inner emotional states objectively. In this article, a dispersion entropy (DispEn) feature extraction-based EEG emotion recognition method is proposed. In feature extraction, the DispEn is computed for the four typical frequency bands, i.e.,  $\theta $ ,  $\alpha $ ,  $\beta $ , and  $\gamma $  of EEG signals which are filtered from 32 channels. Furthermore, a random oversampling algorithm is employed to balance the data for the emotional labels to avoid majority biases. The proposed method not only has a better ability to characterize EEG signals but also has a faster recognition speed. In the experiments, the DEAP dataset is used to validate the effectiveness of the proposal, in which the DispEn is extracted from the undecomposed signal and four typical EEG rhythms are compared for emotion recognition by using a support vector machine (SVM). Besides, comparison experiments using DispEn, sample entropy (SampEn), permutation entropy (PerEn), and three other commonly used statistical features are performed. The experimental results show that the proposed method achieves recognition accuracy in high valence (HV)/low valence (LV) and high arousal (HA)/low arousal (LA) is 72.95% and 76.67%, respectively. The computation cost of DispEn feature extraction is  ${O}(N)$  that better than some state-of-the-art methods.","2379-8939","","10.1109/TCDS.2021.3074811","National Natural Science Foundation of China(grant numbers:61976197,61403422,61703375,61273102); Hubei Provincial Natural Science Foundation of China(grant numbers:2018CFB447,2015CFA010); Wuhan Science and Technology Project(grant numbers:2020010601012175,2017010201010133); 111 Project(grant numbers:B17040); Fundamental Research Funds for National University, China University of Geosciences (Wuhan)(grant numbers:1910491T01); ","https://ieeexplore.ieee.org/stamp/stamp.jsp?arnumber=9409950","Dispersion entropy (DispEn);electroencephalogram (EEG) signals;emotion recognition;random oversampling;support vector machine (SVM)","Electroencephalography;Entropy;Emotion recognition;Feature extraction;Time series analysis;Dispersion;Support vector machines","","40","","72","IEEE","21 Apr 2021","Sept. 2022","","IEEE","IEEE Journals"
"A Nonlinear Effective Connectivity Measure Based on Granger Causality and Volterra Series","F. Hasanzadeh; M. Mohebbi; R. Rostami","Department of Biomedical Engineering, Biological Signal Processing Lab., K. N. Toosi University of Technology, Tehran, Iran; Department of Biomedical Engineering, Biological Signal Processing Lab., K. N. Toosi University of Technology, Tehran, Iran; Department of Psychology, University of Tehran, Tehran, Iran",IEEE Journal of Biomedical and Health Informatics,"5 May 2022","2022","26","5","2299","2307","Estimating effective connectivity, especially in brain networks, is an important topic to find out the brain functions. Various effective connectivity measures are presented, but they have drawbacks, including bivariate structure, the problem in detecting nonlinear interactions, and high computational cost. In this paper, we have proposed a novel multivariate effective connectivity measure based on a hierarchical realization of the Volterra series model and Granger causality concept, namely hierarchical Volterra Granger causality (HVGC). HVGC is a multivariate connectivity measure that can detect linear and nonlinear causal effects. The performance of HVGC is compared with Granger causality index (GCI), conditional Granger causality index (CGCI), transfer entropy (TE), phase transfer entropy (Phase TE), and partial transfer entropy (Partial TE) in simulated and physiological datasets. In addition to accuracy, specificity, and sensitivity, the Matthews correlation coefficient (MCC) is used to evaluate the connectivity estimation in simulated datasets. Furthermore influence of different SNRs is investigated on the estimated connectivity. The obtained results show that HVGC with a minimum MCC of 0.76 performs well in the detection of both linear and nonlinear interactions in simulated data. HVGC is also applied to a physiological dataset that was cardiorespiratory interaction signals recorded during sleep from a patient suffering from sleep apnea. The results of this dataset also demonstrate the capability of the proposed method in the detection of causal interactions. Applying HVGC on the simulated fMRI dataset led to a high MCC of 0.78. Moreover, the results indicate that HVGC has slight changes in different SNRs. The results indicate that HVGC can estimate the causal effects of a linear and nonlinear system with a low computational cost and it is slightly affected by noise.","2168-2208","","10.1109/JBHI.2021.3138199","","https://ieeexplore.ieee.org/stamp/stamp.jsp?arnumber=9663001","EEG;effective connectivity;Granger causality;hierarchical Volterra series","Biomedical measurement;Time series analysis;Physiology;Kernel;Estimation;Brain modeling;Entropy","Brain;Entropy;Humans;Magnetic Resonance Imaging;Nonlinear Dynamics","13","","37","IEEE","24 Dec 2021","May 2022","","IEEE","IEEE Journals"
"Effect of Sleep Deprivation on Functional Connectivity of EEG Channels","S. Kar; A. Routray","Indian Institute of Technology Kharagpur, Kharagpur, India; Indian Institute of Technology Kharagpur, Kharagpur, India","IEEE Transactions on Systems, Man, and Cybernetics: Systems","12 Apr 2013","2013","43","3","666","672","This paper presents the functional interdependences among electroencephalograph (EEG) signals collected from human subjects undergoing a controlled experiment over a period of 36 h of sleep deprivation. The EEG signals were recorded from 19 electrodes spread all over the scalp. The interdependence among the signals was measured using synchronization likelihood (SL), which measures the dynamical (both linear and nonlinear) interdependence between two or more nonstationary time series. A network structure was evolved based on these SL values. The EEG signal being nonstationary, instead of the frequency bands, the connectivity was evaluated at various intrinsic modes known as intrinsic mode functions (IMFs). These IMFs were generated using empirical mode decomposition. It was observed that the connectivity of the networks exhibits definite patterns at specific IMFs with increase in sleep deprivation at successive stages of the experiment. The results were validated using subjective assessment and audiovisual response tests.","2168-2232","","10.1109/TSMCA.2012.2207103","","https://ieeexplore.ieee.org/stamp/stamp.jsp?arnumber=6256754","Audiovisual response test (AVRT);electroencephalograph (EEG);empirical mode decomposition (EMD);network;subjective assessment;synchronization likelihood (SL)","Electroencephalography;Sleep;Time series analysis;Synchronization;Electrodes;Visualization;Standards","","48","","41","IEEE","1 Aug 2012","May 2013","","IEEE","IEEE Journals"
"Systematic Review of Single-Channel EEG-Based Drowsiness Detection Methods","V. P. Balam","Department of Computer Science and Engineering, Vadodara-International Campus Diu (IIITV-ICD), Diu, India",IEEE Transactions on Intelligent Transportation Systems,"5 Nov 2024","2024","25","11","15210","15228","Drowsiness is characterized by reduced attentiveness, commonly experienced during the transition from wakefulness to sleepiness. It can decrease an individual’s alertness, thereby increasing the risk of accidents during activities such as driving, crane operation, working in mining areas, and industrial machinery operation. The detection of drowsiness plays an important role in preventing such accidents. Numerous methods exist for drowsiness detection, including Subjective, Vehicle, Behavioral, and Physiological approaches. Among these, Physiological methods, particularly those utilizing Electroencephalogram (EEG) data combined with artificial intelligence, have proven effective in detecting drowsiness. These methods excel in capturing physiological changes in the body during drowsiness and the potential for gathering information from the human brain during this state. EEG data-based Brain-Computer interface (BCI) systems have been popular for detecting drowsiness. Single-channel EEG signal analysis BCIs have been highly preferred for their ease and convenient usage in real-time applications. While some progress has been made in the single-channel EEG BCI, substantial progress is still needed. This paper provides a state-of-the-art analysis of recent developments in the single-channel EEG-based drowsiness detection methods. Ultimately, this review study explores potential avenues for the future development of single-channel EEG-based drowsiness detection.","1558-0016","","10.1109/TITS.2024.3442249","","https://ieeexplore.ieee.org/stamp/stamp.jsp?arnumber=10663372","Brain-computer interface (BCI);classification;drowsiness detection (DD);features extraction;feature selection;single-channel electroencephalogram (EEG);machine learning (ML);signal processing","Electroencephalography;Feature extraction;Brain modeling;Accuracy;Solid modeling;Sleep;Monitoring","","16","","143","IEEE","2 Sep 2024","Nov. 2024","","IEEE","IEEE Journals"
"An Effective Method for Distinguishing Sleep Apnea and Hypopnea Based on ECG Signals","Y. Wang; S. Ji; T. Yang; X. Wang; H. Wang; X. Zhao; W. Jinhai","School of Life Sciences, Tiangong University, Tianjin, China; School of Electronics and Information Engineering, Tiangong University, Tianjin, China; School of Electronics and Information Engineering, Tiangong University, Tianjin, China; School of Life Sciences, Tiangong University, Tianjin, China; School of Life Sciences, Tiangong University, Tianjin, China; Respiratory and Critical Care Medicine Department and Sleep Center, Tianjin Chest Hospital, Tianjin, China; School of Life Sciences, Tiangong University, Tianjin, China",IEEE Access,"11 May 2021","2021","9","","67928","67941","Good sleep quality is essential to our life and work. The two major challenges in evaluating sleep quality are the scoring of sleep stages and sleep apnea detection. In addition to sleep apnea, hypopnea is also a respiratory event that occurs at an equal or even higher frequency compared to that of apnea. However, the two phenomena are not only different in terms of physical manifestation, there are also significant differences in the methods and means of clinical treatment. Therefore, in this study we propose an effective algorithm to distinguish between hypopnea and apnea events. We consider two aspects of feature extraction. On the one hand, from the original time-domain waveform of electrocardiogram signals, we extract the time difference sequence between the appearance of the R-R wave in two adjacent QRS waves (RR intervals) and explore the way they change when apnea and hypopnea event occur. On the other hand, considering that the degree of sequence disorder caused by hypopnea and apnea events is different, multi-scale entropy and complexity are chosen as the features that describe this change. The results obtained using the proposed algorithm show that the classification between hypopnea events and any type of apnea events all reach an accuracy rate greater than 90%. For obstructive apnea events, which occur most frequently among the three different types of apneas, the classification accuracy, sensitivity, specificity and F1-score were 91.78%, 92.21%, 91.30%, 92.20%, respectively. The classification results between central apnea events and hypopnea events reached an accuracy of 93.18%, sensitivity of 95.00%, specificity of 91.67% and F1-score of 92.68%. At the same time, the algorithm achieved an accuracy of 92.59%, sensitivity of 90.38%, specificity of 94.64% and F1-score of 92.16% when classifying mixed apnea and hypopnea events. In the classification of normal breathing, hypopnea events and apnea events, the total accuracy rate achieved was 91.92%, with that for normal breathing reaching 93.62%, for hypopnea events reaching 90.39%, and 91.91% for apnea events, with a Kappa coefficient of 0.99. The algorithm proposed in this study constitutes an efficient and convenient approach for apnea and hypopnea event detection and classification.","2169-3536","","10.1109/ACCESS.2021.3077030","National Key Research and Development Program of China(grant numbers:2019YFC0119400); National Natural Science Foundation of China(grant numbers:61701342,81901789); Tianjin Natural Science Foundation(grant numbers:19JCQNJC13100); Tianjin Science and Technology Program(grant numbers:18ZXRHSY00200,20ZXGBSY00070); Science and Technology Development Fund of Tianjin Education Commission for Higher Education(grant numbers:2018KJ212); Science and Technology Plan of Tianjin Jinnan District(grant numbers:20200116); ","https://ieeexplore.ieee.org/stamp/stamp.jsp?arnumber=9420746","Sleep apnea;hypopnea;multi-scale entropy;complexity;Heart rate variability analysis","Sleep apnea;Sensitivity;Classification algorithms;Feature extraction;Electroencephalography;Electrocardiography;Brainstem","","11","","29","CCBY","3 May 2021","2021","","IEEE","IEEE Journals"
"Frontal EEG Asymmetry of Emotion for the Same Auditory Stimulus","M. Lee; G. -H. Shin; S. -W. Lee","Department of Brain and Cognitive Engineering, Korea University, Seoul, South Korea; Department of Brain and Cognitive Engineering, Korea University, Seoul, South Korea; Department of Artificial Intelligence, Korea University, Seoul, South Korea",IEEE Access,"16 Jun 2020","2020","8","","107200","107213","Emotions play an important role in human interaction and decision-making processes. Frontal asymmetry in brain activity is a promising neurophysiological indicator of emotion. Emotions are psychologically explained by the valence-arousal model, but as yet, frontal asymmetry has not been fully explained by this model. In this study, we explored frontal asymmetry of emotions based on the valence-arousal model using the same auditory stimulus. Changes in emotional states using self-report questionnaires were investigated before and after the auditory stimulus. Spectral power and weighted phase lag index were calculated in the delta, theta, alpha, beta, and gamma bands. Phase-amplitude coupling was also measured to explore communication among different frequency bands associated with emotions. After the auditory stimulus, alpha power decreased in both left and right frontal regions and the delta-weighted phase lag index in the left-right regions was increased. However, no frontal asymmetry was identified after the auditory stimulus. Additionally, we explored the brain changes according to the valence-arousal model based on emotional states. After the auditory stimulus, frontal asymmetry of alpha power was clearly observed only for negative valence. This finding was possible because subjective emotions were considered despite listening to the same stimulus. Finally, phase-amplitude coupling identified left-hemisphere dominance after the auditory stimulus, regardless of subjective emotions. These results may help us understand frontal asymmetry associated with emotional mechanisms. In addition, these findings can be used directly in the brain-computer interface to improve emotion recognition performance for real-world practical applications.","2169-3536","","10.1109/ACCESS.2020.3000788","Institute for Information and Communications Technology Planning and Evaluation (IITP) grant funded by the Korean government(grant numbers:2017-0-00451); Development of Brain-Computer Interface (BCI) based Brain and Cognitive Computing Technology for Recognizing User’s Intentions using Deep Learning(grant numbers:2019-0-00079); Department of Artificial Intelligence, Korea University; ","https://ieeexplore.ieee.org/stamp/stamp.jsp?arnumber=9110839","Electroencephalogram (EEG);emotion;frontal asymmetry;power spectral density (PSD);weighted phase lag index (WPLI);phase-amplitude coupling (PAC)","Electroencephalography;Couplings;Music;Brain modeling;Emotion recognition;Emotional responses","","50","","86","CCBY","8 Jun 2020","2020","","IEEE","IEEE Journals"
"Identifying and Removing Interference and Artifacts in Multifractal Signals With Application to EEG Signals","B. Hbibi; C. Khiari; K. Wirsing; L. Mili; K. Baccar; A. Mami","Application Laboratory of Energy Efficiency and Renewable Energies, Faculty of Sciences of Tunis, University of Tunis El Manar, Tunis, Tunisia; Application Laboratory of Energy Efficiency and Renewable Energies, Faculty of Sciences of Tunis, University of Tunis El Manar, Tunis, Tunisia; Department of Electrical and Computer Engineering, Virginia Polytechnic Institute and State University, Falls Church, VA, USA; Department of Electrical and Computer Engineering, Virginia Polytechnic Institute and State University, Falls Church, VA, USA; Intensive Care and Anesthesia Department, National Institute of Neurology, Tunis, Tunisia; Application Laboratory of Energy Efficiency and Renewable Energies, Faculty of Sciences of Tunis, University of Tunis El Manar, Tunis, Tunisia",IEEE Access,"2 Nov 2023","2023","11","","119090","119105","Recorded Electroencephalogram (EEG) signals are typically affected by interference and artifacts, which can both impact eye reading and computer analysis of the data. Artifacts are induced by physiological (noncerebral) activities of the patient, such as muscular activities of the eyes, or the heart, or the body, while interference may be of external or internal origin. External interference can be induced by electrical machines if the latter are in the same room as the patients, while internal interference can be caused by abnormal breathing, or body movement, or electrode malfunction, or headset movements. Interference may cause severe distortion of EEG signals, resulting in loss of some segments of brain signals, while artifacts are additive signals to brain signals. Therefore, in order to analyze the brain activity signals of a patient, we need to identify and eliminate interference and isolate artifacts. In this paper, we analyze the EEG signals that were recorded using a headset with fourteen channels placed on the heads of comatose patients at the National Institute of Neurology in Tunis, Tunisia. We identify the interference using a robust statistical method known as projection statistics and we separate the brain signals from the artifacts cited above by applying an independent component analysis method. Finally, we show the multifractal behavior of the EEG signals without interference by applying the wavelet leader method and analyze their properties using the singularity spectrum.","2169-3536","","10.1109/ACCESS.2023.3325786","","https://ieeexplore.ieee.org/stamp/stamp.jsp?arnumber=10287337","Electroencephalogram signals;artifacts;interference;independent component analysis;projection statistics;multifractal analysis;EEGlab toolbox","Electroencephalography;Interference;Headphones;Electrodes;Recording;Muscles;Fractals;Independent component analysis","","8","","69","CCBYNCND","18 Oct 2023","2023","","IEEE","IEEE Journals"
"A Novel In-Home Sleep Monitoring System Based on Fully Integrated Multichannel Front-End Chip and Its Multilevel Analyses","S. Ying; L. Wang; Y. Zhao; M. Ma; Q. Ding; J. Xie; D. Yao; S. Mitra; M. Chen; T. Liu","School of Life Science and Technology, University of Electronic Science and Technology of China, Chengdu, China; School of Life Science and Technology, University of Electronic Science and Technology of China, Chengdu, China; School of Life Science and Technology, University of Electronic Science and Technology of China, Chengdu, China; School of Life Science and Technology, University of Electronic Science and Technology of China, Chengdu, China; School of Life Science and Technology, University of Electronic Science and Technology of China, Chengdu, China; School of Life Science and Technology, University of Electronic Science and Technology of China, Chengdu, China; School of Life Science and Technology, University of Electronic Science and Technology of China, Chengdu, China; School of Engineering, The University of Edinburgh, Edinburgh, U.K; Department of Micor/Nano Electronics, Shanghai Jiao Tong University, Shanghai, China; School of Life Science and Technology, University of Electronic Science and Technology of China, Chengdu, China",IEEE Journal of Translational Engineering in Health and Medicine,"20 Mar 2023","2023","11","","211","222","Objective: A novel in-home sleep monitoring system with an 8-channel biopotential acquisition front-end chip is presented and validated via multilevel data analyses and comparision with advanced polysomnography. Methods and procedures: The chip includes a cascaded low-noise programmable gain amplifier (PGA) and 24-bit  $\Sigma $ - $\Delta $  analog-to-digital converter (ADC). The PGA is based on three op-amp structure while the ADC adopts cascade of integrator feedforward and feedback (CIFF-B) architecture. An innovative chopper-modulated input-scaling-down technique enhances the dynamic range. The proposed system and commercial polysomnography were used for in-home sleep monitoring of 20 healthy participants. The consistency and significance of the two groups’ data were analyzed. Results: Fabricated in 180 nm BCD technology, the input-referred noise, input impedance, common-mode rejection ratio, and dynamic range of the acquisition front-end chip were  $0.89 \mu $ Vpp, 1.25 GN), 113.9 dB, and 119.8 dB. The kappa coefficients between the sleep stage labels of the three scorers were 0.80, 0.76, and 0.79. The consistency of the slowing index, multiscale entropy, and percentile features between the two devices reached 0.958, 0.885, and 0.834. The macro sleep architecture characteristics of the two devices were not significantly different (all p  $>$  0.05). Conclusion: The proposed chip was applied to develop an in-home sleep monitoring system with significantly reduced size, power, and cost. Multilevel analyses demonstrated that this system collects stable and accurate in-home sleep data. Clinical impact: The proposed system can be applied for long-term in-home sleep monitoring outside of laboratory environments and sleep disorders screening that with low cost.","2168-2372","","10.1109/JTEHM.2023.3248621","STI 2030-Major(grant numbers:2022ZD0208500); Project of Science and Technology Department of Sichuan Province(grant numbers:2022NSFSC1410); Fundamental Research Funds for the Central University(grant numbers:ZYGX2021J037); ","https://ieeexplore.ieee.org/stamp/stamp.jsp?arnumber=10052760","Biopotential acquisition front-end chip;in-home sleep monitoring;multi-scorer sleep staging;sleep architecture analysis","Sleep;Biomedical monitoring;Monitoring;Electronics packaging;Electroencephalography;Software;Choppers (circuits)","Humans;Polysomnography;Multilevel Analysis;Equipment Design;Electric Impedance","4","","47","CCBY","24 Feb 2023","2023","","IEEE","IEEE Journals"
"An Interpretable Contrastive Learning Transformer for EEG-Based Person Identification","X. Shao; C. Chang; J. Q. Gan; H. Wang","Key Laboratory of Child Development and Learning Science of Ministry of Education, School of Biological Science and Medical Engineering, Southeast University, Nanjing, Jiangsu, China; College of Electronic Engineering, National University of Defense Technology, Hefei, Anhui, China; School of Computer Science and Electronic Engineering, University of Essex, Colchester, U.K.; Key Laboratory of Child Development and Learning Science of Ministry of Education, School of Biological Science and Medical Engineering, Southeast University, Nanjing, Jiangsu, China",IEEE Transactions on Information Forensics and Security,"23 May 2025","2025","20","","5069","5082","Research on electroencephalogram (EEG)-based person identification is increasing because EEG signals must be collected from the living body, making them difficult to steal or alter. However, EEG signals are greatly influenced by subjects’ states, and most studies on EEG-based person identification have overlooked this influence. In this study, we proposed an interpretable contrastive learning transformer to tackle the impact of state changes on EEG-based person identification. Contrastive learning transformers construct pairs of EEG signal feature samples to capture state-independent and identity-distinct features. Specifically, the power spectral density (PSD) of EEG signals from the same user in different paradigms is used as positive samples, while the PSD from other users is used as negative samples. Pairs of samples are encoded to obtain corresponding features and then projected into a contrastive space through a multi-layer perceptron. Then, the NT-Xent loss function minimizes the distance between positive samples within the same batch and maximizes the distance between negative samples. Finally, to eliminate bias between positive sample pairs from different paradigms, we introduced the cross-paradigm alignment loss for the first time to capture individual consistency. We evaluated our model on two datasets. Dataset 1 contains EEG signals from 109 individuals, recorded across multiple paradigms designed to elicit different states. Dataset 2 consists of EEG signals from 71 individuals, collected across two sessions, with each session including two paradigms. We evaluated the accuracy of both single-paradigm and cross-paradigm recognition. Our proposed model outperforms state-of-the-art models for EEG-based person identification. We also conducted experiments on electrode attention visualization to capture the brain regions that the model focuses on, and the results demonstrate that, unlike in a single-paradigm, models trained in cross-paradigm focus on fewer electrodes and more concentrated regions.","1556-6021","","10.1109/TIFS.2025.3570183","National Natural Science Foundation of China(grant numbers:92270113,62176054); ","https://ieeexplore.ieee.org/stamp/stamp.jsp?arnumber=11003984","EEG;biometrics;person identification;contrastive learning;transformer","Electroencephalography;Brain modeling;Feature extraction;Contrastive learning;Transformers;Accuracy;Electrodes;Data mining;Training;Emotion recognition","","5","","50","IEEE","14 May 2025","2025","","IEEE","IEEE Journals"
"Beyond the Ground Truth, XGBoost Model Applied to Sleep Spindle Event Detection","E. Gurdiel; F. Vaquerizo-Villar; J. Gomez-Pilar; G. C. Gutiérrez-Tobal; F. d. Campo; R. Hornero","Biomedical Engineering Group, Universidad de Valladolid, Valladolid, Spain; Biomedical Engineering Group, Universidad de Valladolid, Valladolid, Spain; Biomedical Engineering Group, Universidad de Valladolid, Valladolid, Spain; Biomedical Engineering Group, Universidad de Valladolid, Valladolid, Spain; Biomedical Engineering Group, Universidad de Valladolid, Valladolid, Spain; Biomedical Engineering Group, Universidad de Valladolid, Valladolid, Spain",IEEE Journal of Biomedical and Health Informatics,"3 Jul 2025","2025","29","7","4873","4883","Sleep spindles are microevents of the electroencephalogram (EEG) during sleep whose functional interpretation is not fully clear. To streamline the identification process and make it more replicable, multiple automatic detectors have been proposed in the literature. Among these methods, algorithms based on deep learning usually demonstrate superior accuracy in performance assessment up to now. However, using these methods, the rationale behind the model decision-making process is hard to understand. In this study, we propose a novel machine-learning detection framework (SpinCo) based on an exhaustive sliding window feature extraction and the application of XGBoost algorithm, achieving performance close to state-of-the-art deep-learning techniques while depending on a fixed set of easily interpretable features. Additionally, we have developed a novel by-event metric for evaluation that ensures symmetricity and allows a probabilistic interpretation of the results. Through the utilization of this metric, we have enhanced the interpretability of our evaluations and enabled a direct assessment of inter-expert agreement in the manual annotation of spindle events. Finally, we propose a new type of performance assessment test based on estimations of the automatic method's ability to generalize to unseen experts and its comparison with inter-expert agreement measurements. Hence, SpinCo is a robust automatic spindle detection technique that can be used for labeling raw EEG signals and shed light on the metrics used for evaluation in this problem.","2168-2208","","10.1109/JBHI.2025.3544966","Sara Borrell(grant numbers:CD23/00031); University of Valladolid; European Union through the Interreg VI-A Spain-Portugal Program(grant numbers:0043_NET4SLEEP_2_E); Consorcio Centro de Investigación Biomédica en Red en Bioingeniería, Biomateriales(grant numbers:CB19/01/00012); European Regional Development; ","https://ieeexplore.ieee.org/stamp/stamp.jsp?arnumber=10900344","Electroencephalography;machine learning;polysomnography;signal processing;sleep spindle detection;XGBoost","Feature extraction;Databases;Measurement;Sleep;Electroencephalography;Event detection;Bioinformatics;Annotations;Recording","Humans;Algorithms;Boosting Machine Learning Algorithms;Deep Learning;Electroencephalography;Signal Processing, Computer-Assisted;Sleep;Sleep Stages","3","","52","IEEE","24 Feb 2025","July 2025","","IEEE","IEEE Journals"
"A Deep Learning Architecture for Temporal Sleep Stage Classification Using Multivariate and Multimodal Time Series","S. Chambon; M. N. Galtier; P. J. Arnal; G. Wainrib; A. Gramfort","Research & Algorithms Team, Rythm Inc., Paris, France; Research & Algorithms Team, Rythm Inc., Paris, France; Research & Algorithms Team, Rythm Inc., Paris, France; DATA Team, Ecole NormaleSupérieure, Paris, France; CEA, Université Paris-Saclay, Paris, France",IEEE Transactions on Neural Systems and Rehabilitation Engineering,"6 Apr 2018","2018","26","4","758","769","Sleep stage classification constitutes an important preliminary exam in the diagnosis of sleep disorders. It is traditionally performed by a sleep expert who assigns to each 30 s of the signal of a sleep stage, based on the visual inspection of signals such as electroencephalograms (EEGs), electrooculograms (EOGs), electrocardiograms, and electromyograms (EMGs). We introduce here the first deep learning approach for sleep stage classification that learns end-to-end without computing spectrograms or extracting handcrafted features, that exploits all multivariate and multimodal polysomnography (PSG) signals (EEG, EMG, and EOG), and that can exploit the temporal context of each 30-s window of data. For each modality, the first layer learns linear spatial filters that exploit the array of sensors to increase the signal-to-noise ratio, and the last layer feeds the learnt representation to a softmax classifier. Our model is compared to alternative automatic approaches based on convolutional networks or decisions trees. Results obtained on 61 publicly available PSG records with up to 20 EEG channels demonstrate that our network architecture yields the state-of-the-art performance. Our study reveals a number of insights on the spatiotemporal distribution of the signal of interest: a good tradeoff for optimal classification performance measured with balanced accuracy is to use 6 EEG with 2 EOG (left and right) and 3 EMG chin channels. Also exploiting 1 min of data before and after each data segment offers the strongest improvement when a limited number of channels are available. As sleep experts, our system exploits the multivariate and multimodal nature of PSG signals in order to deliver the state-of-the-art classification performance with a small computational cost.","1558-0210","","10.1109/TNSRE.2018.2813138","French Association Nationale de la Recherche et de la Technologie(grant numbers:2015/1005); ","https://ieeexplore.ieee.org/stamp/stamp.jsp?arnumber=8307462","Sleep stage classification;multivariate time series;deep learning;spatio-temporal data;transfer learning;EEG;EOG;EMG","Sleep;Electroencephalography;Electromyography;Electrooculography;Feature extraction;Machine learning;Time series analysis","Algorithms;Computer Systems;Decision Trees;Deep Learning;Electroencephalography;Electromyography;Electrooculography;Expert Systems;Humans;Multivariate Analysis;Polysomnography;Signal Processing, Computer-Assisted;Sleep Stages","536","","46","IEEE","7 Mar 2018","April 2018","","IEEE","IEEE Journals"
"Optimizing Motor Intention Detection With Deep Learning: Towards Management of Intraoperative Awareness","O. Avilov; S. Rimbert; A. Popov; L. Bougrain","Université de Lorraine, CNRS, LORIA, Nancy, France; Université de Lorraine CNRS, Inria, LORIA, France; Electronic Engineering Department, Igor Sikorsky Kyiv Polytechnic Institute and also with Ciklum Data & Analytics, Kyiv, Ukraine; Université de Lorraine CNRS, Inria, LORIA, France",IEEE Transactions on Biomedical Engineering,"20 Sep 2021","2021","68","10","3087","3097","Objective: This article shows the interest in deep learning techniques to detect motor imagery (MI) from raw electroencephalographic (EEG) signals when a functional electrical stimulation is added or not. Impacts of electrode montages and bandwidth are also reported. The perspective of this work is to improve the detection of intraoperative awareness during general anesthesia. Methods: Various architectures of EEGNet were investigated to optimize MI detection. They have been compared to the state-of-the-art classifiers in Brain-Computer Interfaces (based on Riemannian geometry, linear discriminant analysis), and other deep learning architectures (deep convolution network, shallow convolutional network). EEG data were measured from 22 participants performing motor imagery with and without median nerve stimulation. Results: The proposed architecture of EEGNet reaches the best classification accuracy (83.2%) and false-positive rate (FPR 19.0%) for a setup with only six electrodes over the motor cortex and frontal lobe and for an extended 4-38 Hz EEG frequency range while the subject is being stimulated via a median nerve. Configurations with a larger number of electrodes result in higher accuracy (94.5%) and FPR (6.1%) for 128 electrodes (and respectively 88.0% and 12.9% for 13 electrodes). Conclusion: The present work demonstrates that using an extended EEG frequency band and a modified EEGNet deep neural network increases the accuracy of MI detection when used with as few as 6 electrodes which include frontal channels. Significance: The proposed method contributes to the development of Brain-Computer Interface systems based on MI detection from EEG.","1558-2531","","10.1109/TBME.2021.3064794","French Embassy; Université de Lorraine/CNRS/Inria; Nancy, France; ","https://ieeexplore.ieee.org/stamp/stamp.jsp?arnumber=9373981","Brain-computer interface (BCI);deep learning;electroencephalogram (EEG);intraoperative awareness during general anesthesia;machine learning;median nerve stimulation;motor imagery","Electroencephalography;Manganese;Electrodes;Task analysis;Deep learning;Feature extraction;Anesthesia","Algorithms;Brain-Computer Interfaces;Deep Learning;Electroencephalography;Humans;Imagination;Intention;Intraoperative Awareness","19","","46","IEEE","9 Mar 2021","Oct. 2021","","IEEE","IEEE Journals"
"GMAEEG: A Self-Supervised Graph Masked Autoencoder for EEG Representation Learning","Z. Fu; H. Zhu; Y. Zhao; R. Huan; Y. Zhang; S. Chen; Y. Pan","College of Information Science and Electronic Engineering, Zhejiang University, Hangzhou, China; College of Information Science and Electronic Engineering, Zhejiang University, Hangzhou, China; College of Information Science and Electronic Engineering, Zhejiang University, Hangzhou, China; College of Computer Science and Technology, Zhejiang University of Technology, Hangzhou, China; Department of Neurology, The Children's Hospital, Zhejiang University School of Medicine, Hangzhou, China; Nursing Department, The Children's Hospital, Zhejiang University School of Medicine, Hangzhou, China; College of Information Science and Electronic Engineering, Zhejiang University, Hangzhou, China",IEEE Journal of Biomedical and Health Informatics,"6 Nov 2024","2024","28","11","6486","6497","Annotated electroencephalogram (EEG) data is the prerequisite for artificial intelligence-driven EEG autoanalysis. However, the scarcity of annotated data due to its high-cost and the resulted insufficient training limits the development of EEG autoanalysis. Generative self-supervised learning, represented by masked autoencoder, offers potential but struggles with non-Euclidean structures. To alleviate these challenges, this work proposes a self-supervised graph masked autoencoder for EEG representation learning, named GMAEEG. Concretely, a pretrained model is enriched with temporal and spatial representations through a masked signal reconstruction pretext task. A learnable dynamic adjacency matrix, initialized with prior knowledge, adapts to brain characteristics. Downstream tasks are achieved by finetuning pretrained parameters, with the adjacency matrix transferred based on task functional similarity. Experimental results demonstrate that with emotion recognition as the pretext task, GMAEEG reaches superior performance on various downstream tasks, including emotion, major depressive disorder, Parkinson's disease, and pain recognition. This study is the first to tailor the masked autoencoder specifically for EEG representation learning considering its non-Euclidean characteristics. Further, graph connection analysis based on GMAEEG may provide insights for future clinical studies.","2168-2208","","10.1109/JBHI.2024.3443651","National Natural Science Foundation of China(grant numbers:62306272,62276237); National Key R&D Program of China(grant numbers:2023YFC3603102); Pioneer and “Leading Goose” R&D Program of Zhejiang(grant numbers:2024C03027); Zhejiang Province Basic Public Welfare Research Program(grant numbers:LTGY23F020006); Zhejiang Provincial Health Commission's Science and Technology Program of Medicine and Health(grant numbers:2021KY763,2023KY833); ","https://ieeexplore.ieee.org/stamp/stamp.jsp?arnumber=10637694","EEG;graph network;masked autoencoder;representation learning;self-supervised learning","Electroencephalography;Task analysis;Representation learning;Self-supervised learning;Emotion recognition;Convolution;Image reconstruction","Humans;Electroencephalography;Signal Processing, Computer-Assisted;Algorithms;Supervised Machine Learning;Brain;Adult;Emotions;Parkinson Disease;Young Adult;Female;Male","16","","60","IEEE","15 Aug 2024","Nov. 2024","","IEEE","IEEE Journals"
"An Unpredictable Brain Is a Conscious, Responsive Brain","S. Mofakham; J. Robertson; N. Lubin; N. A. Cleri; C. B. Mikell",Stony Brook University; Stony Brook University; Stony Brook University; Stony Brook University; Stony Brook University,Journal of Cognitive Neuroscience,"11 Jul 2024","2024","36","8","1643","1652","Severe traumatic brain injuries typically result in loss of consciousness or coma. In deeply comatose patients with traumatic brain injury, cortical dynamics become simple, repetitive, and predictable. We review evidence that this low-complexity, high-predictability state results from a passive cortical state, represented by a stable repetitive attractor, that hinders the flexible formation of neuronal ensembles necessary for conscious experience. Our data and those from other groups support the hypothesis that this cortical passive state is because of the loss of thalamocortical input. We identify the unpredictability and complexity of cortical dynamics captured by local field potential as a sign of recovery from this passive coma attractor. In this Perspective article, we discuss how these electrophysiological biomarkers of the recovery of consciousness could inform the design of closed-loop stimulation paradigms to treat disorders of consciousness.","0898-929X","","10.1162/jocn_a_02154","OVPR SEED Funding, SUNY SEED, Targeted Research Opportunity Program (Stony Brook TRO, Fusion); ","https://ieeexplore.ieee.org/stamp/stamp.jsp?arnumber=10596012","","","","","","","","11 Jul 2024","1 July 2024","","MIT Press","MIT Press Journals"
"Brain Functional Networks Based on Resting-State EEG Data for Major Depressive Disorder Analysis and Classification","B. Zhang; G. Yan; Z. Yang; Y. Su; J. Wang; T. Lei","School of Electronic and Information Engineering, Lanzhou Jiaotong University, Lanzhou, China; School of Electronic and Information Engineering, Lanzhou Jiaotong University, Lanzhou, China; School of Electronic and Information Engineering, Lanzhou Jiaotong University, Lanzhou, China; School of Information Science and Engineering, Lanzhou University, Lanzhou, China; Sleep Medicine Center of Gansu Province, Gansu Provincial People’s Hospital, Lanzhou, China; School of Electronic Information and Artificial Intelligence, Shaanxi University of Science and Technology, Xi’an, China",IEEE Transactions on Neural Systems and Rehabilitation Engineering,"1 Mar 2021","2021","29","","215","229","If the brain is regarded as a system, it will be one of the most complex systems in the universe. Traditional analysis and classification methods of major depressive disorder (MDD) based on electroencephalography (EEG) feature-levels often regard electrode as isolated node and ignore the correlation between them, so it's difficult to find alters of abnormal topological architecture in brain. To solve this problem, we propose a brain functional network framework for MDD of analysis and classification based on resting state EEG. The phase lag index (PLI) was calculated based on the 64-channel resting state EEG to construct the function connection matrix to reduce and avoid the volume conductor effect. Then binarization of brain function network based on small world index was realized. Statistical analyses were performed on different EEG frequency band and different brain regions. The results showed that significant alterations of brain synchronization occurred in frontal, temporal, parietal-occipital regions of left brain and temporal region of right brain. And average shortest path length and clustering coefficient in left central region of theta band and node betweenness centrality in right parietal-occipital region were significantly correlated with PHQ-9 score of MDD, which indicates these three network metrics may be served as potential biomarkers to effectively distinguish MDD from controls and the highest classification accuracy can reach 93.31%. Our findings also point out that the brain function network of MDD patients shows a random trend, and small world characteristics appears to weaken.","1558-0210","","10.1109/TNSRE.2020.3043426","National Natural Science Foundation of China(grant numbers:61962034,61941109,61862058); Tianyou Youth Talent Lift Program of Lanzhou Jiaotong Univesity; Opening Foundation of the Key Laboratory of Opto-Technology and Intelligent Control, Lanzhou Jiaotong University, Ministry of Education(grant numbers:KFKT2020-13); Scientific Research Innovation Project of School of Electronics and Information Engineering, Lanzhou Jiaotong University; ","https://ieeexplore.ieee.org/stamp/stamp.jsp?arnumber=9288845","Major depressive disorder;electroencephalography;brain functional networks;phase lag index;abnormal topological architecture","Electroencephalography;Synchronization;Depression;Functional magnetic resonance imaging;Feature extraction;Measurement;Electrodes","Brain;Brain Mapping;Depressive Disorder, Major;Electroencephalography;Humans;Occipital Lobe","121","","65","CCBY","9 Dec 2020","2021","","IEEE","IEEE Journals"
"CoRe-Sleep: A Multimodal Fusion Framework for Time Series Robust to Imperfect Modalities","K. Kontras; C. Chatzichristos; H. Phan; J. Suykens; M. De Vos","Department of Electrical Engineering (ESAT-Stadius), KU Leuven, Leuven, Belgium; Department of Electrical Engineering (ESAT-Stadius), KU Leuven, Leuven, Belgium; School of Electronic Engineering and Computer Science, Queen Mary University of London, London, U.K.; Department of Electrical Engineering (ESAT-Stadius), KU Leuven, Leuven, Belgium; Department of Electrical Engineering (ESAT-Stadius) and the Department of Development and Regeneration, KU Leuven, Leuven, Belgium",IEEE Transactions on Neural Systems and Rehabilitation Engineering,"22 Feb 2024","2024","32","","840","849","Sleep abnormalities can have severe health consequences. Automated sleep staging, i.e. labelling the sequence of sleep stages from the patient’s physiological recordings, could simplify the diagnostic process. Previous work on automated sleep staging has achieved great results, mainly relying on the EEG signal. However, often multiple sources of information are available beyond EEG. This can be particularly beneficial when the EEG recordings are noisy or even missing completely. In this paper, we propose CoRe-Sleep, a Coordinated Representation multimodal fusion network that is particularly focused on improving the robustness of signal analysis on imperfect data. We demonstrate how appropriately handling multimodal information can be the key to achieving such robustness. CoRe-Sleep tolerates noisy or missing modalities segments, allowing training on incomplete data. Additionally, it shows state-of-the-art performance when testing on both multimodal and unimodal data using a single model on SHHS-1, the largest publicly available study that includes sleep stage labels. The results indicate that training the model on multimodal data does positively influence performance when tested on unimodal data. This work aims at bridging the gap between automated analysis tools and their clinical utility.","1558-0210","","10.1109/TNSRE.2024.3354388","HORIZON-HLTH-2022-STAYHLTH: ‘AI-based Parkinson’s disease risk assessment and prognosis (AI-PROGNOSIS)’; FWO Research Project: ‘AI for data-driven personalised medicine’(grant numbers:G0C9623N); Flemish Government through the Artificial Intelligence (AI) Research Program; Fonds Wetenschappelijk Onderzoek (FWO) through AI for Data-Driven Personalized Medicine(grant numbers:G0C9623N); Deep, Personalized Epileptic Seizure Detection(grant numbers:G0D8321N); Leuven.AI Institute; ","https://ieeexplore.ieee.org/stamp/stamp.jsp?arnumber=10400520","Sleep staging;multimodal fusion;imperfect modalities;incomplete data","Sleep;Electroencephalography;Brain modeling;Recording;Noise measurement;Feature extraction;Electrooculography","Humans;Time Factors;Electroencephalography;Sleep;Sleep Stages","23","","66","CCBYNCND","15 Jan 2024","2024","","IEEE","IEEE Journals"
"Predicting Microsleep States Using EEG Inter-Channel Relationships","A. B. Buriro; R. Shoorangiz; S. J. Weddell; R. D. Jones","Department of Electrical and Computer Engineering, University of Canterbury, Christchurch, New Zealand; Department of Electrical and Computer Engineering, University of Canterbury, Christchurch, New Zealand; Department of Electrical and Computer Engineering, University of Canterbury, Christchurch, New Zealand; Department of Electrical and Computer Engineering, University of Canterbury, Christchurch, New Zealand",IEEE Transactions on Neural Systems and Rehabilitation Engineering,"6 Dec 2018","2018","26","12","2260","2269","A microsleep is a brief and an involuntary sleep-related loss of consciousness of up to 15 s. We investigated the performances of seven pairwise inter-channel relationships-covariance, Pearson's correlation coefficient, wavelet cross-spectral power, wavelet coherence, joint entropy, mutual information, and phase synchronization index-in continuous prediction of microsleep states from EEG. These relationships were used as the feature sets of a linear discriminant analysis (LDA) and a linear support vector machine classifiers. Priors for both classifiers were incorporated to address the class imbalance in the training data sets. Each feature set was extracted from a 5-s window of EEG with the step of 0.25 s and was demeaned with respect to the mean of first 2 min. The sequential forward selection (SFS) method, based on a serial combination of the correlation coefficient, Fisher score-based filter, and an LDA-based wrapper, was used to select features from each training set. The comparison was based on 16-channel EEG data from eight subjects who had performed a 1-D visuomotor task for two 1-h sessions. The prediction performances were evaluated using leave-one-subject-out cross-validation. For both classifiers, non-normalized feature sets were found to perform better than normalized feature sets. Furthermore, demeaning the non-normalized features considerably improved the prediction performance. Overall, the LDA classifier with joint entropy features resulted in the best average prediction performances (phi, AUCPR, and AUCROC) of (0.47, 0.50, and 0.95). Joint entropy between O1 and O2 from theta frequency band was the most informative feature.","1558-0210","","10.1109/TNSRE.2018.2878587","","https://ieeexplore.ieee.org/stamp/stamp.jsp?arnumber=8515246","EEG;microsleep;inter-channel relationships;LDA;LSVM;class imbalance","Electroencephalography;Feature extraction;Task analysis;Indexes;Coherence;Entropy;Neurotechnology","Algorithms;Area Under Curve;Discriminant Analysis;Electroencephalography;Entropy;Humans;Predictive Value of Tests;Psychomotor Performance;Sleep;Support Vector Machine;Theta Rhythm;Wavelet Analysis","23","","33","IEEE","30 Oct 2018","Dec. 2018","","IEEE","IEEE Journals"
"Deep Learning Model for Analyzing EEG Signal Analysis","V. Gupta; V. Kumar; Prince; S. Singh; Y. -S. Lee; I. -H. Ra","Department of Electronics and Communication, National Institute of Technology Sikkim, Namchi, India; Department of Electrical and Electronics Engineering, National Institute of Technology Sikkim, Namchi, India; Department of Industrial and Systems Engineering, Dongguk University, Seoul, Republic of Korea; Department of AI and Bigdata, Woosong University, Daejeon, Republic of Korea; School of Computer and Software, Kunsan National University, Gunsan, Republic of Korea; School of Software, Kunsan National University, Gunsan, Republic of Korea",IEEE Access,"29 May 2025","2025","13","","91034","91045","To analyze the physiological information within the acquired EEG signal is very cumbersome due to the possibility of several factors, viz. noise and artifacts, complexity of brain dynamics, and inter-subject variability. To address these issues, this paper compares a U-shaped encoder-decoder network (UNET) and Bat-based UNET signal analysis (BUSA) techniques to classify depression rates in the Electroencephalogram (EEG) datasets. The main objective of including these two techniques is to reveal their effectiveness. It comprises pre-processing, feature extraction, feature selection, and classification stages. The framework excels at noise reduction during pre-processing, enhancing dataset integrity. Feature extraction leverages band power and correlation dimension to extract crucial features. Furthermore, feature selection optimizes classification accuracy by refining the fitness function of bats in the classification layer. The performance of UNET and BUSA are compared based on the following performance evaluating parameters viz. accuracy (Acc), Area Under the Curve (AUC), precision (P), and recall (R) (or sensitivity (Se)). The results indicated that the BUSA technique outperforms the UNET technique.","2169-3536","","10.1109/ACCESS.2025.3563760","“Regional Innovation Strategy (RIS)” through the National Research Foundation of Korea (NRF), funded by the Ministry of Education (MOE)(grant numbers:2023RIS-008); ","https://ieeexplore.ieee.org/stamp/stamp.jsp?arnumber=10974958","Bat-based UNET signal analysis (BUSA);band power;correlation dimension;EEG datasets;U-shaped encoder-decoder network (UNET)","Electroencephalography;Feature extraction;Brain modeling;Brain;Accuracy;Emotion recognition;Signal analysis;Electrodes;Classification algorithms;Convolutional neural networks","","4","","45","CCBY","23 Apr 2025","2025","","IEEE","IEEE Journals"
"A Human–Humanoid Interaction Through the Use of BCI for Locked-In ALS Patients Using Neuro-Biological Feedback Fusion","R. Sorbello; S. Tramonte; M. E. Giardina; V. La Bella; R. Spataro; B. Allison; C. Guger; A. Chella","Robotics Laboratory, University of Palermo, Palermo, Italy; Robotics Laboratory, University of Palermo, Palermo, Italy; Robotics Laboratory, University of Palermo, Palermo, Italy; ALS Clinical Research Centre, University of Palermo, Palermo, Italy; ALS Clinical Research Centre, University of Palermo, Palermo, Italy; g.tec medical engineering GmbH, Schiedlberg, Austria; Guger Technologies OEG, Graz, Austria; ICAR-CNR, Palermo, Italy",IEEE Transactions on Neural Systems and Rehabilitation Engineering,"9 Feb 2018","2018","26","2","487","497","This paper illustrates a new architecture for a human-humanoid interaction based on EEG-brain computer interface (EEG-BCI) for patients affected by locked-in syndrome caused by Amyotrophic Lateral Sclerosis (ALS). The proposed architecture is able to recognise users' mental state accordingly to the biofeedback factor Bf, based on users' attention, intention, and focus, that is used to elicit a robot to perform customised behaviours. Experiments have been conducted with a population of eight subjects: four ALS patients in a near locked-in status with normal ocular movement and four healthy control subjects enrolled for age, education,and computer expertise. The results showed as three ALS patients have completed the task with 96.67% success; the healthy controls with 100% success; the fourth ALS has been excluded from the results for his low general attention during the task; the analysis of Bf factor highlights as ALS subjects have shown stronger Bf (81.20%) than healthy controls (76.77%). Finally, a post-hoc analysis is provided to show how robotic feedback helps in maintaining focus on expected task. These preliminary data suggest that ALS patients could successfully control a humanoid robot through a BCI architecture, potentially enabling them to conduct some everyday tasks and extend their presence in the environment.","1558-0210","","10.1109/TNSRE.2017.2728140","","https://ieeexplore.ieee.org/stamp/stamp.jsp?arnumber=7983438","BCI;locked-in patients;ALS patients;human-humanoid robot interaction;neuro-biological feedback fusion","Electroencephalography;Humanoid robots;Computer architecture;Entropy;Stress;Feature extraction","Adult;Algorithms;Amyotrophic Lateral Sclerosis;Attention;Biofeedback, Psychology;Brain-Computer Interfaces;Electroencephalography;Event-Related Potentials, P300;Eye Movements;Female;Healthy Volunteers;Humans;Male;Prosthesis Design;Psychomotor Performance;Quadriplegia;Robotics","31","","51","IEEE","18 Jul 2017","Feb. 2018","","IEEE","IEEE Journals"
"A Hybrid Brain–Computer Interface Combining P300 Potentials and Emotion Patterns for Detecting Awareness in Patients With Disorders of Consciousness","J. Pan; L. Wang; H. Huang; J. Xiao; F. Wang; Q. Liang; C. Xu; Y. Li; Q. Xie","School of Software, South China Normal University, Foshan, China; School of Software, South China Normal University, Foshan, China; School of Software, South China Normal University, Foshan, China; School of Automation Science and Engineering, South China University of Technology, Guangzhou, China; School of Software, South China Normal University, Foshan, China; Zhujiang Hospital, Southern Medical University, Guangzhou, China; Zhujiang Hospital, Southern Medical University, Guangzhou, China; School of Automation Science and Engineering, South China University of Technology, Guangzhou, China; Zhujiang Hospital, Southern Medical University, Guangzhou, China",IEEE Transactions on Cognitive and Developmental Systems,"7 Sep 2023","2023","15","3","1386","1395","In this study, a hybrid brain–computer interface (BCI) system combining P300 potential and emotion patterns was proposed to improve the performance of awareness detection. Two video clips were flashed randomly to evoke the P300 potential, while a laughing or crying video clip was used to induce the corresponding emotion pattern. The subjects were asked to concentrate on the laughing or crying video clip cued by the instruction and to count the flashes of the corresponding video clip. Two layers of classification were developed. In the first layer, P300 detection and emotion recognition were performed separately using two support vector machine (SVM) classifiers. Specifically, the activation, spatial, and connection patterns were fused in emotion recognition. In the second layer, the SVM scores of P300 detection and emotion recognition were fed into another SVM classifier to determine which video clip the subjects responded to. Six healthy subjects and eight patients with disorders of consciousness (DOC) were involved in the command-following experiment. The results showed that the accuracy of the hybrid BCI system was better than those of the single-modality systems. Furthermore, three patients were able to perform tasks (66%–72%) using our hybrid BCI, which indicated their residual awareness and emotion-related abilities.","2379-8939","","10.1109/TCDS.2022.3213194","Science and Technology Innovation 2030—“Brain Science and Brain-Like Intelligence Technology” Key Project(grant numbers:2022ZD0208900); National Natural Science Foundation of China(grant numbers:62076103); Guangzhou Science and Technology Plan Project Key Field Research and Development Project(grant numbers:202007030005); ","https://ieeexplore.ieee.org/stamp/stamp.jsp?arnumber=9914570","Awareness detection;brain–computer interface (BCI);disorders of consciousness (DOC);emotion pattern;P300","Emotion recognition;Support vector machines;Electroencephalography;Behavioral sciences;Visualization;Graphical user interfaces;Electric potential","","17","","31","IEEE","10 Oct 2022","Sept. 2023","","IEEE","IEEE Journals"
"Studying the Effects of Compression in EEG-Based Wearable Sleep Monitoring Systems","D. H. Liu; S. A. Imtiaz","Department of Electrical and Computer Engineering, The University of Texas at Austin, Austin, USA; Department of Electrical and Electronic Engineering, Wearable Technologies Laboratory, Imperial College London, London, U.K.",IEEE Access,"22 Sep 2020","2020","8","","168486","168501","Long-term sleep monitoring through the use of wearable EEG-based systems generates large volumes of data that need to be either locally stored or wireless transmitted. Compression of data can play a vital role to reduce the power consumption of these already resource-constrained systems. While compression methods can result in significantly reduced data storage and transmission requirements, the loss in signal information can have an impact on the algorithms used to extract the key sleep parameters. This paper studies the impact of six different state-of-the-art compression methods, including wavelet, SPIHT, filter and predictor-based methods, analysing their effects on the reconstructed signal quality particularly for automatic sleep staging applications. It looks at how the overall sleep staging accuracy as well as the detection accuracy of different sleep stages is reduced as a result of different EEG compression methods. It shows that the SPIHT and predictor-based compression methods outperform wavelet and filter-based methods in preserving the relevant signal features. It also shows that compression ratios of up to 65 can be achieved using the QSPIHT method with less than 10% loss in overall sleep staging accuracy.","2169-3536","","10.1109/ACCESS.2020.3023915","","https://ieeexplore.ieee.org/stamp/stamp.jsp?arnumber=9195816","Sleep disorders;electroencephalogram(EEG) compression;lossy compression;wearables;brain monitoring;sleep staging","Sleep;Electroencephalography;Biomedical monitoring;Monitoring;Discrete wavelet transforms;Compression algorithms;Databases","","10","","59","CCBY","14 Sep 2020","2020","","IEEE","IEEE Journals"
"Channel Selection Method for EEG Emotion Recognition Using Normalized Mutual Information","Z. -M. Wang; S. -Y. Hu; H. Song","Shaanxi Key Laboratory of Network Data Analysis and Intelligent Processing,, Xi’an University of Posts and Telecommunications, Xi’an, China; School of Computer Science and Technology, Xi’an University of Posts and Telecommunications, Xi’an, China; Shaanxi Key Laboratory of Network Data Analysis and Intelligent Processing,, Xi’an University of Posts and Telecommunications, Xi’an, China",IEEE Access,"14 Oct 2019","2019","7","","143303","143311","Electroencephalography (EEG) signals can reflect activities of the human brain and represent different emotional states. However, recognizing emotions based on full-channel EEG signals will lead to redundant data and hardware complexity, thus it is not suitable for designing wearable devices for daily-life emotion recognition. This paper proposes a channel selection method to select an optimal subset of EEG channels by using normalized mutual information (NMI). Compared with other methods, the proposed method solves the problem of obtaining a higher recognition rate while reducing EEG channels sharply. First, EEG signals are sliced into fixed-length pieces with a sliding window, and short-time Fourier transform is adopted to capture EEG spectrogram. Then inter-channel connection matrix is calculated based on NMI, and channel reduction is conducted by using thresholding and connection matrix analysis. The experiments are based on the widely-used emotion recognition database DEAP. It can be derived from the experimental results that the proposed method can select optimal EEG channel subsets to a certain number while maintaining high accuracy of 74.41% for valence and 73.64% for arousal with support vector machines. Further analysis also reveals that the distribution of the selected channels is consistent with cortical areas for general emotion tasks.","2169-3536","","10.1109/ACCESS.2019.2944273","National Natural Science Foundation of China(grant numbers:61373116); Education Department of Shaanxi Province(grant numbers:18JK0698); ","https://ieeexplore.ieee.org/stamp/stamp.jsp?arnumber=8851133","Channel selection;electroencephalography;emotion recognition;normalized mutual information;support vector machine","Electroencephalography;Emotion recognition;Mutual information;Spectrogram;Support vector machines;Classification algorithms;Brain modeling","","138","","40","CCBY","27 Sep 2019","2019","","IEEE","IEEE Journals"
"EEG Coupled Scale-Invariant Dynamics for Emotion Recognition: A Domain Adaptation Approach","M. Tajmirriahi; H. Rabbani","Department of Bioelectrics and Biomedical Engineering, Medical Image and Signal Processing Research Center, School of Advanced Technologies in Medicine, Isfahan University of Medical Sciences, Isfahan, Iran; Department of Bioelectrics and Biomedical Engineering, Medical Image and Signal Processing Research Center, School of Advanced Technologies in Medicine, Isfahan University of Medical Sciences, Isfahan, Iran",IEEE Transactions on Affective Computing,"26 Nov 2025","2025","16","4","3584","3595","In electroencephalogram (EEG)-based emotion recognition, traditional static univariate models often struggle to capture the complex, scale-free dynamics inherent in multivariate neural signals, which hampers generalization across subjects. To address this, we introduce a novel stochastic framework based on operator multifractional Lévy stable motion (omLsm) and stochastic differential equations (SDE). This framework effectively captures the dynamic scale-free properties of EEG signals and assesses their local cross-scaling characteristics, revealing dynamic fractal connectivity that correlates with various emotional states. The rationale behind our approach lies in the shared scale-free properties and affective cognitive attributes observed across different subjects within the same emotion categories. Local cross-scaling characteristics expose commonalities in the spatio-temporal and spectral domains, facilitating more robust emotion recognition through a multivariate lens. Furthermore, our framework incorporates domain adaptation strategies that enhance model performance across diverse subject populations. Our results indicate significant differences in scale-free connectivity associated with emotional states, reflecting clear advantages over static univariate approaches. Notably, our detection method achieves maximum accuracy of 98.00% for dominance and 98.41% for arousal recognition, respectively, using the DREMER and DEAP datasets and cross-dataset experiments, demonstrates impressive generalization capabilities of the proposed model. This signifies our method's effectiveness for practical applications in emotion recognition.","1949-3045","","10.1109/TAFFC.2025.3601809","Vice-Chancellery for Research and Technology, Isfahan University of Medical Sciences; ","https://ieeexplore.ieee.org/stamp/stamp.jsp?arnumber=11134564","Multifractal analysis;multivariate local self-similarity;fractional lower order covariation (FLOC);EEG-based emotion recognition","Electroencephalography;Emotion recognition;Fractals;Brain modeling;Feature extraction;Stochastic processes;Heavily-tailed distribution;Adaptation models;Accuracy;Training","","4","","50","IEEE","22 Aug 2025","Oct.-Dec. 2025","","IEEE","IEEE Journals"
"EEG-Based Emotion Recognition Using Trainable Adjacency Relation Driven Graph Convolutional Network","W. Li; M. Wang; J. Zhu; A. Song","School of Instrument Science and Engineering, Southeast University, Nanjing, China; School of Instrument Science and Engineering, Southeast University, Nanjing, China; College of Arts and Sciences, Boston University, Boston, MA, USA; School of Instrument Science and Engineering, Southeast University, Nanjing, China",IEEE Transactions on Cognitive and Developmental Systems,"14 Dec 2023","2023","15","4","1656","1672","In recent years, there has been a growing research interest in using deep learning to resolve the issue of electroencephalogram (EEG)-based emotion recognition. Current research emphasizes exploiting the useful information from each single EEG channel or each individual set of multichannel EEG, but overlooks the correlation information among different multichannel EEG sets. To explore such discriminative correlation information, we propose a novel and effective method, “trainable adjacency relation driven graph convolutional network (TARDGCN),” which contains two complementary modules: 1) trainable adjacency relation (TAR) and 2) graph convolutional network (GCN). TAR optimizes the local pairwise positions of multichannel EEG sets, which helps form an improved graphic representation for GCN to learn the global correlation among these sets for classification. The proposed method is capable of dealing with the problem of small sample size but large data variation in this issue. Our experimental results conducted on the databases DREAMER and DEAP in the subject-dependent and subject-independent modes show that TARDGCN outperforms the state-of-the-art approaches in classifying all of valence, arousal, and dominance.","2379-8939","","10.1109/TCDS.2023.3270170","Aeronautical Science Foundation of China(grant numbers:20200058069001); Basic Research Project of Leading Technology of Jiangsu Province(grant numbers:BK20192004); ","https://ieeexplore.ieee.org/stamp/stamp.jsp?arnumber=10108053","Correlation information;electroencephalogram (EEG);emotion recognition;graph convolutional network (GCN);trainable adjacency relation (TAR)","Electroencephalography;Feature extraction;Emotion recognition;Correlation;Convolutional neural networks;Three-dimensional displays;Graphics","","25","","54","IEEE","25 Apr 2023","Dec. 2023","","IEEE","IEEE Journals"
"Midsagittal Jaw Movements as a Sleep/Wake Marker","F. Senny $^*$; J. DestinÉ; R. Poirrier","Montefiore Department of Electrical Engineering and Computer Science, University of Liège, Liege, Belgium; Montefiore Department of Electrical Engineering and Computer Science, University of Liège, Liege, Belgium; Department of Neurology, Faculty of Medicine, University of Liège, Liege, Belgium",IEEE Transactions on Biomedical Engineering,"31 Mar 2009","2009","56","2","303","309"," The seriousness of the Obstructive Sleep Apnea/Hypopnea Syndrome is measured by the apnea--hypopnea index (AHI), the number of sleep apneas and hypopneas over the total sleep time (TST). Cardiorespiratory signals are used to detect respiratory events while the TST is usually assessed by the analysis of electroencephalogram traces in polysomnography (PSG) or wrist actigraphy trace in portable monitoring. This paper presents a sleep/wake automatic detector that relies on a wavelet-based complexity measure of the midsagittal jaw movement signal and multilayer perceptrons. In all, 63 recordings were used to train and test the method, while 38 recordings constituted an independent evaluation set for which the sensitivity, the specificity, and the global agreement of sleep recognition, respectively, reached 85.1%, 76.4%, and 82.9%, compared with the PSG data. The AHI computed automatically and only from the jaw movement analysis was significantly improved ($p ≪ \hbox{0.0001}$ ) when considering this sleep/wake detector. Moreover, a sensitivity of 88.6% and a specificity of 83.6% were found for the diagnosis of the sleep apnea syndrome according to a threshold of 15. Thus, the jaw movement signal is reasonably accurate in separating sleep from wake, and, in addition to its ability to score respiratory events, is a valuable signal for portable monitoring. ","1558-2531","","10.1109/TBME.2008.2003264","","https://ieeexplore.ieee.org/stamp/stamp.jsp?arnumber=4595680","Complexity;midsagittal jaw movement;portable monitoring;sleep/wake detector;wavelet","Sleep apnea;Monitoring;Detectors;Time measurement;Cardiology;Event detection;Signal analysis;Wrist;Multilayer perceptrons;Testing","Adolescent;Adult;Aged;Chin;Data Interpretation, Statistical;Equipment Design;Female;Forehead;Humans;Jaw;Male;Middle Aged;Movement;Polysomnography;Polysomnography;Sensitivity and Specificity;Signal Processing, Computer-Assisted;Sleep Apnea Syndromes;Sleep Apnea Syndromes","19","","29","IEEE","12 Aug 2008","Feb. 2009","","IEEE","IEEE Journals"
"Quantitative EEG and effect of hypothermia on brain recovery after cardiac arrest","Hyun-Chool Shin; Shanbao Tong; S. Yamashita; Xiaofeng Jia; G. Geocadin; V. Thakor","Department of Biomedical Engineering, Johns Hopkins School of Medicine, Baltimore, MD, USA; NA; Department of Anesthesiology, Tsukuba University, Tsukuba, Japan; Department of Biomedical Engineering, Johns Hopkins School of Medicine, Baltimore, MD, USA; Department of Neurology, Johns Hopkins School of Medicine, Baltimore, MD, USA; Department of Biomedical Engineering, Johns Hopkins School of Medicine, Baltimore, MD, USA",IEEE Transactions on Biomedical Engineering,"5 Jun 2006","2006","53","6","1016","1023","In this paper, we provide a quantitative electroencephalogram (EEG) analysis to study the effect of hypothermia on the neurological recovery of brain after cardiac arrest. We hypothesize that the brain injury results in a reduction in information of the brain rhythm. To measure the information content of the EEG a new measure called information quantity (IQ), which is the Shannon entropy of decorrelated EEG signals, is developed. For decorrelating EEG signals, we use the discrete wavelet transform (DWT) which is known to have good decorrelating properties and to show a good match to the standard clinical bands in EEG. In measuring the amount of information, IQ shows better tracking capability for dynamic amplitude change and frequency component change than conventional entropy-based measures. Experiments are carried out in rodents (n = 30) to monitor the neurological recovery after cardiac arrest. In addition, EEG signal recovery under normothermic (37/spl deg/C) and hypothermic (33/spl deg/C) resuscitation following 5, 7, and 9 min of cardiac arrest is recorded and analyzed. Experimental results show that the IQ is greater for hypothermic than normothermic rats, with an IQ difference of more than 0.20 (0.20 /spl plusmn/ 0.11 is 95% confidence interval). The results quantitatively support the hypothesis that hypothermia accelerates the electrical recovery from brain injury after cardiac arrest.","1558-2531","","10.1109/TBME.2006.873394","","https://ieeexplore.ieee.org/stamp/stamp.jsp?arnumber=1634495","Brain injury;cardiac arrest;EEG;entropy;hypothermia;wavelet","Electroencephalography;Cardiac arrest;Decorrelation;Discrete wavelet transforms;Brain injuries;Frequency measurement;Rhythm;Entropy;Rodents;Monitoring","Algorithms;Animals;Coma;Diagnosis, Computer-Assisted;Electroencephalography;Heart Arrest;Hypothermia, Induced;Rats;Rats, Wistar;Recovery of Function;Therapy, Computer-Assisted;Treatment Outcome","48","","18","IEEE","5 Jun 2006","June 2006","","IEEE","IEEE Journals"
"Optimizing EEG-Based Sleep Staging: Adversarial Deep Learning Joint Domain Adaptation","R. Ghasemigarjan; M. Mikaeili; S. Kamaledin Setarehdan","Department of Engineering, Shahed University, Tehran, Iran; Department of Engineering, Shahed University, Tehran, Iran; Control and Intelligent Processing Centre of Excellence, School of Electrical and Computer Engineering, College of Engineering, University of Tehran, Tehran, Iran",IEEE Access,"17 Dec 2024","2024","12","","186639","186657","Sleep-stage classification is a critical aspect of understanding sleep patterns in sleep research and healthcare. However, challenges arise when dealing with a limited number of labeled samples in the target domain. Traditional methods in Deep Learning (DL) and Domain Adaptation (DA) globally compare feature distributions, often overlooking intricate decision boundaries between sleep-stage classes. This results in ambiguous features near class boundaries, diminishing classification accuracy. The conventional two-step process of using a pre-trained classifier for predictions and assessing uncertainty fails to effectively incorporate unlabeled data in classifier training, neglecting the complexities of the target domain. To address these challenges, we propose Adversarial Deep Learning Joint Domain Adaptation (ADLJDA). This innovative approach integrates an adversarial model and deploys two distinct sleep-stage classifiers as discriminators, allowing for a nuanced consideration of class boundaries during feature distribution alignment. ADLJDA also incorporates an entropy measure with cross-entropy loss during training to harness information from unlabeled data in the target domain. Experimental results on three benchmark EEG datasets highlight the efficacy of ADLJDA. The approach consistently demonstrates the ability to generate robust and transferable features, mitigating the impact of ambiguous features near original class boundaries. Importantly, ADLJDA shows a significant improvement in classification accuracy compared to existing state-of-the-art DA methods, even in datasets with intricate patterns and complexities. This research contributes to advancing sleep-stage classification methodologies, offering a promising solution for enhanced accuracy in real-world applications and furthering our understanding of sleep-related phenomena.","2169-3536","","10.1109/ACCESS.2024.3428435","","https://ieeexplore.ieee.org/stamp/stamp.jsp?arnumber=10597569","Adversarial learning;channel optimization;classification accuracy;deep learning;domain adaptation;EEG signal;feature distributions;sleep staging","Sleep;Feature extraction;Training;Deep learning;Brain modeling;Accuracy;Electroencephalography;Adversarial machine learning;Channel estimation;Biomedical signal processing","","6","","51","CCBYNCND","15 Jul 2024","2024","","IEEE","IEEE Journals"
"Pediatric Sleep Stage Classification Using Multi-Domain Hybrid Neural Networks","Y. Jeon; S. Kim; H. -S. Choi; Y. G. Chung; S. A. Choi; H. Kim; S. Yoon; H. Hwang; K. J. Kim","Healthcare ICT Research Center, Seoul National University Bundang Hospital, Seongnam, South Korea; Department of Electrical and Computer Engineering, Seoul National University, Seoul, South Korea; Department of Electrical and Computer Engineering, Seoul National University, Seoul, South Korea; Healthcare ICT Research Center, Seoul National University Bundang Hospital, Seongnam, South Korea; Department of Pediatrics, Dankook University Hospital, Cheonan, South Korea; Department of Pediatrics, Seoul National University Bundang Hospital, Seongnam, South Korea; ASRI, INMC, ISRC, and Institute of Engineering Research, Seoul National University, Seoul, South Korea; Department of Pediatrics, Seoul National University Bundang Hospital, Seongnam, South Korea; Pediatric Clinical Neuroscience Center, Seoul National University Children’s Hospital, Seoul, South Korea",IEEE Access,"31 Jul 2019","2019","7","","96495","96505","Sleep staging is an important part of clinical neurology. However, it is still performed manually by technical experts and is labor-intensive and time-consuming. To overcome these obstacles in the manual sleep staging process, a large number of machine learning-based classifiers with hand-engineered features have been proposed. Additionally, combinations of a deep neural network (DNN) have been recently highlighted as the state-of-the-art classifiers in view of their effectiveness for automatic sleep staging. In spite of the existence of a large number of these types of classifiers, to-this-date, no prior DNN-based approach has attempted sleep-stage classification using pediatric electroencephalographic (EEG) signals. In this paper, we propose a novel end-to-end classifier based on a multi-domain hybrid neural network (HNN-multi) approach consisting of a convolutional neural network and bidirectional long short-term memory for automatic sleep staging with pediatric scalp EEG recordings. To find effective temporal, spatial, and domain-specific conditions, we investigated noticeable changes in the classification performance corresponding to: 1) the length of input signals; 2) the number of channels; and 3) the types of input signals in the time and frequency domains. Our HNN-based classifier yielded the best performance metrics using 30-s time series in combination with an instantaneous frequency using a 19-channel, three-stage classification, with overall accuracy, F1 score, and Cohen’s Kappa, equal to 92.21%, 0.90, and 0.88, respectively. We suggest that an effective combination of temporal and spatial time-domain clues with time-varying frequency domain information plays a pivotal role in pediatric, automatic sleep staging. Sufficiently reasonable performance of our HNN-based approach coping with the highly complicated pediatric EEG signatures hopefully sheds light on the clinical feasibility of the DNN-based automatic sleep staging for pediatric neurology.","2169-3536","","10.1109/ACCESS.2019.2928129","Institute for Information and communications Technology Promotion; Korean Government [Ministry of Science and ICT (MSIT)] (Intelligent SW Technology Development for Medical Data Analysis)(grant numbers:2018-0-00861); Brain Korea 21 Plus Project in 2019; National Research Foundation of Korea; National Research Foundation of Korea(grant numbers:2018R1A2B3001628); Projects for Research and Development of Police Science and Technology through the Center for Research and Development of Police Science and Technology and the Korean National Police Agency; Ministry of Science, ICT and Future Planning(grant numbers:PA-C000001); Hyundai Motor Company; ","https://ieeexplore.ieee.org/stamp/stamp.jsp?arnumber=8759961","Automatic sleep staging;deep learning;convolutional neural network;long short-term memory;instantaneous frequency features;pediatric electroencephalography","Sleep;Electroencephalography;Feature extraction;Time-frequency analysis;Entropy;Biological neural networks","","24","","43","CCBY","11 Jul 2019","2019","","IEEE","IEEE Journals"
"ASTGSleep: Attention-Based Spatial–Temporal Graph Network for Sleep Staging","X. Chen; Y. Zhang; Q. Chen; L. Zhou; H. Chen; H. Wu; Y. Xu; K. Chen; B. Yin; W. Chen; C. Chen","Department of Biomedical Engineering, School of Information Science and Technology, Fudan University, Shanghai, China; Department of Biomedical Engineering, School of Information Science and Technology, Fudan University, Shanghai, China; Department of Biomedical Engineering, School of Information Science and Technology, Fudan University, Shanghai, China; Department of Biomedical Engineering, School of Information Science and Technology, Fudan University, Shanghai, China; Greater Bay Area Institute of Precision Medicine, Guangzhou, China; Department of Neurology, Changzheng Hospital, Naval Medical University of Chinese PLA, Shanghai, China; Department of Neurology, Changzheng Hospital, Naval Medical University of Chinese PLA, Shanghai, China; Department of Neurology, Changzheng Hospital, Naval Medical University of Chinese PLA, Shanghai, China; Greater Bay Area Institute of Precision Medicine, Guangzhou, China; School of Biomedical Engineering, The University of Sydney, Sydney, NSW, Australia; Center for Medical Research and Innovation, Shanghai Pudong Hospital, Human Phenome Institute, Fudan University, Shanghai, China",IEEE Transactions on Instrumentation and Measurement,"24 Mar 2025","2025","74","","1","14","Accurate sleep staging for patients with sleep disorders requires the integration of multiple channels and various signal modalities. While graph convolutional networks (GCNs) have significantly improved sleep staging accuracy by effectively processing complex data, current GCN-based methods often require a large number of signal channels and struggle to capture temporal correlations effectively. They are leading to a large limitation in the scope of graph network models in sleep staging. To address these challenges, we propose an attention-based spatial-temporal graph network for sleep staging, named ASTGSleep. ASTGSleep effectively addresses the temporal continuity of sleep data and overcomes limitations related to the number of channels by integrating the temporal graph construction and feature extraction module (TGFEM). TGFEM captures dynamic temporal features through temporal graph construction, complementing spatial features and enhancing sensitivity to sleep stage transitions. Moreover, the multidimensional fusion module (MDFM) optimizes and fuses these spatiotemporal features using a graph attention network (GAT), further improving accuracy and robustness in sleep staging. Experimental results demonstrate that ASTGSleep achieves competitive accuracy on datasets with different numbers of channels, such as MASS-SS3 with 26 channels (87.0%) and SleepEDF-20 with three channels (86.5%). Furthermore, its performance on sleep disorder datasets, including CAP (81.4%) and clinical REM Sleep Behavior Disorder from Changzheng Hospital (CZ-RBD) (82.7%), shows robust generalization and enhanced accuracy, making it a promising tool for automatic sleep staging in clinical diagnostics.","1557-9662","","10.1109/TIM.2025.3548733","Young Scientists Fund of the National Natural Science Foundation of China(grant numbers:82302343); ","https://ieeexplore.ieee.org/stamp/stamp.jsp?arnumber=10916483","Deep learning;graph attention;graph convolutional network (GCN);sleep disorders;sleep staging;spatiotemporal","Sleep;Feature extraction;Convolutional neural networks;Physiology;Brain modeling;Entropy;Medical diagnostic imaging","","6","","44","IEEE","6 Mar 2025","2025","","IEEE","IEEE Journals"
"Extracting Multi-Scale and Salient Features by MSE Based U-Structure and CBAM for Sleep Staging","Z. Liu; S. Luo; Y. Lu; Y. Zhang; L. Jiang; H. Xiao","School of Artificial Intelligence, Chongqing University of Technology, Chongqing, China; School of Artificial Intelligence, Chongqing University of Technology, Chongqing, China; School of Artificial Intelligence, Chongqing University of Technology, Chongqing, China; School of Artificial Intelligence, Chongqing University of Technology, Chongqing, China; School of Artificial Intelligence, Chongqing University of Technology, Chongqing, China; School of Artificial Intelligence, Chongqing University of Technology, Chongqing, China",IEEE Transactions on Neural Systems and Rehabilitation Engineering,"30 Jan 2023","2023","31","","31","38","According to the World Health Organization, more and more people in the world are suffering from somnipathy. Automatic sleep staging is critical for assessing sleep quality and assisting in the diagnosis of psychiatric and neurological disorders caused by somnipathy. Many researchers employ deep learning methods for sleep stage classification and have achieved high performance. However, there are still no effective methods to modeling intrinsic characteristics of salient wave in different sleep stages from physiological signals. And transition rules hidden in signals from one to another sleep stage cannot be identified and captured. In addition, class imbalance problem in dataset is not conducive to building a robust classification model. To solve these problems, we construct a deep neural network combining MSE(Multi-Scale Extraction) based U-structure and CBAM (Convolutional Block Attention Module) to extract the multi-scale salient waves from single-channel EEG signals. The U-structured convolutional network with MSE is utilized to extract multi-scale features from raw EEG signals. After that, the CBAM is used to focus more on salient variation and then learn transition rules between successive sleep stages. Further, a class adaptive weight cross entropy loss function is proposed to solve the class imbalance problem. Experiments in three public datasets show that our model greatly outperform the state-of-the-art results compared with existing methods. The overall accuracy and macro F1-score (Sleep-EDF-39: 90.3%-86.2, Sleep-EDF-153: 89.7%-85.2, SHHS: 86.8%-83.5) on three public datasets suggest that the proposed model is very promising to completely take place of human experts for sleep staging.","1558-0210","","10.1109/TNSRE.2022.3216111","Natural Science Foundation of Chongqing, China(grant numbers:cstc2021jcyjmsxmX0605); National Natural Science Foundation of China(grant numbers:61971078,61501070); Science and Technology Foundation of Chongqing Education Commission(grant numbers:KJQN202001137,CQUT20181124,2022CJZ042); ","https://ieeexplore.ieee.org/stamp/stamp.jsp?arnumber=9925192","Sleep stage classification;multi-scale extraction;convolutional block attention module;deep learning","Sleep;Feature extraction;Brain modeling;Electroencephalography;Convolution;Hidden Markov models;Standards","Humans;Electroencephalography;Sleep Stages;Sleep;Neural Networks, Computer","17","","30","CCBY","19 Oct 2022","2023","","IEEE","IEEE Journals"
"EEG-Based Cross-Dataset Driver Drowsiness Recognition With an Entropy Optimization Network","L. Yuan; S. Zhang; R. Li; Z. Zheng; J. Cui; M. Y. Siyal","School of Electrical and Electronic Engineering, Nanyang Technological University, Singapore; Zhejiang Lab, Hangzhou, China; School of Electrical and Electronic Engineering, Nanyang Technological University, Singapore; Zhejiang Lab, Hangzhou, China; Zhejiang Lab, Hangzhou, China; School of Electrical and Electronic Engineering, Nanyang Technological University, Singapore",IEEE Journal of Biomedical and Health Informatics,"6 Mar 2025","2025","29","3","1970","1981","Cross-dataset driver drowsiness recognition with EEG is important for the advancement of a calibration-free driver drowsiness recognition system. Nevertheless, this task is challenging due to the impact of distribution drift on recognition accuracy. In this paper, we propose a novel model named entropy optimization network (EON) for the task. The model takes a novel two-step strategy to separate the unlabeled data from the target domain. It firstly uses a novel modified entropy loss to encourage unlabeled samples well aligned with the source domain to form clear clusters. Next, it gradually separates samples from the target domain with a self-training framework by taking adequate advantage of underlying patterns inherent in it. The proposed method is tested on the domain adaptation task with two public datasets and achieves 2-class recognition accuracies of $\boldsymbol{89.2\%}$ and $\boldsymbol{77.6\%}$, which beats other baseline methods. Our work illuminates a promising direction in achieving the ultimate objective of developing a driver drowsiness recognition system without calibration.","2168-2208","","10.1109/JBHI.2024.3519730","STI2030-Major Projects(grant numbers:2021ZD0200201); National Natural Science Foundation of China(grant numbers:62327805,62201519,52307259); ","https://ieeexplore.ieee.org/stamp/stamp.jsp?arnumber=10806630","EEG;Unsupervised domain adaptation;cross-dataset;driver drowsiness;entropy minimization;self-training","Brain modeling;Electroencephalography;Entropy;Accuracy;Training;Adaptation models;Vehicles;Calibration;Semisupervised learning;Optimization","Humans;Electroencephalography;Entropy;Signal Processing, Computer-Assisted;Automobile Driving;Algorithms;Sleep Stages;Adult;Male;Female;Young Adult","3","","40","IEEE","18 Dec 2024","March 2025","","IEEE","IEEE Journals"
"Design of Autoencoder Algorithm for Compression of Lightweight EEG Signals Based on 2-D Rhythm Feature Maps","P. Ma; C. Yao; J. Shi; G. Zhao; M. Ma","School of Microelectronics, Xidian University, Xi'an, China; School of Microelectronics, Xidian University, Xi'an, China; School of Microelectronics, Xidian University, Xi'an, China; School of Microelectronics, Xidian University, Xi'an, China; School of Microelectronics, Xidian University, Xi'an, China",IEEE Sensors Letters,"6 Mar 2025","2025","9","3","1","4","In recent years, with the development of brain science, the value of electroencephalography (EEG) data has become prominent. However, due to the characteristics of real-time transmission and large amounts of data, there is an urgent need for efficient and lightweight EEG compression algorithms. The existing EEG compression methods have many shortcomings, such as limited compression ratio (CR), poor reconstruction signal quality, and too large model scale, which cannot meet the developmental needs of portable wearable EEG detection devices. In this letter, a method of EEG signal compression based on 2-D rhythm feature maps is proposed. Through discrete wavelet transformation (DWT) extraction of the signal rhythm characteristics, the signal is compressed and reconstructed using encoding and reconstruction channels based on an autoencoder network. At the output end of the encoding channel, entropy coding is carried out to further compress the data volume. Through the discussion of several coding algorithms, JPEG2000 is selected as the local optimal coding algorithm. In addition, based on the idea of grouping convolution and void convolution kernel, a lightweight structure is designed to simplify the process of the proposed network and greatly reduce the number of model parameters. Experiments show that, compared with other similar algorithms, the percentage-root-mean-square distortion and mean squared error (MSE) of the proposed algorithm are 14.76% and 2.95%, respectively, at a relatively high CR (CR is about 16). And only 87.9-k parameters are used, which is more suitable for embedded scenarios and wearable devices.","2475-1472","","10.1109/LSENS.2025.3541231","","https://ieeexplore.ieee.org/stamp/stamp.jsp?arnumber=10884030","Sensor signal processing;2-D rhythm profile;autoencoder;electroencephalography (EEG);JPEG2000;lightweight;signal compression","Convolutional neural networks;Electroencephalography;Feature extraction;Transform coding;Rhythm;Autoencoders;Brain modeling;Sleep;Signal processing algorithms;Sensors;Signal processing","","1","","14","IEEE","13 Feb 2025","March 2025","","IEEE","IEEE Journals"
"Physiological Network of Emotion","Y. Feng; S. Liu; X. Peng; S. Huang; J. T. Amos; D. Yao; P. A. Valdes-Sosa; P. Ren","Clinical Hospital of Chengdu Brain Science Institute, China-Cuba Belt and Road Joint Laboratory on Neurotechnology and Brain-Apparatus Communication and MOE Key Laboratory for Neuroinformation, School of Life Science and Technology, University of Electronic Science and Technology of China, Chengdu, China; School of Biological Science and Medical Engineering, Beihang University, Beijing, China; Clinical Hospital of Chengdu Brain Science Institute, China-Cuba Belt and Road Joint Laboratory on Neurotechnology and Brain-Apparatus Communication and MOE Key Laboratory for Neuroinformation, School of Life Science and Technology, University of Electronic Science and Technology of China, Chengdu, China; Clinical Hospital of Chengdu Brain Science Institute, China-Cuba Belt and Road Joint Laboratory on Neurotechnology and Brain-Apparatus Communication and MOE Key Laboratory for Neuroinformation, School of Life Science and Technology, University of Electronic Science and Technology of China, Chengdu, China; Clinical Hospital of Chengdu Brain Science Institute, China-Cuba Belt and Road Joint Laboratory on Neurotechnology and Brain-Apparatus Communication and MOE Key Laboratory for Neuroinformation, School of Life Science and Technology, University of Electronic Science and Technology of China, Chengdu, China; Clinical Hospital of Chengdu Brain Science Institute, China-Cuba Belt and Road Joint Laboratory on Neurotechnology and Brain-Apparatus Communication and MOE Key Laboratory for Neuroinformation, School of Life Science and Technology, University of Electronic Science and Technology of China, Chengdu, China; Clinical Hospital of Chengdu Brain Science Institute, China-Cuba Belt and Road Joint Laboratory on Neurotechnology and Brain-Apparatus Communication and MOE Key Laboratory for Neuroinformation, School of Life Science and Technology, University of Electronic Science and Technology of China, Chengdu, China; Clinical Hospital of Chengdu Brain Science Institute, China-Cuba Belt and Road Joint Laboratory on Neurotechnology and Brain-Apparatus Communication and MOE Key Laboratory for Neuroinformation, School of Life Science and Technology, University of Electronic Science and Technology of China, Chengdu, China",IEEE Transactions on Affective Computing,"1 Jun 2026","2026","17","2","1636","1651","Previous studies have shown that emotions elicit responses in various physiological systems that underlie emotional experience. However, these studies have focused almost solely on how emotions alter the activity of individual physiological systems. Moreover, recent research has highlighted that the human organism is an integrated entity, wherein physiological systems constantly interact to form a dynamic network. Therefore, in this study, we attempted to evaluate whether the physiological network changes with different emotions. We employed multivariate transfer entropy to assess the interaction between six types of emotion-related physiological signals and subsequently constructed physiological networks across forty emotional trials. Additionally, topological parameters were applied to each physiological network to quantify its overall structure. The results revealed that emotion has a significant impact on the topology of physiological networks, indicating the integrated behavior of physiological systems in response to emotion at the macro-scale level. Furthermore, different physiological systems may play diverse roles within the physiological network. In summary, we propose a system-level integrative approach, referred to as the physiological network, to study the physiological responses to emotion. This not only contributes to a deeper understanding of emotional mechanisms but also demonstrates potential for disease research and engineering applications.","1949-3045","","10.1109/TAFFC.2026.3663362","National Key Research and Development Program of China(grant numbers:2024YFE0215100); Major Scientific Research Project of the Ministry of Science and Technology(grant numbers:2022ZD0208500); National Natural Science Foundation of China(grant numbers:62171109,82121003,81871446); Sichuan Provincial Science and Technology Project(grant numbers:2024JDHJ0064); Chengdu Science&Technology Bureau Program(grant numbers:2022-GH02-00042-HZ); ","https://ieeexplore.ieee.org/stamp/stamp.jsp?arnumber=11389131","Emotion analysis;network topology;physiological network;physiological signals;multivariate transfer entropy","Physiology;Electroencephalography;Entropy;Affective computing;Skin;Network topology;Vectors;Temperature measurement;Heart rate;Electromyography","","","","98","IEEE","10 Feb 2026","April-June 2026","","IEEE","IEEE Journals"
"A Review on EEG-Based Automatic Sleepiness Detection Systems for Driver","R. P. Balandong; R. F. Ahmad; M. N. Mohamad Saad; A. S. Malik","Center for Intelligent Signal and Imaging Research, Universiti Teknologi PETRONAS, Seri Iskandar, Malaysia; Center for Intelligent Signal and Imaging Research, Universiti Teknologi PETRONAS, Seri Iskandar, Malaysia; Center for Intelligent Signal and Imaging Research, Universiti Teknologi PETRONAS, Seri Iskandar, Malaysia; Center for Intelligent Signal and Imaging Research, Universiti Teknologi PETRONAS, Seri Iskandar, Malaysia",IEEE Access,"15 May 2018","2018","6","","22908","22919","Electroencephalography-based sleepiness detection system (ESDS) is a brain-computer interface that evaluates a driver's sleepiness level directly from cerebral activity. The goals of ESDS research are to estimate and produce a timely warning to prevent declines in performance efficiency and to inhibit sleepiness-related accidents. We first, review different types of measures used in sleepiness detection systems (SDSs) and presents their advantages and drawbacks. Second, the review includes several techniques proposed in ESDSs to optimize the number of EEG electrodes, increasing the sleepiness level resolution and incorporation of circadian information. Finally, the review discusses future direction that can be considered in the development of ESDS.","2169-3536","","10.1109/ACCESS.2018.2811723","Ministry of Education Malaysia under the Higher Institution Centre of Excellence Scheme; ","https://ieeexplore.ieee.org/stamp/stamp.jsp?arnumber=8306377","Sleepiness;fatigue;countermeasure;accident prevention;alertness monitoring;classification;electroencephalography;multimodal approach;brain-computer interface;multi-modal approach;homeostasis;circadian","Sleep;Electroencephalography;Electrodes;Electrostatic discharges;Vehicles;Fatigue;Energy measurement","","119","","141","CCBY","5 Mar 2018","2018","","IEEE","IEEE Journals"
"Cumulative Diversity Pattern Entropy (CDEn): A High-Performance, Almost-Parameter-Free Complexity Estimator for Nonstationary Time Series","Y. Wang; M. Liu; Y. Guo; F. Shu; C. Chen; W. Chen","School of Information Science and Technology, Fudan University, Shanghai, China; School of Information Science and Technology, Fudan University, Shanghai, China; School of Information Science and Technology, Fudan University, Shanghai, China; Academy for Engineering and Technology, Fudan University, Shanghai, China; Human Phenome Institute, Fudan University, Shanghai, China; School of Information Science and Technology, Fudan University, Shanghai, China",IEEE Transactions on Industrial Informatics,"24 Jul 2023","2023","19","9","9642","9653","Tedious parameter settings and poor performances seriously affect the entropy estimation's effectiveness in time series analysis. To solve these limits, we propose a conceptually novel definition, cumulative diversity pattern entropy (CDEn), focusing on eliminating parameter selections and improving quantization accuracy, stability, and robustness. The CDEn algorithm consists of three steps: 1) improved phase-space reconstruction (IPSR) with constant embedding dimension $m= 2$ and time delay $\tau =1$; 2) diversity pattern partition generated by the cosine similarity between adjacent vectors; and 3) entropy calculation based on the normalized cumulative probability distribution. Numerical experiments are performed using 7 synthetic datasets and 15 baseline entropy methods for comparative validation. The results confirm CDEn's best description of chaotic/stochastic dynamics with the highest quantization accuracy and the lowest error rate of 2.04%. The coefficient of variation (CV) results also verify CDEn's excellent quantization stability with CV lower than 10−2. The relative change rate results demonstrate that CDEn achieves the best robustness to data length and noise. Finally, the entropy algorithms are applied to a real-world dataset, i.e., neonatal sleep EEG analysis. The results further confirm that suggested CDEn outperforms the state-of-the-art entropy methods, with the minimum outliers and best statistical significance (highest mean of effect size, 1.22) in characterizing the neurodynamics of different sleep stages.","1941-0050","","10.1109/TII.2022.3233652","Shanghai Municipal Science and Technology Major Project(grant numbers:2017SHZDZX01); National Natural Science Foundation of China(grant numbers:62001118); Shanghai Municipal Science and Technology International R&D Collaboration Project(grant numbers:20510710500); ","https://ieeexplore.ieee.org/stamp/stamp.jsp?arnumber=10005009","Diversity pattern;neonatal sleep EEG;normalized cumulative probability distribution;phase-space reconstruction (PSR);quantization accuracy;robustness","Entropy;Estimation;Complexity theory;Delays;Quantization (signal);Diversity reception;Time series analysis","","13","","35","IEEE","2 Jan 2023","Sept. 2023","","IEEE","IEEE Journals"
"Applications of Higher Order Statistics in Electroencephalography Signal Processing: A Comprehensive Survey","S. A. Khoshnevis; R. Sankar","Electrical Engineering Department, University of South Florida, Tampa, USA; Electrical Engineering Department, University of South Florida, Tampa, USA",IEEE Reviews in Biomedical Engineering,"20 Jan 2020","2020","13","","169","183","Electroencephalography (EEG) is a noninvasive electrophysiological monitoring technique that records the electrical activities of the brain from the scalp using electrodes. EEG is not only an essential tool for diagnosing diseases and disorders affecting the brain, but also helps us to achieve a better understanding of brain's activities and structures. EEG recordings are weak, nonlinear, and nonstationary signals that contain various noise and artifacts. Therefore, for analyzing them, advanced signal processing techniques are required. Second order statistical features are usually sufficient for analyzing most basic signals. However, higher order statistical features possess characteristics that are missing in the second order; characteristics that can be highly beneficial for analysis of more complex signals, such as EEG. The primary goal of this article is to provide a comprehensive survey of the applications of higher order statistics or spectra (HOS) in EEG signal processing. Therefore, we start the survey with a summary of previous studies in EEG analysis followed by a brief mathematical description of HOS. Then, HOS related features and their applications in EEG analysis are presented. These applications are then grouped into three categories, each of which are further explored thoroughly with examples of prior studies. Finally, we provide some specific recommendations based on the literature survey and discuss possible future directions of this field.","1941-1189","","10.1109/RBME.2019.2951328","","https://ieeexplore.ieee.org/stamp/stamp.jsp?arnumber=8890929","Electroencephalography (EEG);Higher Order Statistics/Spectra (HOS);Kurtosis (K);Bispectrum (B);Wavelet Transform;Independent Component Analysis (ICA)","Electroencephalography;Feature extraction;Electrodes;Neurons;Signal analysis;Time-domain analysis","Brain;Electroencephalography;Humans;Models, Statistical;Signal Processing, Computer-Assisted;Wavelet Analysis","43","","109","IEEE","4 Nov 2019","2020","","IEEE","IEEE Journals"
"Testing the Significance of Connectivity Networks: Comparison of Different Assessing Procedures","J. Toppi; D. Mattia; M. Risetti; R. Formisano; F. Babiloni; L. Astolfi","IRCCS Fondazione, Santa Lucia; IRCCS Fondazione, Santa Lucia; IRCCS Fondazione, Santa Lucia; IRCCS Fondazione, Santa Lucia; IRCCS Fondazione, Santa Lucia; IRCCS, Fondazione Santa Lucia, Rome, Italy",IEEE Transactions on Biomedical Engineering,"21 Nov 2016","2016","63","12","2461","2473","Despite the well-established use of partial directed coherence (PDC) to estimate interactions between brain signals, the assessment of its statistical significance still remains controversial. Commonly used approaches are based on the generation of empirical distributions of the null case, implying a considerable computational time, which may become a serious limitation in practical applications. Recently, rigorous asymptotic distributions for PDC were proposed. The aim of this work is to compare the performances of the asymptotic statistics with those of an empirical approach, in terms of both accuracy and computational time. Methods: Indices of performance were derived for the two approaches by a simulation study implementing different ground-truth networks under different levels of signal-to-noise ratio and amount of data available for the estimate. The two approaches were then applied to the resting-state EEG data acquired in a group of minimally conscious state and vegetative state/unresponsive wakefulness syndrome patients. Results: The performances of the asymptotic statistics in simulations matched those obtained by the empirical approach, with a considerable reduction of the computational time. Results of the application to real data showed that the asymptotic statistics led to the extraction of connectivity-based indices able to discriminate patients in different disorders of consciousness conditions and to correlate significantly with clinical scales. Such results were similar to those obtained by the empirical assessment, but with a considerable time economy. Significance: Asymptotic statistics provide an approach to the assessment of PDC significance with comparable performances with respect to the previously used empirical approaches but with a substantial advantage in terms of computational time.","1558-2531","","10.1109/TBME.2016.2621668","Italian Ministry of Education, University and Research, project FIRB—Futuro in Ricerca 2013(grant numbers:RBFR136E24); European ICT Program FP7-ICT-2009-4(grant numbers:247919); University of Rome Sapienza; ","https://ieeexplore.ieee.org/stamp/stamp.jsp?arnumber=7707367","Asymptotic statistics;causal Fourier transform (FT) shuffling;connectivity;disorders of consciousness (DoC);partial directed coherence (PDC)","Electroencephalography;Computational modeling;Mathematical model;Brain modeling;Coherence;Data models;Signal to noise ratio","Adult;Aged;Algorithms;Brain;Brain Injuries, Traumatic;Electroencephalography;Female;Humans;Male;Middle Aged;Models, Neurological;Neural Pathways;Signal Processing, Computer-Assisted;Signal-To-Noise Ratio;Stroke","38","","48","IEEE","26 Oct 2016","Dec. 2016","","IEEE","IEEE Journals"
"Information-Theoretic Analysis of EEG Wave Amplitude and Heart Rate Variability Reveals the Time Scale-Dependent Nature of Brain–Heart Interactions","V. R. Vergara; C. Barà; A. Zaccaro; F. Ferri; F. Jurysta; L. Faes; Y. Antonacci","Department of Engineering, University of Palermo, Palermo, Italy; Department of Engineering, University of Palermo, Palermo, Italy; Department of Neuroscience, Imaging and Clinical Sciences, “G. d'Annunzio” University of Chieti-Pescara, Chieti, Italy; Department of Neuroscience, Imaging and Clinical Sciences, “G. d'Annunzio” University of Chieti-Pescara, Chieti, Italy; Doctor Fabrice Jurysta Medical Centers, Brussels, Belgium; Department of Engineering, University of Palermo, Palermo, Italy; Department of Engineering, University of Palermo, Palermo, Italy",IEEE Open Journal of Engineering in Medicine and Biology,"7 Aug 2025","2025","6","","499","506","Goal: Brain-heart interactions have been linked to physiological and pathological states and are typically studied through the use of electroencephalographic (EEG) signal and heart rate variability (HRV) time series. However, there are still major challenges to overcome, particularly in establishing a robust methodology to assess these complex multi-scale interactions and to extract meaningful information. To this end, we explore the time scale-dependent nature of brain-heart interactions by exploiting information-theoretic measures. Methods: We analyze cardiac vagal activity and EEG brain wave amplitudes at two time scales—heart rhythm ($\sim$1 s) and longer ($\sim$1 min)—in two groups of healthy subjects monitored during wakefulness and sleep, respectively. Different entropy-based measures are then employed to evaluate the regularity of each system's dynamics, as well as their static and dynamic coupling. Results: Different time-scales are involved in different physiological coupling mechanisms. While overall coupling strength values are low, longer time-scales show a stronger presence of coupling in terms of statistically validated brain-heart connections compared to shorter time-scales. Conclusions: This study shows that the presence and the strength of brain-heart interactions are highly dependent on the time-scale, which in turn is affected by the underlying physiological processes.","2644-1276","","10.1109/OJEMB.2025.3590598","SiciliAn MicronanOTecH Research And Innovation Center(grant numbers:ECS_00000022); Micro and Nanotechnologies for Smart & Sustainable Communities; An Information-Theoretic Framework” funded by MUR(grant numbers:CUP B53D23003020006); EUROSTART 2021 research project; ","https://ieeexplore.ieee.org/stamp/stamp.jsp?arnumber=11083748","Brain-heart axis;EEG;heart rate variability;information theory;network physiology","Electroencephalography;Time series analysis;Electrocardiography;Heart rate variability;Entropy;Couplings;Information theory;Biomedical monitoring;Time measurement","","2","","50","CCBY","18 Jul 2025","2025","","IEEE","IEEE Journals"
"Temporal–Spectral–Spatial Multidimensional Feature Fusion-Based Heterogeneous Graph Adaptive Neural Network for Sleep Stage Classification","H. Zhang; Q. Li; W. Zhao; Y. Wu","School of Computer Science and Technology, Changchun University of Science and Technology, Changchun, China; School of Computer Science and Technology, Changchun University of Science and Technology, Changchun, China; School of Computer Science and Technology, Changchun University of Science and Technology, Changchun, China; School of Computer Science and Technology, Changchun University of Science and Technology, Changchun, China",IEEE Sensors Journal,"31 Oct 2025","2025","25","21","40793","40805","Sleep stage classification is essential for diagnosing sleep disorders and assessing sleep quality. However, achieving accurate classification remains a challenge because of the non-Euclidean spatial distribution of electroencephalography (EEG) electrodes. Existing methods often focus on a single dimension (e.g., the temporal, spectral, or spatial domain) or at most two dimensions of EEG signals, failing to fully capture their temporal–spectral–spatial multidimensional features and dynamic correlations. In addition, the heterogeneity of and complex interactions between brain regions, as well as individual variability, further hinder robust classification. To tackle this challenge, this article presents a new heterogeneous graph adaptive neural network (THSSleepNet), which employs temporal–spectral–spatial multidimensional feature fusion. The network represents EEG signals as a heterogeneous graph sequence structure, incorporating the characteristics of their temporal–spatial and spectral–spatial correlations. THSSleepNet comprises two branches, temporal–spatial streams and spectral–spatial streams, enabling comprehensive feature extraction across the temporal, spectral, and spatial dimensions. The model incorporates local and global temporal–spatial and spectral–spatial heterogeneity of brain regions using the dynamic multiscale path generation module (DMPGM). In addition, the graph attention module captures intricate interactions among brain regions, while the temporal/spectral adaptive module adaptively accounts for cross-scale dynamic context dependence across temporal–spectral dimensions. Subsequently, a hierarchical feature pyramid fusion (HFPF) module is employed to fuse temporal–spectral–spatial features of EEG signals. In addition, a domain adversarial learning mechanism mitigates the effect of individual variability on classification performance. The experimental results indicate that THSSleepNet surpasses current methods on the publicly available datasets, demonstrating its great potential for use in sensor-based EEG signal analysis and sleep monitoring.","1558-1748","","10.1109/JSEN.2025.3608900","Science and Technology Development Plan Project of Jilin Province, China(grant numbers:20240101344JC,20230203098SF); Zhongshan Social Welfare and Basic Research Project, China(grant numbers:2023B2015); ","https://ieeexplore.ieee.org/stamp/stamp.jsp?arnumber=11169407","Brain heterogeneity;electroencephalogram;individual differences;sleep stage classification;temporal–spectral–spatial","Sleep;Electroencephalography;Brain modeling;Feature extraction;Adaptation models;Correlation;Intelligent sensors;Adaptive systems;Mutual information;Learning systems","","","","37","IEEE","18 Sep 2025","1 Nov.1, 2025","","IEEE","IEEE Journals"
"EEG-Based Driver Fatigue Detection Using FAWT and Multiboosting Approaches","A. Subasi; A. Saikia; K. Bagedo; A. Singh; A. Hazarika","Institute of Biomedicine, Faculty of Medicine, University of Turku, Turku, Finland; Department of Physics, Cotton University, Guwahati, India; Department of Computer Science, Effat University, Jeddah, Saudi Arabia; Department of Electronics and Communication Engineering, Tezpur University, Tezpur, India; Department of Physics, Cotton University, Guwahati, India",IEEE Transactions on Industrial Informatics,"13 Jul 2022","2022","18","10","6602","6609","Globally, 14%–20% of road accidents are mainly due to driver fatigue, the causes of which are instance sickness, travelling for long distance, boredom as a result of driving along the same route consistently, lack of enough sleep, etc. This article presents a flexible analytic wavelet transform (FAWT)-based advanced machine learning method using single modality neurophysiological brain electroencephalogram signals to detect the driver fatigues (i.e., FATIGUE and REST) and to alarm the driver at the earliest to prevent the risks during driving. First, signals of undertaking study groups are subjected to the FAWT that separates the signals into LP and HP channels. Subsequently, relevant subband frequency components with proper setting of tuning parameters are extracted. Then, comprehensive low order features which are statistically significant for $p< 0.05$, are evaluated from the input subband searched space and embedded them to various ensemble methods under multiboost strategy. Results are evaluated in terms of various parameters including accuracy, F-score, AUC, and $\kappa$. Results show that the proposed approach is promising in classification and it achieves optimum individual accuracies of 97.10% and 97.90% in categorizing FATIGUE and REST states with F-score of 97.50%, AUC of 0.975, and $\kappa$ of 0.950. Comparison of the proposed method with the prior methods in the context of feature, accuracy, and modality profiles undertaken, indicates the effectiveness and reliability of the proposed method for real-world applications.","1941-0050","","10.1109/TII.2022.3167470","","https://ieeexplore.ieee.org/stamp/stamp.jsp?arnumber=9757838","Driver fatigue;electroencephalograph (EEG);flexible analytic wavelet transform (FAWT);multiboosting","Fatigue;Electroencephalography;Feature extraction;Vehicles;Entropy;Brain modeling;Support vector machines","","96","","37","IEEE","14 Apr 2022","Oct. 2022","","IEEE","IEEE Journals"
"Wavelet Based Waveform Distortion Measures for Assessment of Denoised EEG Quality With Reference to Noise-Free EEG Signal","M. Saini; U. Satija; M. D. Upadhayay","Department of Electrical Engineering, Shiv Nadar University, Greater Noida, India; Department of Electrical Engineering, Indian Institute of Technology Patna, Bihar, India; Department of Electrical Engineering, Shiv Nadar University, Greater Noida, India",IEEE Signal Processing Letters,"31 Jul 2020","2020","27","","1260","1264","An objective distortion measure is very crucial to accurately quantify the distortion introduced in the electroencephalogram (EEG) signal during the denoising process. Most of the existing algorithms report their denoising performance by comparing the original EEG signal and the reconstructed EEG signal using root mean square error (RMSE) and other similar measures. However, it is very important to quantify the distortion in each band of EEG signal since each band provides distinct information about the specific brain activity. Furthermore, quantification of band-wise distortion enables the selection of particular denoising algorithm for the application-specific EEG signal analysis. Therefore, in this paper, we propose two robust distortion measures such as weighted signal to noise ratio (WSNR) and weighted correlation coefficient (WCC) for accurately representing the objective reconstruction loss in each band. These performance measures are computed between the wavelet subbands of the original and the denoised/reconstructed signal with weights equal to the relative wavelet energy and wavelet entropy of the corresponding subband wavelet coefficients. To demonstrate the effectiveness of the proposed performance measures, we evaluate the performance of six existing denoising methods using these measures. Results depict that these measures can adequately provide high mutual agreement between objective scores and subjective analysis.","1558-2361","","10.1109/LSP.2020.3006417","","https://ieeexplore.ieee.org/stamp/stamp.jsp?arnumber=9133280","Electroencephalogram (EEG);distortion measures;wavelet subband energy;wavelet entropy","Task analysis;Workstations;Stochastic processes;Programming;Uncertainty;Approximation methods;Reactive power","","38","","29","IEEE","3 Jul 2020","2020","","IEEE","IEEE Journals"
"VMD-RiM: Rician Modeling of Temporal Feature Variation Extracted From Variational Mode Decomposed EEG Signal for Automatic Sleep Apnea Detection","A. Bhattacharjee; S. A. Fattah; W. -P. Zhu; M. O. Ahmad","Electrical and Electronic Engineering Department, Bangladesh University of Engineering and Technology, Dhaka, Bangladesh; Electrical and Electronic Engineering Department, Bangladesh University of Engineering and Technology, Dhaka, Bangladesh; Department of ECE, Concordia University, Montréal, QC, Canada; Department of ECE, Concordia University, Montréal, QC, Canada",IEEE Access,"23 Dec 2018","2018","6","","77440","77453","Electroencephalogram (EEG) is getting special attention of late in the detection of sleep apnea as it is directly related to the neural activity. But apnea detection through visual monitoring of EEG signal by an expert is expensive, difficult, and susceptible to human error. To counter this problem, an automatic apnea detection scheme is proposed in this paper using a single lead EEG signal, which can differentiate apnea patients and healthy subjects and also classify apnea and non-apnea frames in the data of an apnea patient. Each sub-frame of a given frame of EEG data is first decomposed into band-limited intrinsic mode functions (BLIMFs) by using the variational mode decomposition (VMD). The advantage of using VMD is to obtain compact BLIMFs with adaptive center frequencies, which give an opportunity to capture the local information corresponding to varying neural activity. Furthermore, by extracting features from each BLIMF, a temporal within-frame feature variation pattern is obtained for each mode. We propose to fit the resulting pattern with the Rician model (RiM) and utilize the fitted model parameters as features. The use of such VMD-RiM features not only offers better feature quality but also ensures very low feature dimension. In order to evaluate the performance of the proposed method, K nearest neighbor classifier is used and various cross-validation schemes are carried out. Detailed experimentation is carried out on several apnea and healthy subjects of various apnea-hypopnea indices from three publicly available datasets and it is found that the proposed method achieves superior classification performances in comparison to those obtained by the existing methods, in terms of sensitivity, specificity, and accuracy.","2169-3536","","10.1109/ACCESS.2018.2883062","","https://ieeexplore.ieee.org/stamp/stamp.jsp?arnumber=8571169","EEG signal;entropy;goodness of feature;KNN classifier;model fitting;Rician model;sleep apnea;sub-framing;variational mode decomposition","Electroencephalography;Feature extraction;Brain modeling;Sleep apnea;Neural activity;Adaptation models","","18","","36","OAPA","9 Dec 2018","2018","","IEEE","IEEE Journals"
"Quantification of Brain Macrostates Using Dynamical Nonstationarity of Physiological Time Series","C. -F. V. Latchoumane; J. Jeong","Bio and Brain Engineering Department, Korea Advanced Institute of Science and Technology, Daejeon, South Korea; Bio and Brain Engineering Department, Korea Advanced Institute of Science and Technology, Daejeon, South Korea",IEEE Transactions on Biomedical Engineering,"17 Mar 2011","2011","58","4","1084","1093","The brain shows complex, nonstationarity temporal dynamics, with abrupt micro- and macrostate transitions during its information processing. Detecting and characterizing these transitions in dynamical states of the brain is a critical issue in the field of neuroscience and psychiatry. In the current study, a novel method is proposed to quantify brain macrostates (e.g., sleep stages or cognitive states) from shifts of dynamical microstates or dynamical nonstationarity. A ""dynamical microstate"" is a temporal unit of the information processing in the brain with fixed dynamical parameters and specific spatial distribution. In this proposed approach, a phase-space-based dynamical dissimilarity map (DDM) is used to detect transitions between dynamically stationary microstates in the time series, and Tsallis time-dependent entropy is applied to quantify dynamical patterns of transitions in the DDM. We demonstrate that the DDM successfully detects transitions between microstates of different temporal dynamics in the simulated physiological time series against high levels of noise. Based on the assumption of nonlinear, deterministic brain dynamics, we also demonstrate that dynamical nonstationarity analysis is useful to quantify brain macrostates (sleep stages I, II, III, IV, and rapid eye movement (REM) sleep) from sleep EEGs with an overall accuracy of 77%. We suggest that dynamical nonstationarity is a useful tool to quantify macroscopic mental states (statistical integration) of the brain using dynamical transitions at the microscopic scale in physiological data.","1558-2531","","10.1109/TBME.2009.2034840","","https://ieeexplore.ieee.org/stamp/stamp.jsp?arnumber=5306139","Brain dynamics;dissimilarity map;dynamical nonstationarity;EEG;microstates and macrostates","Sleep;Distributed decision making;Information processing;Neuroscience;Psychiatry;Phase detection;Entropy;Brain modeling;Noise level;Electroencephalography","Algorithms;Animals;Brain;Computer Simulation;Humans;Models, Neurological;Models, Statistical;Nerve Net;Wakefulness","16","","57","IEEE","30 Oct 2009","April 2011","","IEEE","IEEE Journals"
"Words without Mind","N. Schiff; U. Ribary; F. Plum; R. Llinás",Weill Medical College of Cornell University; New York University Medical Center; Weill Medical College of Cornell University; New York University Medical Center,Journal of Cognitive Neuroscience,"19 May 2014","1999","11","6","650","656","A woman (LR), unconscious for 20 years, spontaneously produces infrequent, isolated words unrelated to any environmental context. Fluorodeoxy-glucose-positron emission tomography (FDG-PET) imaging coregistered with magnetic resonance imaging (MRI) revealed a mean brain metabolism equivalent to deep anesthesia. Nevertheless, PET imaging demonstrated islands of modestly higher metabolism that included Broca's and Wernicke's areas. Functional brain imaging with magnetoencephalographic (MEG) imaging, a technique providing a temporal resolution of better than 1 msec, identified preserved dynamic patterns of spontaneous and evoked brain activity in response to sensory stimulation. Specifically, we examined spontaneous gamma-band activity (near 40 Hz) and its reset or modification during early auditory processing, a measure that correlates with human perception of sensory stimuli (Joliot, Ribary, & Llinás, 1994). Evidence of abnormal and incomplete gamma-band responses appeared in the left hemisphere only in response to auditory or somatosensory stimulation. MEG single-dipole reconstructions localized to the auditory cortex in the left hemisphere and overlapped with metabolically active regions identified by FDG-PET. The observation demonstrates that isolated neuronal groups may express well-defined fragments of activity in a severely damaged, unconscious brain. The motor fixed-action pattern character of her expressed words supports the notion of brain modularity in word generation.","0898-929X","","10.1162/089892999563715","","https://ieeexplore.ieee.org/stamp/stamp.jsp?arnumber=6787847","","","","","","","","19 May 2014","Nov. 1999","","MIT Press","MIT Press Journals"
"SleepTransformer: Automatic Sleep Staging With Interpretability and Uncertainty Quantification","H. Phan; K. Mikkelsen; O. Y. Chén; P. Koch; A. Mertins; M. De Vos","School of Electronic Engineering and Computer Science, Queen Mary University of London, London, U.K.; Department of Electrical and Computer Engineering, Aarhus University, Denmark; School of Economics, Finance and Management, University of Bristol, U.K.; Institute for Signal Processing, University of Lübeck, Germany; Institute for Signal Processing, University of Lübeck, Germany; Department of Electrical Engineering and with the Department of Development and Regeneration, KU Leuven, Belgium",IEEE Transactions on Biomedical Engineering,"18 Jul 2022","2022","69","8","2456","2467","Background: Black-box skepticism is one of the main hindrances impeding deep-learning-based automatic sleep scoring from being used in clinical environments. Methods: Towards interpretability, this work proposes a sequence-to-sequence sleep-staging model, namely SleepTransformer. It is based on the transformer backbone and offers interpretability of the model's decisions at both the epoch and sequence level. We further propose a simple yet efficient method to quantify uncertainty in the model's decisions. The method, which is based on entropy, can serve as a metric for deferring low-confidence epochs to a human expert for further inspection. Results: Making sense of the transformer's self-attention scores for interpretability, at the epoch level, the attention scores are encoded as a heat map to highlight sleep-relevant features captured from the input EEG signal. At the sequence level, the attention scores are visualized as the influence of different neighboring epochs in an input sequence (i.e. the context) to recognition of a target epoch, mimicking the way manual scoring is done by human experts. Conclusion: Additionally, we demonstrate that SleepTransformer performs on par with existing methods on two databases of different sizes. Significance: Equipped with interpretability and the ability of uncertainty quantification, SleepTransformer holds promise for being integrated into clinical settings.","1558-2531","","10.1109/TBME.2022.3147187","Vlaamse regering; Leuven.AI–KU Leuven institute for AI; Turing Fellowship; Engineering and Physical Sciences Research Council(grant numbers:EP/N510129/1); ","https://ieeexplore.ieee.org/stamp/stamp.jsp?arnumber=9697331","Automatic sleep staging;deep neural network;interpretability;sequence-to-sequence;transformer;uncertainty estimation","Sleep;Transformers;Brain modeling;Uncertainty;Databases;Task analysis;Electroencephalography","Electroencephalography;Humans;Polysomnography;Sleep;Sleep Stages;Uncertainty","284","","54","IEEE","31 Jan 2022","Aug. 2022","","IEEE","IEEE Journals"
"Wavelet-Based EEG Processing for Epilepsy Detection Using Fuzzy Entropy and Associative Petri Net","H. -S. Chiang; M. -Y. Chen; Y. -J. Huang","Department of Information Management, National Taichung University of Science and Technology, Taichung, Taiwan; Department of Information Management, National Taichung University of Science and Technology, Taichung, Taiwan; Department of Information Management, National Taichung University of Science and Technology, Taichung, Taiwan",IEEE Access,"7 Aug 2019","2019","7","","103255","103262","Epilepsy is a common neurological disease that can cause seizures and loss of consciousness and can have a severe negative impact on long-term cognitive function. Reducing the severity of impact requires early diagnosis and treatment. Epilepsy is traditionally diagnosed using electroencephalography (EEG) performed by trained physicians or technicians but this process is time-consuming and prone to interference, which can negatively impact accuracy. This paper develops a model for epilepsy diagnosis using discrete wavelet transform to analyze sub-bands within the EEG parameter and select EEG characteristics for epilepsy detection. The minimize entropy principle approach is used to build fuzzy membership functions of the characteristics of each brain wave and are then used as the basis for the construction of an associative Petri net model. Using our APN model, the associative Petri net approach provides diagnosis accuracy rates of 93.8%, outperforming similar approaches using decision tree, support vector machine, neural network, Bayes net, naïve Bayes, and tree augmented naïve Bayes. Thus, the proposed approach shows promise for fast, accurate, and objective diagnosis of epilepsy in clinical settings.","2169-3536","","10.1109/ACCESS.2019.2929266","Ministry of Science and Technology(grant numbers:MOST 107-2410-H-025-010-MY2); ","https://ieeexplore.ieee.org/stamp/stamp.jsp?arnumber=8764553","Epilepsy;electroencephalogram;wavelet transform;associative petri net","Epilepsy;Electroencephalography;Entropy;Discrete wavelet transforms;Petri nets;Cognition","","142","","32","CCBY","16 Jul 2019","2019","","IEEE","IEEE Journals"
"A Mutual Information Based Adaptive Windowing of Informative EEG for Emotion Recognition","L. Piho; T. Tjahjadi","School of Engineering, University of Warwick, Coventry, United Kingdom; School of Engineering, University of Warwick, Coventry, United Kingdom",IEEE Transactions on Affective Computing,"13 Nov 2020","2020","11","4","722","735","Emotion recognition using brain wave signals involves using high dimensional electroencephalogram (EEG) data. In this paper, a window selection method based on mutual information is introduced to select an appropriate signal window to reduce the length of the signals. The motivation of the windowing method comes from EEG emotion recognition being computationally costly and the data having low signal-to-noise ratio. The aim of the windowing method is to find a reduced signal where the emotions are strongest. In this paper, it is suggested, that using only the signal section which best describes emotions improves the classification of emotions. This is achieved by iteratively comparing different-length EEG signals at different time locations using the mutual information between the reduced signal and emotion labels as criterion. The reduced signal with the highest mutual information is used for extracting the features for emotion classification. In addition, a viable framework for emotion recognition is introduced. Experimental results on publicly available datasets, DEAP and MAHNOB-HCI, show significant improvement in emotion recognition accuracy.","1949-3045","","10.1109/TAFFC.2018.2840973","University of Warwick(grant numbers:School of Engineering Scholarship); ","https://ieeexplore.ieee.org/stamp/stamp.jsp?arnumber=8367876","EEG;human emotions;mutual information;entropy;data reduction","Electroencephalography;Feature extraction;Emotion recognition;Electrooculography;Mutual information;Entropy coding","","97","","64","IEEE","28 May 2018","1 Oct.-Dec. 2020","","IEEE","IEEE Journals"
"Ld-EEG Effective Brain Connectivity in Patients With Cheyne-Stokes Respiration","A. L. Callara; M. S. Morelli; V. Hartwig; L. Landini; A. Giannoni; C. Passino; M. Emdin; N. Vanello","Research Center E. Piaggio, University of Pisa, Pisa, Italy; Institute of Life Sciences, Scuola Superiore Sant’Anna, Pisa, Italy; Fondazione Toscana G. Monasterio, National Research Council, Pisa, Italy; Fondazione Toscana G. Monasterio, National Research Council, Pisa, Italy; Institute of Life Sciences, Scuola Superiore Sant’Anna, Pisa, Italy; Institute of Life Sciences, Scuola Superiore Sant’Anna, Pisa, Italy; Institute of Life Sciences, Scuola Superiore Sant’Anna, Pisa, Italy; Research Center E. Piaggio, University of Pisa, Pisa, Italy",IEEE Transactions on Neural Systems and Rehabilitation Engineering,"8 May 2020","2020","28","5","1216","1225","The characterization of brain cortical activity in heart-failure patients affected by Cheyne-Stokes Respiration might provide relevant information about the mechanism underlying this pathology. Central autonomic network is gaining increasing attention for its role in the regulation of breathing and cardiac functions. In this scenario, evaluating changes in cortical connectivity associated with Cheyne-Stokes Respiration may be of interest in the study of specific brain-activity related to such disease. Nonetheless, the inter subject variability, the temporal dynamics of Central-Apnea/Hyperpnea cycles and the limitations of clinical setups lead to different methodological challenges. To this aim, we present a framework for the assessment of cortico-cortical interactions from Electroencephalographic signals acquired using low-density caps and block-design paradigms, arising from endogenous triggers. The framework combines ICA-decomposition, unsupervised clustering, MVAR modelling and a permutation-bootstrap strategy for evaluating significant connectivity differences between conditions. A common network, lateralized towards the left hemisphere, was depicted across 8 patients exhibiting Cheyne-Stokes Respiration patterns during acquisitions. Significant differences in connectivity at the group level were observed based on patients' ventilatory condition. Interactions were significantly higher during hyperpnea periods with respect to central apneas and occurred mainly in the delta band. Opposite-sign differences were observed for higher frequencies (i.e. beta, low-gamma).","1558-0210","","10.1109/TNSRE.2020.2981991","","https://ieeexplore.ieee.org/stamp/stamp.jsp?arnumber=9042228","low-density-EEG;MVAR models;Granger Causality;ICA;group analysis;Cheyne-Stokes-Respiration","Electroencephalography;Brain modeling;Integrated circuits;Indexes;Analytical models;Sleep;Physiology","Brain;Cheyne-Stokes Respiration;Electroencephalography;Heart Failure;Humans;Respiration;Sleep Apnea, Central","14","","53","IEEE","19 Mar 2020","May 2020","","IEEE","IEEE Journals"
"Application of Dispersion Entropy for the Detection of Emotions With Electroencephalographic Signals","B. García-Martínez; A. Fernández-Caballero; R. Alcaraz; A. Martínez-Rodrigo","Departamento de Sistemas Informáticos, Escuela Técnica Superior de Ingenieros Industriales, Instituto de Investigación en Informática de Albacete, Universidad de Castilla-La Mancha, Albacete, Spain; Departamento de Sistemas Informáticos, Escuela Técnica Superior de Ingenieros Industriales, Instituto de Investigación en Informática de Albacete, Universidad de Castilla-La Mancha, Albacete, Spain; Research Group in Electronic, Biomedical and Telecommunication Engineering, Escuela Politécnica de Cuenca, Universidad de Castilla-La Mancha, Cuenca, Spain; Research Group in Electronic, Biomedical and Telecommunication Engineering, Facultad de Comunicación, Instituto de Tecnologías Audiovisuales de Castilla-La Mancha, Universidad de Castilla-La Mancha, Cuenca, Spain",IEEE Transactions on Cognitive and Developmental Systems,"8 Sep 2022","2022","14","3","1179","1187","The interest in the application of nonlinear methodologies for the analysis of electroencephalography signals for automatic recognition of emotions has increased notably. A vast number of studies in the research field of emotions detection have focused on the identification of the four quadrants of the valence-arousal emotional model. In this work, the recently introduced dispersion entropy (DispEn) has been applied for the first time to discern between the four groups of emotions corresponding to the four quadrants. This entropy-based index has demonstrated a considerable performance when dealing with this problem. Concretely, frontal and parieto-occipital brain regions reported the most relevant results when identifying the four emotional groups. Furthermore, the implementation of a classification model based on a sequential forward selection (SFS) approach and a support vector machine (SVM) classifier provided an average accuracy of 89.54%. This result is comparable to similar works in the scientific literature, with the advantage that the controlled selection of a reduced number of input features by means of the SFS scheme allowed to give a clinical interpretation of the outcomes. Therefore, it has been possible to reveal new insights about the performance of the most relevant brain regions involved in the processing of emotional information.","2379-8939","","10.1109/TCDS.2021.3099344","Spanish Ministerio de Ciencia, Innovación y Universidades, Agencia Estatal de Investigación (AEI)/European Regional Development Fund (FEDER, UE)(grant numbers:EQC2019-006063-P,PID2020-115220RB-C21,2018/11744); Castilla-La Mancha Regional Government/FEDER, UE(grant numbers:SBPLY/17/180501/000192); Biomedical Research Networking Centre in Mental Health (CIBERSAM) of the Instituto de Salud Carlos III; Spanish Ministerio de Educación y Formación Professional(grant numbers:FPU16/03740); ","https://ieeexplore.ieee.org/stamp/stamp.jsp?arnumber=9495930","Dispersion entropy (DispEn);electroencephalography (EEG);emotions;nonlinear analysis","Entropy;Electroencephalography;Dispersion;Time series analysis;Brain modeling;Support vector machines;Physiology","","12","","55","IEEE","26 Jul 2021","Sept. 2022","","IEEE","IEEE Journals"
"EEG-Based Emotion Recognition Using Spatial-Temporal-Connective Features via Multi-Scale CNN","T. Li; B. Fu; Z. Wu; Y. Liu","Institute of Future, Qingdao University, Qingdao, China; Institute of Future, Qingdao University, Qingdao, China; Institute of Future, Qingdao University, Qingdao, China; Institute of Future, Qingdao University, Qingdao, China",IEEE Access,"4 May 2023","2023","11","","41859","41867","Electroencephalography (EEG) signals from each channel mainly reflect activities of the brain region close to the channel position, and the activities cooperated by various brain regions are response to the emotion-induced stimuli. In this paper, temporal, spatial and connective features are extracted from EEG signals gotten around the head, and used for emotion recognition via a proposed model, spatial-temporal-connective muti-scale convolutional neural network (STC-CNN). The channel-to-channel connectivity is gotten to describe brain region-to-region cooperation under emotion stimuli. The model obtained an average accuracy of 96.79% and 96.89% in classifying the two emotional dimensions of valence and arousal.","2169-3536","","10.1109/ACCESS.2023.3270317","National Key Research and Development Program of China(grant numbers:2020YFB1313600); ","https://ieeexplore.ieee.org/stamp/stamp.jsp?arnumber=10108503","Emotion recognition;EEG;connective features;STC-CNN","Feature extraction;Electroencephalography;Emotion recognition;Convolutional neural networks;Brain modeling","","45","","32","CCBYNCND","25 Apr 2023","2023","","IEEE","IEEE Journals"
"Statistical Channel Selection Method for Detecting Drowsiness Through Single-Channel EEG-Based BCI System","V. P. Balam; S. Chinara","Department of Computer Science and Engineering, National Institute of Technology, Rourkela, Rourkela, India; Department of Computer Science and Engineering, National Institute of Technology, Rourkela, Rourkela, India",IEEE Transactions on Instrumentation and Measurement,"20 Jul 2021","2021","70","","1","9","Electroencephalogram (EEG) is an essential tool used to analyze the activities effectively and different states of the brain. Drowsiness is a short period state of the brain that is also called an inattentiveness state. Drowsiness can be observed during the transition from being awake state to a sleepy state. Drowsiness can reduce a person's alertness that increases accidental risks when involved in their personal and professional activities like vehicle driving, operating a crane, mine blasts, and so on. Drowsiness detection (DD) has a significant role in preventing accidents. Neuroscience with artificial intelligence algorithms used to detect drowsiness is also popularly known as brain-computer interface (BCI) systems. Single-channel EEG BCIs are highly preferred for convenient use in real-time applications, even though there are many challenges in the actual experimental process. They are choosing the best single-channel and classifier. In this article, a novel channel selection approach is proposed for a single-channel EEG-BCI system by integrating the statistical characteristics of the available channel's EEG signal. In addition to this, a deep neural network (DNN) classifier is developed using the stack ensemble process for better classification accuracy. Simulated-virtual-driving driver and physionet sleep analysis EEG datasets (PSAEDs) are used to test the proposed model. Subject-wise, cross-subject-wise, and combined subject-wise validations are also employed to improve the generalization capability of the proposed techniques in this article.","1557-9662","","10.1109/TIM.2021.3094619","","https://ieeexplore.ieee.org/stamp/stamp.jsp?arnumber=9474434","Brain–computer interface (BCI);classification;deep neural network (DNN);drowsiness detection (DD);single-channel electroencephalogram (EEG)","Electroencephalography;Correlation;Feature extraction;Signal to noise ratio;Physiology;Sleep;Neurons","","34","","41","IEEE","5 Jul 2021","2021","","IEEE","IEEE Journals"
"Inter-Trial Coherence Reveals Enhanced Synchrony During Mantra Listening","D. Das; N. Deb; S. S. Choudhury","Department of Information Technology, Gauhati University, Guwahati, India; Department of Information Technology, Gauhati University, Guwahati, India; Department of Obstetrics, Gynaecology, Gauhati Medical College & Hospital, Guwahati, India",IEEE Signal Processing Letters,"25 Dec 2025","2026","33","","291","295","Pregnancy is often a time of increased stress and anxiety, both psychologically and physically. More and more research is being done on the calming effects of relaxation techniques on the mother's brain. Passively listening to meditative mantras is one such method. This study investigates neuronal phase synchronization in three distinct cognitive states in pregnant women with their eyes closed: resting state (RS), mantra listening (M), and after mantra listening (AM). 32 scalp electrodes and a 128 Hz sampling rate were used to collect EEG data from 43 pregnant subjects. There were two 2-minute trials in each state. To assess the temporal synchrony of brain oscillations, the Inter-Trial Coherence (ITC), a phase-locking metric that quantifies the stability of neural phase over multiple trials, was computed. Bandpass filtering followed by Hilbert transform was used to assess ITC across the Theta (4–8 Hz), Alpha (8–13 Hz), and Beta (13–30 Hz) frequency bands. The Mantra condition had the greatest mean ITC, according to the results: 0.9117 (Theta), 0.8891 (Alpha), and 0.8083 (Beta). Conversely, the After-Mantra condition displayed moderate ITC levels of 0.6582 (Theta), 0.6510 (Alpha), and 0.6437 (Beta), whereas the Resting State produced 0.6392 (Theta), 0.6381 (Alpha), and 0.6368 (Beta). According to these results, passive mantra listening improves brain phase synchrony, especially in the lower frequency bands, and could be a useful non-invasive method of meditative pregnant relaxation.","1558-2361","","10.1109/LSP.2025.3643357","Visvesvaraya PhD Scheme Phase-2(grant numbers:167281647442); ","https://ieeexplore.ieee.org/stamp/stamp.jsp?arnumber=11298410","EEG;inter-trial coherence;phase locking;meditation;mantra;alpha band;theta band;beta band;neural synchrony","Coherence;Electroencephalography;Synchronization;Analysis of variance;Pregnancy;Oscillators;Filtering;Band-pass filters;Transforms;Frequency synchronization","","1","","31","IEEE","11 Dec 2025","2026","","IEEE","IEEE Journals"
"Integrated Phenomenology and Brain Connectivity Demonstrate Changes in Nonlinear Processing in Jhana Advanced Meditation","R. M. Potash; S. D. van Mil; M. Estarellas; A. Canales-Johnson; M. D. Sacchet","Massachusetts General Hospital, Harvard Medical School; University of Amsterdam; Queen Mary University of London; University of Cambridge; Massachusetts General Hospital, Harvard Medical School",Journal of Cognitive Neuroscience,"7 Nov 2025","2025","37","11","2260","2283","We present a neurophenomenological case study investigating distinct neural connectivity regimes during an advanced concentrative absorption meditation series called jhana (ACAM-J), characterized by highly stable attention and mental absorption. Using EEG recordings and phenomenological ratings (29 sessions) from a meditator with +20,000 hr of practice, we evaluated connectivity metrics tracking distinct large-scale neural interactions: nonlinear (weighted symbolic mutual information and directed information), capturing non-oscillatory dynamics, and linear (weighted phase lag index) connectivity metrics, capturing oscillatory synchrony. Results demonstrate ACAM-J are better distinguished by non-oscillatory compared with oscillatory dynamics across multiple frequency ranges. Furthermore, combining attention-related phenomenological ratings with weighted symbolic mutual information improves Bayesian decoding of ACAM-J compared with neural metrics alone. Crucially, deeper ACAM-J indicate an equalization of feedback and feedforward processes, suggesting a balance of internally and externally driven information processing. The results from this intensively sampled case study are a promising initial step in revealing the distinct neural dynamics during ACAM-J, offering insights into refined conscious states and highlighting the value of nonlinear neurophenomenological approaches to studying attentional states.","0898-929X","","10.1162/JOCN.a.50","ANID/FONDECYT Regular(grant numbers:1240899); ANID/FONDECYT Regular(grant numbers:1251273); National Institute of Mental Health(grant numbers:R01MH125850); Dimension Giving Fund; Ad Astra Chandaria Foundation; Tan Teo Charitable Foundation; ","https://ieeexplore.ieee.org/stamp/stamp.jsp?arnumber=11235887","","","","","","","","7 Nov 2025","1 Nov. 2025","","MIT Press","MIT Press Journals"
"A Review on Nonlinear Methods Using Electroencephalographic Recordings for Emotion Recognition","B. García-Martínez; A. Martínez-Rodrigo; R. Alcaraz; A. Fernández-Caballero","Departamento de Sistemas Informáticos, Universidad de Castilla-La Mancha, Albacete, Spain; Departamento de Sistemas Informáticos, Escuela Politécnica de Cuenca, Universidad de Castilla-La Mancha, Cuenca, Spain; Departamento de Ingeniería Eléctrica, Electrónica, Automática y Comunicaciones, Universidad de Castilla-La Mancha, Escuela Politécnica de Cuenca, Cuenca, Spain; Departamento de Sistemas Informáticos, Escuela Técnica Superior de Ingenieros Industriales de Albacete, Universidad de Castilla-La Mancha, Albacete, Spain",IEEE Transactions on Affective Computing,"2 Sep 2021","2021","12","3","801","820","Electroencephalographic (EEG) recordings are receiving growing attention in the field of emotion recognition, since they monitor the brain's first response to an external stimulus. Traditionally, EEG signals have been studied from a linear viewpoint by means of statistical and frequency features. Nevertheless, given that the brain follows a completely nonlinear and nonstationary behavior, linear metrics present certain important limitations. In this sense, the use of nonlinear methods has recently revealed new information that may help to understand how the brain works under a series of emotional states. Hence, this paper summarizes the most recent works that have applied nonlinear methods in EEG signal analysis for emotion recognition. This paper also identifies some nonlinear indices that have not been employed yet in this research area.","1949-3045","","10.1109/TAFFC.2018.2890636","Spanish Ministerio de Ciencia, Innovación y Universidades, Agencia Estatal de Investigación (AEI) / European Regional Development Fund(grant numbers:DPI2016-80894-R,TIN2015-72931-EXP); Castilla-La Mancha Regional Government / FEDER, UE(grant numbers:SBPLY/17/180501/000192); Instituto de Salud Carlos III; European Regional Development Fund(grant numbers:2018/11744); ","https://ieeexplore.ieee.org/stamp/stamp.jsp?arnumber=8598806","Electroencephalogram;emotion recognition;nonlinear metrics;survey","Electroencephalography;Emotion recognition;Electrodes;Complexity theory;Time series analysis;Distance measurement","","107","","132","IEEE","1 Jan 2019","1 July-Sept. 2021","","IEEE","IEEE Journals"
"Stratified Multivariate Multiscale Dispersion Entropy for Physiological Signal Analysis","E. Kafantaris; T. -Y. M. Lo; J. Escudero","School of Engineering, Institute for Digital Communications, University of Edinburgh, Edinburgh, U.K.; Centre of Medical Informatics, Usher Institute, University of Edinburgh, U.K.; School of Engineering, Institute for Digital Communications, University of Edinburgh, U.K.",IEEE Transactions on Biomedical Engineering,"17 Feb 2023","2023","70","3","1024","1035","Multivariate entropy quantification algorithms are becoming a prominent tool for the extraction of information from multi-channel physiological time-series. However, in the analysis of physiological signals from heterogeneous organ systems, certain channels may overshadow the patterns of others, resulting in information loss. Here, we introduce the framework of Stratified Entropy to prioritize each channels' dynamics based on their allocation to respective strata, leading to a richer description of the multi-channel time-series. As an implementation of the framework, three algorithmic variations of the Stratified Multivariate Multiscale Dispersion Entropy are introduced. These variations and the original algorithm are applied to synthetic time-series, waveform physiological time-series, and derivative physiological data. Based on the synthetic time-series experiments, the variations successfully prioritize channels following their strata allocation while maintaining the low computation time of the original algorithm. In experiments on waveform physiological time-series and derivative physiological data, increased discrimination capacity was noted for multiple strata allocations in the variations when benchmarked to the original algorithm. This suggests improved physiological state monitoring by the variations. Furthermore, our variations can be modified to utilize a priori knowledge for the stratification of channels. Thus, our research provides a novel approach for the extraction of previously inaccessible information from multi-channel time series acquired from heterogeneous systems.","1558-2531","","10.1109/TBME.2022.3207582","Engineering and Physical Sciences Research Council; National Health Service of the United Kingdom; Network of European Funding for Neuroscience Research; European Research Area Networks; Leverhulme Trust(grant numbers:RPG-2020-158); ","https://ieeexplore.ieee.org/stamp/stamp.jsp?arnumber=9894654","Multivariate Signals;Stratified Entropy;Non-linear;Multiscale;Dispersion Entropy;Heterogeneous Systems","Entropy;Dispersion;Heuristic algorithms;Biomedical monitoring;Physiology;Complexity theory;Dynamic scheduling","Entropy;Algorithms;Time Factors","16","","67","IEEE","19 Sep 2022","March 2023","","IEEE","IEEE Journals"
"EEG-Based User Reaction Time Estimation Using Riemannian Geometry Features","D. Wu; B. J. Lance; V. J. Lawhern; S. Gordon; T. -P. Jung; C. -T. Lin","DataNova, Clifton Park, NY, USA; Human Research and Engineering Directorate, U.S. Army Research Laboratory, Aberdeen Proving Ground, Aberdeen, MD, USA; Department of Computer Science, The University of Texas at San Antonio, San Antonio, TX, USA; DCS Corporation, Alexandria, VA, USA; Center for Advanced Neurological Engineering, University of California at San Diego, La Jolla, CA, USA; Centre for Artificial Intelligence, Faculty of Engineering and Information Technology, University of Technology Sydney, Ultimo, NSW, Australia",IEEE Transactions on Neural Systems and Rehabilitation Engineering,"9 Nov 2017","2017","25","11","2157","2168","Riemannian geometry has been successfully used in many brain-computer interface (BCI) classification problems and demonstrated superior performance. In this paper, for the first time, it is applied to BCI regression problems, an important category of BCI applications. More specifically, we propose a new feature extraction approach for electroencephalogram (EEG)-based BCI regression problems: a spatial filter is first used to increase the signal quality of the EEG trials and also to reduce the dimensionality of the covariance matrices, and then Riemannian tangent space features are extracted. We validate the performance of the proposed approach in reaction time estimation from EEG signals measured in a large-scale sustained-attention psychomotor vigilance task, and show that compared with the traditional powerband features, the tangent space features can reduce the root mean square estimation error by 4.30%-8.30%, and increase the estimation correlation coefficient by 6.59%-11.13%.","1558-0210","","10.1109/TNSRE.2017.2699784","U.S. Army Research Laboratory(grant numbers:W911NF-10-2-0022,W911NF-10-D-0002/TO); Australian Research Council(grant numbers:DP150101645); ","https://ieeexplore.ieee.org/stamp/stamp.jsp?arnumber=7914765","Brain-computer interface;EEG;reaction time estimation;Riemannian geometry;spatial filtering","Electroencephalography;Covariance matrices;Feature extraction;Manifolds;Estimation;Geometry;Algorithm design and analysis","Algorithms;Arousal;Artifacts;Brain-Computer Interfaces;Electroencephalography;Female;Humans;Male;Psychomotor Performance;Reaction Time;Regression Analysis;Reproducibility of Results;Young Adult","58","","60","IEEE","28 Apr 2017","Nov. 2017","","IEEE","IEEE Journals"
"LightSleepNet: Design of a Personalized Portable Sleep Staging System Based on Single-Channel EEG","Y. Liao; C. Zhang; M. Zhang; Z. Wang; X. Xie","Institute of Microelectronics, Tsinghua University, Beijing, China; Department of Electronic Engineering, Tsinghua University, Beijing, China; Department of Electronic Engineering, Tsinghua University, Beijing, China; Institute of Microelectronics, Tsinghua University, Beijing, China; Institute of Microelectronics, Tsinghua University, Beijing, China",IEEE Transactions on Circuits and Systems II: Express Briefs,"4 Jan 2022","2022","69","1","224","228","This brief proposed LightSleepNet - a light-weight, 1-d Convolutional Neural Network (CNN) based personalized architecture for real-time sleep staging, which can be implemented on various mobile platforms with limited hardware resources. The proposed architecture only requires an input of 30s single-channel EEG signal for the classification. Two residual blocks consisting of group 1-d convolution are used instead of the traditional convolution layers to remove the redundancy in the CNN. Channel shuffles are inserted into each convolution layer to improve the accuracy. In order to avoid over-fitting to the training set, a Global Average Pooling (GAP) layer is used to replace the fully connected layer, which further reduces the total number of the model parameters significantly. A personalized algorithm combining Adaptive Batch Normalization (AdaBN) and gradient re-weighting is proposed for unsupervised domain adaptation. A higher priority is given to examples that are easy to transfer to the new subject, and the algorithm could be personalized for new subjects without re-training. Experimental results show a state-of-the-art overall accuracy of 83.8% with only 45.76 Million Floating-point Operations per Second (MFLOPs) computation and 43.08 K parameters.","1558-3791","","10.1109/TCSII.2021.3086981","National Key Research and Development Program of China(grant numbers:2018YFB220200*); Beijing Innovation Center for Future Chip; Beijing National Research Center for Information Science and Technology; ","https://ieeexplore.ieee.org/stamp/stamp.jsp?arnumber=9447827","Sleep staging;light-weight architecture;channel shuffle;CNN;personalized healthy equipment","Sleep;Training;Convolution;Electroencephalography;Real-time systems;Neurons;Feature extraction","","18","","25","IEEE","7 Jun 2021","Jan. 2022","","IEEE","IEEE Journals"
"GateSleepNet: A Dual-Level Spatiotemporal Graph-Transformer Architecture for Automatic Sleep Staging","Y. Feng; Y. An; H. Sun; Z. Li; X. Zhang","School of Software and Microelectronics, Peking University, Beijing, China; Department of Industrial Systems Engineering and Management, National University of Singapore, Queenstown, Singapore; Department of Psychiatry, Peking University Institute of Mental Health, NHC Key Laboratory of Mental Health, and the National Clinical Research Center for Mental Disorders, Peking University Sixth Hospital, Peking University, Beijing, China; School of Integrated Circuits, Peking University, Beijing, China; School of Advanced Manufacturing and Robotics, Peking University, Beijing, China",IEEE Transactions on Automation Science and Engineering,"30 Oct 2025","2025","22","","22860","22874","Automatic sleep staging is critical for understanding sleep patterns and diagnosing sleep-related disorders, yet traditional manual scoring methods remain time-consuming, labor-intensive, and subjective. Existing research often fails to fully exploit both cross-spatial and local-global temporal information in polysomnography (PSG) data. To address these challenges, we propose GateSleepNet, a novel dual-level spatiotemporal framework designed to handle the unique properties of PSG data, which comprises multi-channel physiological signals such as EEG, EOG, and EMG that capture temporal and cross-spatial interactions. GateSleepNet combines a Global Spatial Encoder and a Temporal Vision Transformer (ViT) Encoder to effectively capture both local and global temporal features. To enhance cross-spatial understanding, the framework incorporates a Global Spatial Encoder that models inter-channel cross-spatial relationships using sparsely connected graphs. A key innovation of GateSleepNet is the dual-level surrogate loss, which combines global epoch-level accuracy with local temporal consistency, ensuring alignment between predictions and actual sleep patterns. Experimental results on PSG datasets demonstrate the effectiveness of GateSleepNet, achieving high performance in classifying sleep stages and outperforming existing methods. The proposed framework provides a powerful solution for clinical and research applications in sleep medicine, with potential for broader adoption in automated health diagnostics. Note to Practitioners—To capture the unique spatiotemporal characteristics of PSG data, we propose GateSleepNet, a dual-level spatiotemporal framework for automated sleep staging. Implementing this approach requires attention to three key factors. First, multi-channel data must be accurately collected in accordance with the American Academy of Sleep Medicine (AASM) guidelines to ensure reliable input signals. Second, segmenting the signals into multiple patches allows for capturing both local and global temporal features. The number and length of these patches can be tuned to meet specific scenario requirements. Finally, when constructing the graph structure for multi-channel data, adjusting the degree of the regular graph or the number of virtual nodes can modify graph sparsity. These modifications yield computational savings while maintaining the framework’s effectiveness in sleep staging.","1558-3783","","10.1109/TASE.2025.3621217","Capital’s Funds for Health Improvement and Research (Key Project)(grant numbers:2024-1-4112); National Natural Science Foundation of China(grant numbers:72271009); High-Performance Computing Platform of Peking University; ","https://ieeexplore.ieee.org/stamp/stamp.jsp?arnumber=11202949","Automatic sleep staging;dual-level;spatiotemporal;transformer;polysomnography","Sleep;Electroencephalography;Feature extraction;Electrooculography;Physiology;Brain modeling;Spatiotemporal phenomena;Electromyography;Transformers","","","","72","IEEE","14 Oct 2025","2025","","IEEE","IEEE Journals"
"Brain State Classification With Group l1 – norm Sparse PDC as Novel Features for EEG","L. Shaw; A. Routray","Department of Electrical Engineering, Indian Institute of Technology Kharagpur, Kharagpur, India; Department of Electrical Engineering, Indian Institute of Technology Kharagpur, Kharagpur, India",IEEE Sensors Journal,"14 Jun 2021","2021","21","12","13506","13513","Understanding the brain state with their classification for brain-computer interfacing (BCI) and motor imaginary studies have recently been witnessed as significant research activity. Brain state has a direct correlation with the mental state as well as the involved cognitive task. This paper presents a novel three-fold framework to classify the EEG signal for binary classification problems. The threefold includes feature extraction, feature selection, and feature classification. First, in the feature extraction step, a new sparse parametric feature matrix is obtained from the brain coherence connectivity measure known as partial directed coherence (PDC) from a sparse multi-variate auto-regressive (MVAR) model. The sparsity has been introduced to the MVAR model using the group least absolute shrinkage and selection operator (gLASSO) algorithm. The PDC has been estimated from the sparse MVAR model's coefficient which is named as sparse PDC (sPDC). Secondly, the features: energy, relative energy, entropy, and conditional entropy are extracted from sPDC, and the relevancy of features are checked by mutual information (MI) algorithm as the most relevant features. In the third step, to identify different brain states involved in specific cognitive activities, the sPDC extracted features are used for the classification of brain states for two groups of control and meditation. The classification has been performed by a polynomial kernel-based support vector machine (k-SVM). The proposed framework provides exciting results indicate reasonable robustness and consistency in the distinction between two groups in almost all participants.","1558-1748","","10.1109/JSEN.2021.3068125","Government of India through the Ministry of Human Resources Development (MHRD)(grant numbers:CEH-Sandhi); ","https://ieeexplore.ieee.org/stamp/stamp.jsp?arnumber=9386058","Brain connectivity;electroencephalogram (EEG);sparse features;l1-norm;partial directed coherence (PDC)","Electroencephalography;Feature extraction;Brain modeling;Electrodes;Sparse matrices;Coherence;Entropy","","14","","54","IEEE","24 Mar 2021","15 June15, 2021","","IEEE","IEEE Journals"
"A Multiplex Connectivity Map of Valence-Arousal Emotional Model","A. D. Marimpis; S. I. Dimitriadis; R. Goebel","Department of Cognitive Neuroscience, Faculty of Psychology and Neuroscience, Maastricht University, Maastricht, The Netherlands; Cardiff University Brain Research Imaging Center (CUBRIC), Neuroinformatics Group, School of Psychology, Cardiff University, Cardiff, U.K.; Department of Cognitive Neuroscience, Faculty of Psychology and Neuroscience, Maastricht University, Maastricht, The Netherlands",IEEE Access,"25 Sep 2020","2020","8","","170928","170938","A high number of studies have already demonstrated an electroencephalography (EEG)-based emotion recognition system with moderate results. Emotions are classified into discrete and dimensional models. We focused on the latter that incorporates valence and arousal dimensions. The mainstream methodology is the extraction of univariate measures derived from EEG activity from various frequencies classifying trials into low/high valence and arousal levels. Here, we evaluated brain connectivity within and between brain frequencies under the multiplexity framework. We analyzed an EEG database called DEAP that contains EEG responses to video stimuli and users' emotional self-assessments. We adopted a dynamic functional connectivity analysis under the notion of our dominant coupling model (DoCM). DoCM detects the dominant coupling mode per pair of EEG sensors, which can be either within frequencies coupling (intra) or between frequencies coupling (cross-frequency). DoCM revealed an integrated dynamic functional connectivity graph (IDFCG) that keeps both the strength and the preferred dominant coupling mode. We aimed to create a connectomic mapping of valence-arousal map via employing features derive from IDFCG. Our results outperformed previous findings succeeding to predict in a high accuracy participants' ratings in valence and arousal dimensions based on a flexibility index of dominant coupling modes.","2169-3536","","10.1109/ACCESS.2020.3025370","Brain Innovation B.V., Maastricht, The Netherlands; Medical Research Council (MRC) (Behavioural and Neurophysiological Effects of Schizophrenia Risk Genes: A Multi-Locus, Pathway Based Approach)(grant numbers:MR/K004360/1); MARIE-CURIE COFUND EU-UK Research Fellowship; ","https://ieeexplore.ieee.org/stamp/stamp.jsp?arnumber=9201283","Affective computing;computational neuroscience;emotion in human-computer interaction;graph theory;modeling from video;modeling human emotion;music;neuroscience;video","Electroencephalography;Couplings;Sensors;Brain modeling;Psychology;Indexes","","12","","53","CCBY","21 Sep 2020","2020","","IEEE","IEEE Journals"
"Cognitive Behavior Classification From Scalp EEG Signals","D. Dvorak; A. Shang; S. Abdel-Baki; W. Suzuki; A. A. Fenton","Center for Neural Science, New York University, New York, NY, USA; New York University, New York, NY, USA; Bio-Signal Group Corporation, Acton, MA, USA; Center for Neural Science, New York University, New York, NY, USA; Center for Neural Science, New York University, New York, NY, USA",IEEE Transactions on Neural Systems and Rehabilitation Engineering,"6 Apr 2018","2018","26","4","729","739","Electroencephalography (EEG) has become increasingly valuable outside of its traditional use in neurology. EEG is now used for neuropsychiatric diagnosis, neurological evaluation of traumatic brain injury, neurotherapy, gaming, neurofeedback, mindfulness, and cognitive enhancement training. The trend to increase the number of EEG electrodes, the development of novel analytical methods, and the availability of large data sets has created a data analysis challenge to find the “signal of interest” that conveys the most information about ongoing cognitive effort. Accordingly, we compare three common types of neural synchrony measures that are applied to EEG-power analysis, phase locking, and phase-amplitude coupling to assess which analytical measure provides the best separation between EEG signals that were recorded, while healthy subjects performed eight cognitive tasks-Hopkins Verbal Learning Test and its delayed version, Stroop Test, Symbol Digit Modality Test, Controlled Oral Word Association Test, Trail Marking Test, Digit Span Test, and Benton Visual Retention Test. We find that of the three analytical methods, phase-amplitude coupling, specifically theta (4-7 Hz)-high gamma (70-90 Hz) obtained from frontal and parietal EEG electrodes provides both the largest separation between the EEG during cognitive tasks and also the highest classification accuracy between pairs of tasks. We also find that phase-locking analysis provides the most distinct clustering of tasks based on their utilization of long-term memory. Finally, we show that phase-amplitude coupling is the least sensitive to contamination by intense jaw-clenching muscle artifact.","1558-0210","","10.1109/TNSRE.2018.2797547","NYU Dean for Science Funds; NIH(grant numbers:R01MH099128,R01MH084038); ","https://ieeexplore.ieee.org/stamp/stamp.jsp?arnumber=8268577","Electroencephalography;cognition;synchrony;cognition;muscle artifact","Electroencephalography;Electrodes;Task analysis;Synchronization;Scalp;Couplings;Muscles","Algorithms;Artifacts;Behavior;Cognition;Electrodes;Electroencephalography;Electroencephalography Phase Synchronization;Female;Healthy Volunteers;Humans;Jaw;Male;Mental Recall;Principal Component Analysis;Scalp;Stroop Test;Trail Making Test;Verbal Learning;Word Association Tests;Young Adult","45","","53","IEEE","24 Jan 2018","April 2018","","IEEE","IEEE Journals"
"SSTD: A Novel Spatio-Temporal Demographic Network for EEG-Based Emotion Recognition","R. Li; C. Ren; C. Li; N. Zhao; D. Lu; X. Zhang","Gansu Provincial Key Laboratory of Wearable Computing, School of Information Science and Engineering, Lanzhou University, Lanzhou, China; Gansu Provincial Key Laboratory of Wearable Computing, School of Information Science and Engineering, Lanzhou University, Lanzhou, China; Gansu Provincial Key Laboratory of Wearable Computing, School of Information Science and Engineering, Lanzhou University, Lanzhou, China; Gansu Provincial Key Laboratory of Wearable Computing, School of Information Science and Engineering, Lanzhou University, Lanzhou, China; Institute of Engineering Medicine, Beijing Institute of Technology, Beijing, China; Gansu Provincial Key Laboratory of Wearable Computing, School of Information Science and Engineering, Lanzhou University, Lanzhou, China",IEEE Transactions on Computational Social Systems,"31 Jan 2023","2023","10","1","376","387","Emotion recognition is the key to making machines more intelligent. This study proposes a novel sing-link end-to-end spatio-temporal demographic network (SSTD) that fuses spatial, temporal, and demographic information for electroencephalography (EEG)-based emotion recognition. In the SSTD model, an adaptive time window using single-link hierarchical clustering based on Riemannian metrics was realized for data preprocessing to solve the problem of individual differences. Then, the preprocessed EEG data acted as a gate recurrent unit (GRU) network input to calculate high-level time-domain features. At the same time, the EEG covariance matrices were fed into the symmetric positive definite matrix network (SPDNet) to calculate high-level spatial features. Given the correlation between EEG signals and individual demographic information, gender and age factors were integrated into the spatio-temporal model, resulting in more effective high-level features for EEG-based emotion recognition. Finally, extensive comparative experiments were conducted on two public datasets: DEAP and DREAMER. The average accuracy of valence and arousal on the DEAP dataset are 68.28% and 71.48%, respectively. The average accuracy of valence and arousal on the DREAMER dataset are 76.81% and 81.64%, respectively. Experimental results show that the SSTD model has an excellent recognition performance.","2329-924X","","10.1109/TCSS.2022.3188891","National Key Research and Development Program of China(grant numbers:2019YFA0706200); National Natural Science Foundation of China(grant numbers:62072219); ","https://ieeexplore.ieee.org/stamp/stamp.jsp?arnumber=9829548","Demographic;electroencephalography (EEG);emotion recognition;gate recurrent unit (GRU);Riemannian manifold;spatio-temporal;symmetric positive definite matrix network (SPDNet)","Covariance matrices;Electroencephalography;Emotion recognition;Brain modeling;Feature extraction;Data preprocessing;Measurement","","27","","49","IEEE","14 Jul 2022","Feb. 2023","","IEEE","IEEE Journals"
"Detection of Epileptic Seizures From EEG Signals by Combining Dimensionality Reduction Algorithms With Machine Learning Models","M. Zubair; M. V. Belykh; M. U. K. Naik; M. F. M. Gouher; S. Vishwakarma; S. R. Ahamed; R. Kongara","Department of Electronics and Communication Engineering, Prasad V. Potluri Siddhartha Institute of Technology, Vijayawada, India; Department of Applied Mathematics, National Research University Higher School of Economics, Moscow, Russia; Department of Electronics and Communication Engineering, Prasad V. Potluri Siddhartha Institute of Technology, Vijayawada, India; Department of Electronics and Communication Engineering, Prasad V. Potluri Siddhartha Institute of Technology, Vijayawada, India; Department of Electronics and Electrical Engineering, IIT Guwahati, Guwahati, India; Department of Electronics and Electrical Engineering, IIT Guwahati, Guwahati, India; Department of Electronics and Communication Engineering, Prasad V. Potluri Siddhartha Institute of Technology, Vijayawada, India",IEEE Sensors Journal,"30 Jul 2021","2021","21","15","16861","16869","Epilepsy is a neurological condition that affects the central nervous system. While its effects are different for each person, they mostly include abnormal behaviour, periods of loss of awareness and seizures. There are various traditional methods used to analyse EEG signals for epilepsy detection, which concludes to be time-consuming. Recently, several automated seizure detection frameworks using machine learning algorithms have been proposed to replace conventional methods. In this paper, more emphasis has been given to develop SPPCA and SUBXPCA dimensionality reduction algorithms to increase the classification accuracy of various machine learning models. Firstly, Discrete Wavelet Transform (DWT) is applied to EEG signals for extracting the time-frequency domain features of epileptic seizures such as the energy of each sub-pattern, spike rhythmicity, Relative Spike Amplitude (RSA), Dominant Frequency (DF) and Spectral Entropy (SE). The features obtained after performing DWT on an EEG signal are extensive in number, to select the prominent features and to retain their properties, correlation feature sub-pattern-based PCA (SPPCA), and cross sub-pattern correlation-based PCA (SUBXPCA) are used as a dimensionality reduction techniques. To validate the proposed work, performance evaluation parameter such as the accuracy of the time-frequency domain features from different combinations of the dataset has been compared with the latest state-of-the-art works. Simulation results show that the best accuracy of 97% is achieved for SPPCA algorithm by CatBoost classifier. And the best accuracy of 98% for SUBXPCA is achieved by random forest classifier, which clearly outperformed the other related works both in terms of accuracy and computational complexity.","1558-1748","","10.1109/JSEN.2021.3077578","Department of Electronics and Electrical Engineering, IIT Guwahati as a bachelor’s degree Project; ","https://ieeexplore.ieee.org/stamp/stamp.jsp?arnumber=9422802","Epileptic seizures;discrete wavelet transform (DWT);sub-pattern PCA (SPPCA);cross sub-pattern correlation PCA (SUBXPCA);support vector machine (SVM);random forest;K-Nearest Neighbours (KNN);LightGBM;Catboost;Multilayer Perceptron (MLP)","Electroencephalography;Feature extraction;Discrete wavelet transforms;Epilepsy;Brain modeling;Dimensionality reduction;Time-frequency analysis","","54","","50","IEEE","4 May 2021","1 Aug.1, 2021","","IEEE","IEEE Journals"
"Emotion Recognition Using Narrowband Spatial Features of Electroencephalography","I. Farhana; J. Shin; S. Mahmood; M. Rabiul Islam; M. K. I. Molla","Department of Computer Science and Engineering, University of Rajshahi, Rajshahi, Bangladesh; School of Computer Science and Engineering, The University of Aizu, Aizuwakamatsu, Japan; Department of Computer Science and Engineering, Bangamata Sheikh Fojilatunnesa Mujib Science and Technology University, Jamalpur, Bangladesh; Department of Computer Science and Engineering, Varendra University, Rajshahi, Bangladesh; Department of Computer Science and Engineering, University of Rajshahi, Rajshahi, Bangladesh",IEEE Access,"11 May 2023","2023","11","","44019","44033","Automatic recognition of human emotion has become an interesting topic among brain-computer interface (BCI) researchers. Emotion is one of the most fundamental features of a human subject. With proper analysis of emotion, the inner state of a human subject can be assessed directly. The human brain response can be competently represented by electroencephalography (EEG). The selection of potential features in EEG related to human emotion is a very important task for developing an effective emotion recognition system. In this paper, the discriminative features computed from rhythmic components of EEG are used to recognize human emotional states. The narrowband rhythmic components theta, alpha, beta, and gamma are extracted from multichannel EEG signals using filter bank implementation. The short-time entropy and energy features are extracted from each of the rhythmic components. The spatial filtering has been performed on the entropy-energy space by using common spatial pattern (CSP). Thus obtained spatial features are employed to recognize the emotion states using support vector machine (SVM) classifier. The publicly available two datasets DEAP and SEED are used to evaluate the performance of the proposed method. The experimental results reflect that higher recognition accuracy is obtained by using higher frequency subbands (beta and gamma) than that of the lower frequency subbands (theta and alpha). The combination of features from all subbands has better performance than the features obtained from individual subband signals. The performance of the proposed method outperforms the recently developed algorithms of emotion recognition.","2169-3536","","10.1109/ACCESS.2023.3270177","Information and Communication Technology Division (ICT Division), Ministry of Posts, Telecommunications and Information Technology, Bangladesh, through the ICT Fellowship; Competitive Research Fund of The University of Aizu, Japan; ","https://ieeexplore.ieee.org/stamp/stamp.jsp?arnumber=10107909","Brain-computer interface (BCI);common spatial pattern (CSP);electroencephalography (EEG);emotion recognition;subband decomposition","Electroencephalography;Emotion recognition;Brain modeling;Feature extraction;Physiology;Convolutional neural networks;Videos","","8","","48","CCBYNCND","25 Apr 2023","2023","","IEEE","IEEE Journals"
"Prepulse Inhibition and Prestimulus Nonlinear Brain Dynamics in Childhood: A Lyapunov Exponent Approach","A. E. Giannopoulos; I. Zioga; V. Ziogas; P. Papageorgiou; G. N. Papageorgiou; C. Papageorgiou","School of Electrical and Computer Engineering, National Technical University of Athens, Zografou, Greece; University Mental Health, Neurosciences and Precision Medicine Research Institute “COSTAS STEFANIS” (UMHRI), Athens, Greece; CPHT, CNRS, École polytechnique, Institut Polytechnique de Paris, Palaiseau, France; Department of Electrical and Computer Engineering, University of Patras, Patras, Greece; School of Mechanical Engineering, National Technical University of Athens, Zografou, Greece; University Mental Health, Neurosciences and Precision Medicine Research Institute “COSTAS STEFANIS” (UMHRI), Athens, Greece",IEEE Transactions on Cognitive and Developmental Systems,"6 Feb 2025","2025","17","1","115","129","The acoustic startle reflex (ASR) relies on the sensorimotor system and is affected by aging, sex, and psychopathology. ASR can be modulated by the prepulse inhibition (PPI) paradigm, which achieves the inhibition of reactivity to a startling stimulus (pulse) following a weak prepulse stimulus. Additionally, neurophysiological studies have found that brain activity is characterized by irregular patterns with high complexity, which however reduces with age. Our study investigated the relationship between prestartle nonlinear dynamics and PPI in healthy children versus adults. Fifty-six individuals took part in the experiment: 31 children and adolescents and 25 adults. Participants heard 51 pairs of tones (prepulse and startle) with a time difference of 30 to 500 ms. Subsequently, we assessed neural complexity by computing the largest Lyapunov exponent (LLE) during the prestartle period and assessed PPI by analyzing the poststartle event-related potentials (ERPs). Results showed higher neural complexity for children compared to adults, in line with previous research showing reduced complexity in the physiological signals in aging. As expected, PPI (as reflected in the P50 and P200 components) was enhanced in adults compared to children, potentially due to the maturation of the ASR for the former. Interestingly, prestartle complexity was correlated with the P50 component in children only, but not in adults, potentially due to the different stage of sensorimotor maturation between age groups. Overall, our study offers novel contributions for investigating brain dynamics, linking nonlinear with linear measures. Our findings are consistent with the loss of neural complexity in aging, and suggest differentiated links between nonlinear and linear metrics in children and adults.","2379-8939","","10.1109/TCDS.2024.3418841","Regional Governor of Attica and in part by the Athanasios and Marina Matinou Foundation (AMMF); ","https://ieeexplore.ieee.org/stamp/stamp.jsp?arnumber=10572331","EEG;event-related potential (ERP);largest Lyapunov exponent (LLE);prepulse inhibition (PPI);sensorimotor gating;startle reflex","Complexity theory;Pediatrics;Aging;Electroencephalography;Sleep;Nonlinear dynamical systems;Acoustics;Lyapunov methods;Sensory aids;Psychology","","1","","71","CCBYNCND","26 Jun 2024","Feb. 2025","","IEEE","IEEE Journals"
"The EEG Oscillations and Psychology Propensities of Autonomous Sensory Meridian Response","Z. Yu; L. Li; W. Zou; M. Lin; J. Zheng; Z. Wu; Z. Wang","College of Integrated Circuits and Optoelectronic Chips, Shenzhen Technology University, Shenzhen, Guangdong, China; College of Heath Science and Environment Engineering, Shenzhen Technology University, Shenzhen, Guangdong, China; College of Heath Science and Environment Engineering, Shenzhen Technology University, Shenzhen, Guangdong, China; College of Heath Science and Environment Engineering, Shenzhen Technology University, Shenzhen, Guangdong, China; College of Heath Science and Environment Engineering, Shenzhen Technology University, Shenzhen, Guangdong, China; College of Heath Science and Environment Engineering, Shenzhen Technology University, Shenzhen, Guangdong, China; College of Integrated Circuits and Optoelectronic Chips, Shenzhen Technology University, Shenzhen, Guangdong, China",IEEE Transactions on Neural Systems and Rehabilitation Engineering,"24 Feb 2023","2023","31","","1353","1363","Autonomous sensory meridian response is believed as a perceptual phenomenon to specific sensory stimuli. To explore the underlying mechanism and emotional effect, the EEG under video and audio triggers of autonomous sensory meridian response was analyzed. The differential entropy and power spectral density by Burg method on  $\delta $ ,  $\theta $ ,  $\alpha $ ,  $\beta $ ,  $\gamma $  and high  $\gamma $  frequencies were employed as quantitative features. The results indicate that the modulation of autonomous sensory meridian response on brain activities is broadband. Video trigger owns better performance of autonomous sensory meridian response than other triggers. Moreover, the results also reveal that autonomous sensory meridian response has a close relationship with neuroticism and its three sub-dimensions, anxiety, self-consciousness and vulnerability, with the scores of self-rating depression scale, but without emotions, happiness, sadness, or fear. This suggests that the responders of autonomous sensory meridian response may have the tendencies of neuroticism and depressive disorder.","1558-0210","","10.1109/TNSRE.2023.3245069","National Natural Science Foundation of China(grant numbers:51605085); Shenzhen Education Science Research Project(grant numbers:zdzz21008); Research Promotion Project of Key Construction Disciplines in Guangdong Province(grant numbers:2021ZDJS111); Postdoctoral Science Foundation of China(grant numbers:2016M590229); ","https://ieeexplore.ieee.org/stamp/stamp.jsp?arnumber=10044721","EEG;brain activity;ASMR;personality","Electroencephalography;Videos;Synthetic aperture sonar;Electrodes;Anxiety disorders;Visualization;Sleep","","11","","47","CCBYNCND","14 Feb 2023","2023","","IEEE","IEEE Journals"
"Driver Drowsiness Classification Using Fuzzy Wavelet-Packet-Based Feature-Extraction Algorithm","R. N. Khushaba; S. Kodagoda; S. Lal; G. Dissanayake","ARC Centre of Excellence for Autonomous Systems, Faculty of Engineering and Information Technology, Sydney University of Technology, Broadway, NSW, Australia; ARC Centre of Excellence for Autonomous Systems, Faculty of Engineering and Information Technology, University of Technology-Sydney, Broadway, NSW, Australia; Department of Medical and Molecular Biosciences, Faculty of Science, Sydney University of Technology, Broadway, NSW, Australia; ARC Centre of Excellence for Autonomous Systems, Faculty of Engineering and Information Technology, Sydney University of Technology, Broadway, NSW, Australia",IEEE Transactions on Biomedical Engineering,"17 Dec 2010","2011","58","1","121","131","Driver drowsiness and loss of vigilance are a major cause of road accidents. Monitoring physiological signals while driving provides the possibility of detecting and warning of drowsiness and fatigue. The aim of this paper is to maximize the amount of drowsiness-related information extracted from a set of electroencephalogram (EEG), electrooculogram (EOG), and electrocardiogram (ECG) signals during a simulation driving test. Specifically, we develop an efficient fuzzy mutual-information (MI)- based wavelet packet transform (FMIWPT) feature-extraction method for classifying the driver drowsiness state into one of predefined drowsiness levels. The proposed method estimates the required MI using a novel approach based on fuzzy memberships providing an accurate-information content-estimation measure. The quality of the extracted features was assessed on datasets collected from 31 drivers on a simulation test. The experimental results proved the significance of FMIWPT in extracting features that highly correlate with the different drowsiness levels achieving a classification accuracy of 95%-97% on an average across all subjects.","1558-2531","","10.1109/TBME.2010.2077291","","https://ieeexplore.ieee.org/stamp/stamp.jsp?arnumber=5580017","Biosignal processing;driver drowsiness;feature extraction","Feature extraction;Entropy;Mutual information;Wavelet packets;Driver circuits;Electroencephalography","Adult;Aged;Algorithms;Electrodiagnosis;Fuzzy Logic;Humans;Male;Middle Aged;Signal Processing, Computer-Assisted;Sleep Stages","441","6","50","IEEE","20 Sep 2010","Jan. 2011","","IEEE","IEEE Journals"
"Processing of Multichannel Recordings for Data-Mining Algorithms","O. Shmiel; T. Shmiel; Y. Dagan; M. Teicher","Mathematics and Computer Science Department, Bar-llan University, Israel; Mathematics and Computer Science Department, Bar-llan University, Israel; Institute for Fatigue and Sleep Medicine, Sheba Medical Center, Tel-Hashomer Hospital, Israel; Brain Research Center, Bar-llan University, Israel",IEEE Transactions on Biomedical Engineering,"20 Feb 2007","2007","54","3","444","453","Data Mining, or knowledge discovery, is the computer-assisted process of digging through and analyzing large quantity of data in order to extract meaningful knowledge. Data mining methods are used in many studies to identify phenomena quicker and better than human experts. One class of these methods was designed for dealing with time series data. However, when several channels of data are collected simultaneously, data mining algorithms encounter numerous difficulties since channels may be measured in different units, may be recorded at different sampling-rates, or may have completely different characteristics. Furthermore, as the size of these data increases, the amount of irrelevant data usually increases as well and the process becomes impractical. Hence, in such cases, the analyst must be capable of focusing on the informational parts while ignoring the noise data. These kinds of difficulties complicate the analysis of multichannel data as compared to the analysis of single-channel data. This paper presents a useful technique for preprocessing multi channel data. Our technique supplies tools for coping with all the above-mentioned difficulties, and prepares the data for further analysis (using common algorithms, especially from the data mining field). The paper is divided as follows. After the introduction (Section I) we describe the state of the art (Section II), follows by the main section-methodology (Section III) which is divided to four steps (3.2-3.5). The results are described in a separate section (Section IV). Then, a discussion and conclusions of the proposed methodology are given in (Sections V and VI). Acknowledgements and the references follow","1558-2531","","10.1109/TBME.2006.888826","","https://ieeexplore.ieee.org/stamp/stamp.jsp?arnumber=4100847","Data mining;multichannel;multi-channel;multivariable;recordings;signal quantization;signal discretization","Displays;Data mining;Data analysis;Sleep;Gallium nitride;Electroencephalography;Algorithm design and analysis;Mathematics;Computer science;Laboratories","Algorithms;Animals;Artificial Intelligence;Database Management Systems;Databases, Factual;Diagnosis, Computer-Assisted;Electroencephalography;Humans;Information Storage and Retrieval;Pattern Recognition, Automated;Polysomnography;Software;User-Computer Interface","6","","21","IEEE","20 Feb 2007","March 2007","","IEEE","IEEE Journals"
"EVNCERS: An Integrated Eigenvector Centrality-Variational Nonlinear Chirp Mode Decomposition-Based EEG Rhythm Separation for Automatic Emotion Recognition","K. S. Kamble; J. Sengupta","Department of Electronics and Communication Engineering, Visvesvaraya National Institute of Technology, Nagpur, India; Department of Electronics and Communication Engineering, Visvesvaraya National Institute of Technology, Nagpur, India",IEEE Sensors Journal,"14 Sep 2023","2023","23","18","21661","21669","Affective computing, which focuses on identifying emotions from physiological data, namely electroencephalography (EEG) is becoming increasingly significant. However, direct analysis of EEG is highly challenging due to its nonlinear and nonstationary character. Various EEG rhythms provide a reliable method for the automatic recognition of emotions. Therefore, an integrated eigenvector centrality-variational nonlinear chirp mode decomposition-based EEG rhythm separation (EVNCERS) is developed. For selecting the dominant channels, the eigenvector centrality method (EVCM) is used followed by variational nonlinear chirp mode decomposition (VNCMD) to retrieve the instantaneous frequency (IF) and instantaneous amplitude (IA) from EEG signals. The equivalent IA and IF are used to create the delta, theta, alpha, beta, and gamma rhythms. The rhythms are analyzed over several entropy-based features, chosen using statistical analysis [mean and standard deviation (STD)], then categorized using various machine-learning methods. The proposed EVNCERS has achieved the highest performance of accuracy and F1-score for arousal: (96.86%, 97.98%), valence: (96.87%, 97.82%), and dominance: (96.81%, 97.71%) using random rotation forest classifier. The performance revealed that the delta rhythm offered more insight into automatic emotion recognition. The DREAMER dataset results demonstrate that our model has the highest predictive ability, with area-under-the-curve (AUC) values of 0.98 for arousal and dominance and 0.99 for the valence category. The SEED dataset also shows a similar trend, with the delta rhythm achieving the highest accuracy of 87.25% and F1-score of 74.54%. The proposed EVNCERS model can help in real-time situations to automatically recognize affective emotions, which would give us a greater range of emotional states.","1558-1748","","10.1109/JSEN.2023.3304891","","https://ieeexplore.ieee.org/stamp/stamp.jsp?arnumber=10223717","Affective emotion recognition;channel selection;eigenvector centrality method (EVCM);electroencephalography (EEG);machine learning (ML) models;rhythms separation;variational nonlinear chirp mode decomposition","Electroencephalography;Rhythm;Feature extraction;Emotion recognition;Chirp;Brain modeling;Transforms","","11","","60","IEEE","17 Aug 2023","15 Sept.15, 2023","","IEEE","IEEE Journals"
"Ensemble Median Empirical Mode Decomposition for Emotion Recognition Using EEG Signal","P. Samal; M. F. Hashmi","National Institute of Technology, Warangal, India; National Institute of Technology, Warangal, India",IEEE Sensors Letters,"25 Apr 2023","2023","7","5","1","4","This letter investigates ensemble median empirical mode decomposition (MEEMD), an extension model of ensemble empirical mode decomposition, and its improved characteristics for emotion recognition. It is tough to extract the hidden patterns in the electroencephalography (EEG) signal due to the signals' nonstationary nature, which is caused by the brain's complex neuronal activity. This makes it difficult to identify emotions using EEG. This research presents a feature extraction method based on MEEMD for decoding EEG signals for emotion recognition. Analysis is done on the intrinsic mode functions (IMFs) that are retrieved by EEMD and MEEMD. When identifying emotions using multichannel EEG signals, features like power spectral density, relative powers, power ratios, entropies, mean, standard deviation, and variance are used as indications of valence and arousal scales. The results indicate that the suggested method has achieved accuracy rates of 74.3% for valence and 78% for arousal classes. DEAP EEG emotion dataset is used, and both EEMD and MEEMD models are used to evaluate the results.","2475-1472","","10.1109/LSENS.2023.3265682","","https://ieeexplore.ieee.org/stamp/stamp.jsp?arnumber=10097854","Sensor signal processing;electroencephalography (EEG);emotion recognition;ensemble empirical mode decomposition (EEMD);ensemble median empirical mode decomposition (MEEMD);intrinsic mode functions (IMFs)","Electroencephalography;Emotion recognition;Feature extraction;Empirical mode decomposition;Brain modeling;Support vector machines;Sensors","","39","","19","IEEE","10 Apr 2023","May 2023","","IEEE","IEEE Journals"
"Non-Asymptotic Guarantees for Reliable Identification of Granger Causality via the LASSO","P. Das; B. Babadi","Department of Anesthesia, Critical Care and Pain Medicine, Massachusetts General Hospital, Boston, MA, USA; Department of Electrical and Computer Engineering and the Institute for Systems Research, University of Maryland, College Park, MD, USA",IEEE Transactions on Information Theory,"20 Oct 2023","2023","69","11","7439","7460","Granger causality is among the widely used data-driven approaches for causal analysis of time series data with applications in various areas including economics, molecular biology, and neuroscience. Two of the main challenges of this methodology are: 1) over-fitting as a result of limited data duration, and 2) correlated process noise as a confounding factor, both leading to errors in identifying the causal influences. Sparse estimation via the LASSO has successfully addressed these challenges for parameter estimation. However, the classical statistical tests for Granger causality resort to asymptotic analysis of ordinary least squares, which require long data duration to be useful and are not immune to confounding effects. In this work, we address this disconnect by introducing a LASSO-based statistic and studying its non-asymptotic properties under the assumption that the true models admit sparse autoregressive representations. We establish fundamental limits for reliable identification of Granger causal influences using the proposed LASSO-based statistic. We further characterize the false positive error probability and test power of a simple thresholding rule for identifying Granger causal effects and provide two methods to set the threshold in a data-driven fashion. We present simulation studies and application to real data to compare the performance of our proposed method to ordinary least squares and existing LASSO-based methods in detecting Granger causal influences, which corroborate our theoretical results.","1557-9654","","10.1109/TIT.2023.3296336","National Science Foundation(grant numbers:CCF1552946,ECCS1807216); National Institutes of Health(grant numbers:1U19NS107464-01); ","https://ieeexplore.ieee.org/stamp/stamp.jsp?arnumber=10185126","Granger causality;LASSO;autoregressive models;non-asymptotic analysis","Time series analysis;Biological system modeling;Data models;Analytical models;Predictive models;Error probability;Computational modeling","","8","","82","IEEE","17 Jul 2023","Nov. 2023","","IEEE","IEEE Journals"
"Emotion Recognition Through Combining EEG and EOG Over Relevant Channels With Optimal Windowing","H. Cai; X. Liu; R. Ni; S. Song; A. Cangelosi","Key Laboratory of Maritime Intelligent Cyberspace Technology (Hohai University), Ministry of Education, Nanjing, Jiangsu, China; Key Laboratory of Maritime Intelligent Cyberspace Technology (Hohai University), Ministry of Education, Nanjing, Jiangsu, China; Key Laboratory of Maritime Intelligent Cyberspace Technology (Hohai University), Ministry of Education, Nanjing, Jiangsu, China; Department of Computer Science and Technology, University of Cambridge, Cambridge, U.K.; School of Computer Science, The University of Manchester, Manchester, U.K.",IEEE Transactions on Human-Machine Systems,"31 Jul 2023","2023","53","4","697","706","For dimensional emotion recognition, electroencephalography (EEG) signals and electrooculogram (EOG) signals are often combined to improve the performance of classifiers, as each of them provides complementary features to the other. In this article, we combine the EEG signal on the relevant channels with the EOG signal to boost the recognition accuracy. We first explore the mutual information (MI) of all EEG channels and only select emotion-related channels, i.e., channels with more MI are retained, since the emotion recognition performance can be degraded by the interference between uncorrelated channels, while the computational complexity is significant if all EEG channels are used for recognition. While the optimal lengths of EEG and EOG signals for emotion recognition are still uncertain, we systematically investigate the effects of time-window size on emotion recognition. This strategy not only increases the number of training samples, but also reduces the feature redundancy. At this stage, we not only extract multiple statistical features but also employ the increment entropy to find abrupt changes in EEG signals. The experimental results show that 13 out of 32 EEG channels were selected by the proposed channel selection algorithm, and these selected channels can already produce accurate emotion predictions. We found that using optimal time-windows to split EEG and EOG signals into several thin slices and then combine them can further enhance the emotion recognition performance, where the time-windows of 4, 5, 6, and 10 s allow the combined signals to achieve very high accuracy.","2168-2305","","10.1109/THMS.2023.3275626","National Natural Science Foundation of China(grant numbers:62276090); Key Research & Development Program of Jiangsu(grant numbers:BK20192004B); International Cooperation and Exchanges of Changzhou(grant numbers:CZ20200035); ","https://ieeexplore.ieee.org/stamp/stamp.jsp?arnumber=10136813","Channel selection;electroencephalography (EEG);electrooculogram (EOG);increment entropy (IE);mutual information (MI);time-window size selection","Electroencephalography;Emotion recognition;Electrooculography;Feature extraction;Brain modeling;Redundancy;Task analysis","","22","","30","IEEE","26 May 2023","Aug. 2023","","IEEE","IEEE Journals"
"DGC-Link: Dual-Gate Chebyshev Linkage Network on EEG Emotion Recognition","Q. Li; T. Zhang; C. L. P. Chen; X. Zhang; B. Hu","Guangdong Provincial Key Laboratory of AI Large Model and Intelligent Cognition, the School of Computer Science and Engineering, South China University of Technology, Guangzhou, China; Guangdong Provincial Key Laboratory of AI Large Model and Intelligent Cognition, the School of Computer Science and Engineering, South China University of Technology, Guangzhou, China; Guangdong Provincial Key Laboratory of AI Large Model and Intelligent Cognition, the School of Computer Science and Engineering, South China University of Technology, Guangzhou, China; Gansu Provincial Key Laboratory of Wearable Computing, School of Information Science and Engineering, Lanzhou University, Lanzhou, China; School of Medical Technology, Beijing Institute of Technology, Beijing, China",IEEE Transactions on Affective Computing,"26 Nov 2025","2025","16","4","3499","3511","EEG emotion recognition presents several challenges, including region correlation, local and long-range node connectivity, and multi-channel features, necessitating advanced methods capable of effectivelycapturing and utilising complex EEG signal information. This paper introduces a novel method, the dual-gate Chebyshev Linkage network (DGC-Link), which comprises three main components: the Chebyshev Linkage (CL) module for extracting regional correlation features, the dual-gate module for regulating the flow of different-order information, and the deep network for extracting multi-channel features and enhancing representation capabilities. Validated on three datasets (SEED, DREAMER, and MPED) with ablation experiments demonstrating each component’s effectiveness, DGC-Link achieves superior recognition performance compared to state-of-the-art methods. Notably, it achieves 96.43% accuracy on differential entropy on the SEED dataset, and 98.58%, 97.62%, and 98.01% for valence, arousal, and dominance classifications on the DREAMER dataset, along with 78.48% and 44.93% for 3-class and 7-class classifications on the MPED dataset. These results highlight DGC-Link’s potential for improved performance in EEG emotion recognition.","1949-3045","","10.1109/TAFFC.2025.3602823","National Natural Science Foundation of China(grant numbers:62222603); STI2030-Major Projects through the Ministry of Science and Technology of the Peoples Republic of China(grant numbers:2021ZD0200700); Key-Area Research and Development Program of Guangdong Province(grant numbers:2023B0303030001); Program for Guangdong Introducing Innovative and Entrepreneurial Teams(grant numbers:2019ZT08X214); Science and Technology Program of Guangzhou(grant numbers:2024A04J6310); ","https://ieeexplore.ieee.org/stamp/stamp.jsp?arnumber=11141749","Emotion recognition;graph convolutional neural network;EEG;Chebyshev polynomial;long-range connectivity","Electroencephalography;Emotion recognition;Feature extraction;Chebyshev approximation;Brain modeling;Couplings;Accuracy;Convolution;Computational modeling;Noise","","12","","67","IEEE","26 Aug 2025","Oct.-Dec. 2025","","IEEE","IEEE Journals"
"A Unified Physiological Signal Interaction Network for Cross-Dataset Emotion Recognition","Z. Cai; H. Gao; M. Wu; J. Li; C. Liu","State Key Laboratory of Digital Medical Engineering, School of Instrument Science and Engineering, Southeast University, Nanjing, China; State Key Laboratory of Digital Medical Engineering, School of Instrument Science and Engineering, Southeast University, Nanjing, China; Institute for Infocomm Research, A*STAR, Singapore; Key Laboratory of Clinical and Medical Engineering, School of Biomedical Engineering and Informatics, Nanjing Medical University, Nanjing, China; State Key Laboratory of Digital Medical Engineering, School of Instrument Science and Engineering, Southeast University, Nanjing, China",IEEE Transactions on Cognitive and Developmental Systems,"9 Dec 2025","2025","17","6","1447","1460","Emotion recognition remains a challenging yet essential task in affective computing, spanning fields from psychology to human-computer interaction. This study introduces a novel approach to improve emotion recognition by integrating multimodal physiological signal interaction networks with graph neural networks. We explored five undirected functional connectivity methods for constructing physiologic networks: Pearson correlation coefficient, maximal information coefficient, phase-locking value, phase lag index, and time-delay stability (TDS). These methods capture the relationships between the featured waveforms from electroencephalography and peripheral signals (electrocardiography, respiration, and skin conductance). The resulting physiologic networks, combined with extracted waveform features, were fed into graph attention networks (GATs) and graph isomorphism networks (GINs) for emotion classification. Our model was trained on the DEAP dataset and tested on the MAHNOB-HCI dataset to evaluate its generalizability. The TDS-based GAT and GIN models demonstrated superior performance in recognizing arousal and valence states compared with the traditional classifiers like support vector machines, convolutional neural networks, and standard graph convolutional neural networks. Specifically, the proposed method achieved outstanding $F1$ scores of 83.38% for arousal and 82.52% for valence on cross-dataset emotion recognition. These results underscore the importance of incorporating dynamic signal coupling and multimodal physiological data to improve emotion recognition accuracy and robustness across different datasets, highlighting the potential of this approach for practical applications.","2379-8939","","10.1109/TCDS.2025.3566229","National Key Research and Development Program of China(grant numbers:2023YFC3603600); China Postdoctoral Science Foundation(grant numbers:2023M730585,2024M750444); Jiangsu Funding Program for Excellent Postdoctoral Talent(grant numbers:2023ZB812,2024ZB701); Natural Science Foundation of Jiangsu Province(grant numbers:BK20241304); Nation Research Foundation, Singapore under its AI Singapore Programme(grant numbers:AISG2-RP-2021-027); ","https://ieeexplore.ieee.org/stamp/stamp.jsp?arnumber=10981612","Brain–periphery interaction;emotion recognition;physiologic network;time delay stability (TDS)","Physiology;Emotion recognition;Feature extraction;Electroencephalography;Electrocardiography;Delay effects;Brain modeling;Time-frequency analysis","","1","","46","IEEE","2 May 2025","Dec. 2025","","IEEE","IEEE Journals"
"Multi-View Consistency Contrastive Learning With Hard Positives for Sleep Signals","J. Deng; Y. Lin; X. Jin; X. Ning; J. Wang","Beijing Key Lab of Traffic Data Analysis and Mining, School of Computer and Information Technology, Beijing Jiaotong University, Beijing, China; Beijing Key Lab of Traffic Data Analysis and Mining, School of Computer and Information Technology, Beijing Jiaotong University, Beijing, China; Beijing Key Lab of Traffic Data Analysis and Mining, School of Computer and Information Technology, Beijing Jiaotong University, Beijing, China; Beijing Key Lab of Traffic Data Analysis and Mining, School of Computer and Information Technology, Beijing Jiaotong University, Beijing, China; Beijing Key Lab of Traffic Data Analysis and Mining, School of Computer and Information Technology, Beijing Jiaotong University, Beijing, China",IEEE Signal Processing Letters,"28 Aug 2023","2023","30","","1102","1106","Contrastive learning has successfully addressed the scarcity of large-scale labeled datasets, especially in the physiological time series field. Existing methods construct easy positive pairs as substitutes for ground truth based on temporal dynamics or instance consistency. Despite the potential of hard positive samples to provide richer gradient information and facilitate the acquisition of more discriminative representations, they are frequently overlooked in sampling strategies, thus constraining the classification capacity of models. In this letter, we focus on multi-view physiological signals and propose a novel hard positive sampling strategy based on the view consistency. Multi-view signals are recorded from sensors attached to different organs of human body. Additionally, we propose a Multi-View Consistency Contrastive (MVCC) learning framework to jointly extract intra-view temporal dynamics and inter-view consistency features. Experiments have been carried out on two public datasets and our method demonstrates state-of-the-art performance, achieving 83.25% and 73.37% accuracy on SleepEDF and ISRUC, respectively.","1558-2361","","10.1109/LSP.2023.3306612","Fundamental Research Funds for the Central Universities(grant numbers:2023JBMC056); ","https://ieeexplore.ieee.org/stamp/stamp.jsp?arnumber=10224339","Contrastive learning;multi-view learning;sampling strategy;sleep stage","Sleep;Electrooculography;Electroencephalography;Physiology;Semantics;Loss measurement;Data augmentation","","5","","26","IEEE","18 Aug 2023","2023","","IEEE","IEEE Journals"
"PhysioSync: Temporal and Cross-Modal Contrastive Learning Inspired by Physiological Synchronization for EEG-Based Emotion Recognition","K. Cui; J. Li; Y. Liu; X. Zhang; Z. Hu; M. Wang","School of Instrument Science and Opto-Electronics Engineering, Hefei University of Technology, Hefei, China; School of Computer Science and Information Engineering, Hefei University of Technology, Hefei, China; School of Instrument Science and Opto-Electronics Engineering, Hefei University of Technology, Hefei, China; School of Computer Science and Information Engineering, Hefei University of Technology, Hefei, China; School of Computer Science and Information Engineering, Hefei University of Technology, Hefei, China; School of Computer Science and Information Engineering, Hefei University of Technology, Hefei, China",IEEE Transactions on Computational Social Systems,"2 Apr 2026","2026","13","2","1341","1354","Electroencephalography (EEG) signals provide a promising and involuntary reflection of brain activity related to emotional states, offering significant advantages over behavioral cues such as facial expressions. However, EEG signals are often noisy, affected by artifacts, and vary across individuals, complicating emotion recognition. While multimodal approaches have used peripheral physiological signals (PPS) such as galvanic skin response to complement EEG, they often overlook the dynamic synchronization and consistent semantics between the modalities. Additionally, the temporal dynamics of emotional fluctuations across different time resolutions in PPS remain underexplored. To address these challenges, we propose PhysioSync, a novel pretraining framework leveraging temporal and cross-modal contrastive learning (CM-CL), inspired by physiological synchronization phenomena. PhysioSync incorporates cross-modal consistency alignment (CM-CA) to model dynamic relationships between EEG and complementary PPS, enabling emotion-related synchronizations across modalities. Besides, it introduces long- and short-term temporal contrastive learning (LS-TCL) to capture emotional synchronization at different temporal resolutions within modalities. After pretraining, cross-resolution and cross-modal features are hierarchically fused and fine-tuned to enhance emotion recognition. Experiments on DEAP and DREAMER datasets demonstrate PhysioSync’s advanced performance under unimodal and cross-modal conditions, highlighting its effectiveness for EEG-centered emotion recognition.","2329-924X","","10.1109/TCSS.2025.3602913","National Natural Science Foundation of China(grant numbers:U23A20294,62202139); Fundamental Research Funds for the Central Universities(grant numbers:JZ2025HGTB0226); ","https://ieeexplore.ieee.org/stamp/stamp.jsp?arnumber=11199963","Contrastive-learning;electroencephalography (EEG)-based emotion recognition;multimodal fusion","Electroencephalography;Contrastive learning;Physiology;Emotion recognition;Synchronization;Feature extraction;Brain modeling;Signal resolution;Semantics;Videos","","4","","66","IEEE","10 Oct 2025","April 2026","","IEEE","IEEE Journals"
"Driver Sleepiness Classification Based on Physiological Data and Driving Performance From Real Road Driving","H. Mårtensson; O. Keelan; C. Ahlström","Department of Biomedical Engineering, Linköping University, Linköping, Sweden; Department of Biomedical Engineering, Linköping University, Linköping, Sweden; Swedish National Road and Transport Research Institute, Linköping, Sweden",IEEE Transactions on Intelligent Transportation Systems,"31 Jan 2019","2019","20","2","421","430","The objective of this paper is to investigate if signal analysis and machine learning can be used to develop an accurate sleepiness warning system. The developed system was trained using the supposedly most reliable sleepiness indicators available, extracted from electroencephalography, electrocardiography, electrooculography, and driving performance data (steering behavior and lane positioning). Sequential forward floating selection was used to select the most descriptive features, and five different classifiers were tested. A unique data set with 86 drivers, obtained while driving on real roads in real traffic, both in alert and sleep deprived conditions, was used to train and test the classifiers. Subjective ratings using the Karolinska sleepiness scale (KSS) was used to split the data as sufficiently alert (KSS ≤ 6) or sleepy (KSS ≥ 8). KSS = 7 was excluded to get a clearer distinction between the groups. A random forest classifier was found to be the most robust classifier with an accuracy of 94.1% (sensitivity 86.5%, specificity 95.7%). The results further showed the importance of personalizing a sleepiness detection system. When testing the classifier on data from a person that it had not been trained on, the sensitivity dropped to 41.4%. One way to improve the sensitivity was to add a biomathematical model of sleepiness amongst the features, which increased the sensitivity to 66.2% for participant-independent classification. Future works include taking contextual features into account, using classifiers that takes full advantage of sequential data, and to develop models that adapt to individual drivers.","1558-0016","","10.1109/TITS.2018.2814207","Swedish Innovation Agency through the FFI Program; Competence Centre Virtual Prototyping and Assessment by Simulation; ","https://ieeexplore.ieee.org/stamp/stamp.jsp?arnumber=8331164","Driver sleepiness;feature selection;classification;real driving","Sleep;Feature extraction;Vehicles;Electroencephalography;Electrocardiography;Roads;Electrooculography","","93","","78","IEEE","4 Apr 2018","Feb. 2019","","IEEE","IEEE Journals"
"Passivity-based neural network adaptive output feedback control for nonlinear nonnegative dynamical systems","T. Hayakawa; W. M. Haddad; J. M. Bailey; N. Hovakimyan","Japan Science and Technology Agency, Saitama, Japan; School of Aerospace Engineering, Georgia Institute of Technology, Atlanta, GA, USA; Department of Anesthesiology, Northeast Georgia Medical Center, Gainesville, GA, USA; Department of Aerospace and Ocean Engineering, Virginia Polytechnic Institute and State University, Blacksburg, VA, USA",IEEE Transactions on Neural Networks,"7 Mar 2005","2005","16","2","387","398","The potential clinical applications of adaptive neural network control for pharmacology in general, and anesthesia and critical care unit medicine in particular, are clearly apparent. Specifically, monitoring and controlling the depth of anesthesia in surgery is of particular importance. Nonnegative and compartmental models provide a broad framework for biological and physiological systems, including clinical pharmacology, and are well suited for developing models for closed-loop control of drug administration. In this paper, we develop a neural adaptive output feedback control framework for adaptive set-point regulation of nonlinear uncertain nonnegative and compartmental systems. The proposed framework is Lyapunov-based and guarantees ultimate boundedness of the error signals corresponding to the physical system states and the neural network weighting gains. The approach is applicable to nonlinear nonnegative systems with unmodeled dynamics of unknown dimension and guarantees that the physical system states remain in the nonnegative orthant of the state-space for nonnegative initial conditions. Finally, a numerical example involving the infusion of the anesthetic drug midazolam for maintaining a desired constant level of depth of anesthesia for noncardiac surgery is provided to demonstrate the efficacy of the proposed approach.","1941-0093","","10.1109/TNN.2004.841782","","https://ieeexplore.ieee.org/stamp/stamp.jsp?arnumber=1402500","Adaptive control;automated anesthesia;bispectral index (BIS);electroencephalography;exponential passivity;neural networks;nonlinear nonnegative systems;nonnegative control;output feedback","Neural networks;Adaptive systems;Programmable control;Adaptive control;Output feedback;Nonlinear control systems;Control systems;Medical control systems;Anesthesia;Surgery","Adaptation, Physiological;Feedback;Neural Networks (Computer);Nonlinear Dynamics","44","","34","IEEE","7 Mar 2005","March 2005","","IEEE","IEEE Journals"
"Automatic Identification of Epileptic Seizures From EEG Signals Using Sparse Representation-Based Classification","S. Sheykhivand; T. Y. Rezaii; Z. Mousavi; A. Delpak; A. Farzamnia","Biomedical Engineering Department, Faculty of Electrical and Computer Engineering, University of Tabriz, Tabriz, Iran; Biomedical Engineering Department, Faculty of Electrical and Computer Engineering, University of Tabriz, Tabriz, Iran; Department of Mechanical Engineering, Faculty of Mechanical Engineering, University of Tabriz, Tabriz, Iran; Neurosciences Research Center, Tabriz University of Medical Sciences, Tabriz, Iran; Faculty of Engineering, Universiti Malaysia Sabah, Kota Kinabalu, Malaysia",IEEE Access,"4 Aug 2020","2020","8","","138834","138845","Identifying seizure activities in non-stationary electroencephalography (EEG) is a challenging task since it is time-consuming, burdensome, and dependent on expensive human resources and subject to error and bias. A computerized seizure identification scheme can eradicate the above problems, assist clinicians, and benefit epilepsy research. So far, several attempts were made to develop automatic systems to help neurophysiologists accurately identify epileptic seizures. In this research, a fully automated system is presented to automatically detect the various states of the epileptic seizure. This study is based on sparse representation-based classification (SRC) theory and the proposed dictionary learning using electroencephalogram (EEG) signals. Furthermore, this work does not require additional preprocessing and extraction of features, which is common in the existing methods. This study reached the sensitivity, specificity, and accuracy of 100% in 8 out of 9 scenarios. It is also robust to the measurement noise of level as much as 0 dB. Compared to state-of-the-art algorithms and other common methods, our method outperformed them in terms of sensitivity, specificity, and accuracy. Moreover, it includes the most comprehensive scenarios for epileptic seizure detection, including different combinations of 2 to 5 class scenarios. The proposed automatic identification of epileptic seizures method can reduce the burden on medical professionals in analyzing large data through visual inspection as well as in deprived societies suffering from a shortage of functional magnetic resonance imaging (fMRI) equipment and specialized physician.","2169-3536","","10.1109/ACCESS.2020.3011877","Research and Innovation Management Center (PPPI) and the Faculty of Engineering, Universiti Malaysia Sabah (UMS); ","https://ieeexplore.ieee.org/stamp/stamp.jsp?arnumber=9149613","EEG;epilepsy;seizure;sparse representation-based classification;dictionary learning","Electroencephalography;Machine learning;Feature extraction;Epilepsy;Dictionaries;Classification algorithms;Matching pursuit algorithms","","24","","52","CCBY","27 Jul 2020","2020","","IEEE","IEEE Journals"
"High-Order Graphical Topology Analysis of Brain Functional Connectivity Networks Using fMRI","Q. Ling; A. Liu; Y. Li; T. Mi; P. Chan; B. T. Thomas Yeo; X. Chen","Department of Electronic Engineering and Information Science, University of Science and Technology of China, Hefei, China; Department of Electronic Engineering and Information Science, University of Science and Technology of China, Hefei, China; Department of Electronic Engineering and Information Science, University of Science and Technology of China, Hefei, China; Department of Neurology, Neurobiology and Geriatrics, Xuanwu Hospital of Capital Medical University,Beijing Institute for Brain Disorders, Beijing, China; Department of Neurology, Neurobiology and Geriatrics, Xuanwu Hospital of Capital Medical University,Beijing Institute for Brain Disorders, Beijing, China; Department of Electrical and Computer Engineering, National University of Singapore, Queenstown, Singapore; Department of Electronic Engineering and Information Science, University of Science and Technology of China, Hefei, China",IEEE Transactions on Neural Systems and Rehabilitation Engineering,"5 May 2025","2025","33","","1611","1620","The brain connectivity network can be represented as a graph to reveal its intrinsic topological properties. While classical graph theory provides a powerful framework for examining brain connectivity patterns, it often focuses on low-order graphical indicators and pays less attention to high-order topological metrics, which are crucial to the comprehensive understanding of brain topology. In this paper, we capture high-order topological features via a graphical topology analysis framework for brain connectivity networks derived from functional Magnetic Resonance Imaging (fMRI). Several high-order metrics are examined across varying sparsity levels of binary graphs to trace the evolution of brain networks. Topological phase transitions are primarily investigated that reflect brain criticality, and a novel indicator called “redundant energy” is proposed to measure the chaos level of the brain. Extensive experiments on diverse datasets from healthy controls validate the reproducibility and generalizability of our framework. The results demonstrate that around critical points, classical graph theoretical indicators change sharply, driven by crucial brain regions that have high node curvatures. Further investigations on fMRI of subjects with and without Parkinson’s disease uncover significant alterations in high-order topological features which are further associated with the severity of the disease. This study provides a fresh perspective on studying topological architectures of the brain, with the potential to expand our comprehension on brain function in both healthy and diseased states.","1558-0210","","10.1109/TNSRE.2025.3564293","National Natural Science Foundation of China(grant numbers:W2432042,82272070,62301344); China Scholarship Council(grant numbers:202406340108); ","https://ieeexplore.ieee.org/stamp/stamp.jsp?arnumber=10977007","Brain connectivity network;fMRI;graph theory;topology analysis;Parkinson’s disease","Functional magnetic resonance imaging;Network topology;Diseases;Topology;Entropy;Organizations;Ethics;Biomedical imaging;Time series analysis;Surface reconstruction","Humans;Magnetic Resonance Imaging;Brain;Algorithms;Nerve Net;Reproducibility of Results;Male;Brain Mapping;Female;Adult;Parkinson Disease;Neural Pathways;Middle Aged","3","","50","CCBYNCND","25 Apr 2025","2025","","IEEE","IEEE Journals"
"Electroencephalographic Signature of Out-of-Body Experiences Induced by Virtual Reality: A Novel Methodological Approach","C. Martial; H. Cassol; M. Slater; P. Bourdin; A. Mensen; R. Oliva; S. Laureys; P. Núñez","University of Liège, Belgium; University of Liège, Belgium; University of Barcelona, Spain; University of Barcelona, Spain; University of Bern, Switzerland; University of Barcelona, Spain; University of Liège, Belgium; University of Liège, Belgium",Journal of Cognitive Neuroscience,"30 Oct 2023","2023","35","9","1410","1422","Out-of-body experiences (OBEs) are subjective experiences of seeing one's own body and the environment from a location outside the physical body. They can arise spontaneously or in specific conditions, such as during the intake of dissociative drug. Given its unpredictable occurrence, one way to empirically study it is to induce subjective experiences resembling an OBE using technology such as virtual reality. We employed a complex multisensory method of virtual embodiment in a virtual reality scenario with seven healthy participants to induce virtual OBE-like experiences. Participants performed two conditions in a randomly determined order. For both conditions, the participant's viewpoint was lifted out of the virtual body toward the ceiling of the virtual room, and real body movements were (visuo-tactile ON condition) or were not (visuo-tactile OFF condition) translated into movements on the virtual body below—the latter aiming to maintain a feeling of connection with the virtual body. A continuous 128-electrode EEG was recorded. Participants reported subjective experiences of floating in the air and of feeling high up in the virtual room at a strong intensity, but a weak to moderate feeling of being “out of their body” in both conditions. The EEG analysis revealed that this subjective experience was associated with a power shift that manifested in an increase of delta and a decrease of alpha relative power. A reduction of theta complexity and an increase of beta-2 connectivity were also found. This supports the growing body of evidence revealing a prominent role of delta activity during particular conscious states.","0898-929X","","10.1162/jocn_a_02011","The University and University Hospital of Liège; Fundação Bial; Belgian National Funds for Scientific Research (FRS-FNRS); Human Brain Project SGA3(grant numbers:945539); Fonds De La Recherche Scientifique - FNRS; PDR Project(grant numbers:T.0134.21); ERA-Net FLAG-ERA JTC2021 Project ModelDXConsciousness (Human Brain Project Partnering Project); Generet Fund; Koning Boudewijnstichting; Télévie Foundation; European Space Agency (ESA); Belgian Federal Science Policy Office (BELSPO); Fondazione Europea di Ricerca Biomedica; Mind Science Foundation; European Commission; Fondation Leon Fredericq; ","https://ieeexplore.ieee.org/stamp/stamp.jsp?arnumber=10302023","","","","2","","","","30 Oct 2023","1 Sept. 2023","","MIT Press","MIT Press Journals"
"DC-ASTGCN: EEG Emotion Recognition Based on Fusion Deep Convolutional and Adaptive Spatio-Temporal Graph Convolutional Networks","X. Yang; Z. Zhu; G. Jiang; D. Wu; A. He; J. Wang","School of Computer Science and Technology, China University of Mining and Technology, Xuzhou, China; School of Computer Science and Technology, China University of Mining and Technology, Xuzhou, China; School of Computer Science and Technology, China University of Mining and Technology, Xuzhou, China; School of Computer Science and Technology, China University of Mining and Technology, Xuzhou, China; School of Electronic Science and Engineering, Nanjing University, Nanjing, China; Smart Health Big Data Analysis and Location Services Engineering Research Center of Jiangsu Province, School of Geographic and Biologic Information, Nanjing University of Posts and Telecommunications, Nanjing, China",IEEE Journal of Biomedical and Health Informatics,"4 Apr 2025","2025","29","4","2471","2483","Thanks to advancements in artificial intelligence and brain-computer interface (BCI) research, there has been increasing attention towards emotion recognition techniques based on electroencephalogram (EEG) recently. The complexity of EEG data poses a challenge when it comes to accurately classifying emotions by integrating time, frequency, and spatial domain features. To address this challenge, this paper proposes a fusion model called DC-ASTGCN, which combines the strengths of deep convolutional neural network (DCNN) and adaptive spatio-temporal graphic convolutional neural network (ASTGCN) to comprehensively analyze and understand EEG signals. The DCNN focuses on extracting frequency-domain and local spatial features from EEG signals to identify brain region activity patterns, while the ASTGCN, with its spatio-temporal attention mechanism and adaptive brain topology layer, reveals the functional connectivity features between brain regions in different emotional states. This integration significantly enhances the model's ability to understand and recognize emotional states. Extensive experiments conducted on the DEAP and SEED datasets demonstrate that the DC-ASTGCN model outperforms existing state-of-the-art methods in terms of emotion recognition accuracy.","2168-2208","","10.1109/JBHI.2024.3449083","Xuzhou Key Research and Development Program(grant numbers:KC21304); National Natural Science Foundation of China(grant numbers:62176258); ","https://ieeexplore.ieee.org/stamp/stamp.jsp?arnumber=10666790","Adaptive spatio-temporal graphic convolutional neural network (ASTGCN);deep convolutional neural network (DCNN);EEG;emotion recognition","Electroencephalography;Brain modeling;Emotion recognition;Feature extraction;Long short term memory;Convolutional neural networks","Humans;Electroencephalography;Emotions;Neural Networks, Computer;Signal Processing, Computer-Assisted;Brain;Brain-Computer Interfaces;Deep Learning;Adult","17","","58","IEEE","5 Sep 2024","April 2025","","IEEE","IEEE Journals"
"Riemannian Distances for Signal Classification by Power Spectral Density","Y. Li; K. M. Wong","Department of Electrical and Computer Engineering, McMaster University, Hamilton, ONT, Canada; Department of Electrical and Computer Engineering, McMaster University, Hamilton, ONT, Canada",IEEE Journal of Selected Topics in Signal Processing,"15 Jul 2013","2013","7","4","655","669","Signal classification is an important issue in many branches of science and engineering. In signal classification, a feature of the signals is often selected for similarity comparison. A distance metric must then be established to measure the dissimilarities between different signal features. Due to the natural characteristics of dynamic systems, the power spectral density (PSD) of a signal is often used as a feature to facilitate classification. We reason in this paper that PSD matrices have structural constraints and that they describe a manifold in the signal space. Thus, instead of the widely used Euclidean distance (ED), a more appropriate measure is the Riemannian distance (RD) on the manifold. Here, we develop closed-form expressions of the RD between two PSD matrices on the manifold and study some of the properties. We further show how an optimum weighting matrix can be developed for the application of RD to signal classification. These new distance measures are then applied to the classification of electroencephalogram (EEG) signals for the determination of sleep states and the results are highly encouraging.","1941-0484","","10.1109/JSTSP.2013.2260320","","https://ieeexplore.ieee.org/stamp/stamp.jsp?arnumber=6509394","Power spectral density;Riemannian distance;Riemannian manifolds;signal classification","Manifolds;Measurement;Vectors;Closed-form solutions;Eigenvalues and eigenfunctions;Feature extraction;Libraries","","60","2","54","IEEE","26 Apr 2013","Aug. 2013","","IEEE","IEEE Journals"
"CFBC: A Network for EEG Emotion Recognition by Selecting the Information of Crucial Frequency Bands","M. Zhu; Z. Bai; Q. Wu; J. Wang; W. Xu; Y. Song; Q. Gao","Tianjin Key Laboratory for Control Theory and Applications in Complicated Systems, School of Electrical Engineering and Automation, Tianjin University of Technology, Tianjin, China; Tianjin Key Laboratory for Control Theory and Applications in Complicated Systems, School of Electrical Engineering and Automation, Tianjin University of Technology, Tianjin, China; Tianjin Key Laboratory for Control Theory and Applications in Complicated Systems, School of Electrical Engineering and Automation, Tianjin University of Technology, Tianjin, China; Tianjin Key Laboratory for Control Theory and Applications in Complicated Systems, School of Electrical Engineering and Automation, Tianjin University of Technology, Tianjin, China; Tianjin Key Laboratory for Control Theory and Applications in Complicated Systems, School of Electrical Engineering and Automation, Tianjin University of Technology, Tianjin, China; Tianjin Key Laboratory for Control Theory and Applications in Complicated Systems, School of Electrical Engineering and Automation, Tianjin University of Technology, Tianjin, China; Tianjin Key Laboratory for Control Theory and Applications in Complicated Systems, TUT Maritime College, Tianjin University of Technology, Tianjin, China",IEEE Sensors Journal,"2 Oct 2024","2024","24","19","30451","30461","In this work, inspired by the frequency band division theory of electroencephalogram (EEG) signals, we propose the crucial frequency band convolution (CFBC) network method to explore the crucial frequency range of frequency domain features. CFBC includes two parts: spatial feature extractor and crucial frequency band selector. First, we extracted differential entropy (DE) and power spectral density (PSD) features from the frequency domain of each EEG channel by different frequency bands. To avoid the loss of effective spatial information in processing, we interpolate the EEG feature maps by the relative location of electrodes. The spatial feature extractor captures spatial information using channel-by-channel convolution with the 2-D EEG feature maps containing electrode position information. The crucial frequency band selector performs causal dilated convolution for the selected frequency band sequence so that the features contained in different frequency bands are stacked into a feature vector. Finally, CFBC realizes the purpose of combining multiple selected frequency bands to extract the cross-frequency band feature vector. To evaluate the proposed method, we conducted a subject-dependent EEG emotion recognition experiment in the SEED dataset. The experimental result shows that the selection of a frequency band has an impact on the emotion classification effect of frequency domain features.","1558-1748","","10.1109/JSEN.2024.3440340","National Natural Science Foundation of China(grant numbers:62103299); Tianjin University of Technology Education Foundation(grant numbers:TJ22-01); ","https://ieeexplore.ieee.org/stamp/stamp.jsp?arnumber=10639352","Crucial frequency band selector;electroencephalography (EEG);emotion recognition;spatial feature extractor;spatial-frequency feature","Feature extraction;Electroencephalography;Emotion recognition;Frequency conversion;Frequency-domain analysis;Convolutional neural networks;Brain modeling","","7","","48","IEEE","19 Aug 2024","1 Oct.1, 2024","","IEEE","IEEE Journals"
"Development and Validation of an EEG-Based Real-Time Emotion Recognition System Using Edge AI Computing Platform With Convolutional Neural Network System-on-Chip Design","W. -C. Fang; K. -Y. Wang; N. Fahier; Y. -L. Ho; Y. -D. Huang","Department of Electronics Engineering, National Chiao Tung University, Hsinchu, Taiwan; Department of Electronics Engineering, National Chiao Tung University, Hsinchu, Taiwan; Department of Electronics Engineering, National Chiao Tung University, Hsinchu, Taiwan; Department of Electronics Engineering, National Chiao Tung University, Hsinchu, Taiwan; Department of Electronics Engineering, National Chiao Tung University, Hsinchu, Taiwan",IEEE Journal on Emerging and Selected Topics in Circuits and Systems,"11 Dec 2019","2019","9","4","645","657","This study proposed an electroencephalogram (EEG)-based real-time emotion recognition hardware system architecture based on multiphase convolutional neural network (CNN) algorithm implemented on a 28-nm technology chip and on field programmable gate array (FPGA) for binary and quaternary classification. Sample entropy, differential asymmetry, short-time Fourier transform, and a channel reconstruction method were used for emotion feature extraction. In this work, six EEG channels were selected (FP1, FP2, F3, F4, F7, and F8), and EEG images were generated from spectrogram fusions. The complete CNN architecture included training and acceleration for efficient artificial intelligence (AI) edge application, and we proposed a multiphase CNN execution method to accommodate hardware resource constraints. Datasets of 32 subjects from the DEAP database were used to validate the proposed design, exhibiting mean accuracies for valance binary classification and valance-arousal quaternary classification of 83.36% and 76.67%, respectively. The core area and total power consumption of the CNN chip were 1.83 x 1.83 mm2, respectively, and 76.61 mW. The chip operation was validated using ADVANTEST V93000 PS1600, and the training process and real-time classification processing time took 0.12495 ms and 0.02634 ms for each EEG image, respectively. The proposed EEG-based realtime emotion recognition system included a dry electrode EEG headset, feature extraction processor, CNN chip platform, and graphical user interface, and the execution time costed 450 ms for each emotional state recognition.","2156-3365","","10.1109/JETCAS.2019.2951232","Ministry of Science and Technology, Taiwan; ","https://ieeexplore.ieee.org/stamp/stamp.jsp?arnumber=8890664","Emotion recognition;convolutional neural network (CNN);system-on-chip;electroencephalography;affective computing","Electroencephalography;Emotion recognition;Real-time systems;Artificial intelligence;Feature extraction;Convolutional neural networks;System-on-chip","","73","","32","IEEE","4 Nov 2019","Dec. 2019","","IEEE","IEEE Journals"
"Discrimination of Driver Fatigue Based on Distortion Energy Density Theory and Multiple Physiological Signals","L. Wang; H. Wang; J. Liu","Department of Mechanical Engineering, Shenyang Institute of Engineering, Shenyang, China; School of Mechanical Engineering and Automation, Northeastern University, Shenyang, China; Department of Mechanical Engineering, Shenyang Institute of Engineering, Shenyang, China",IEEE Access,"16 Nov 2021","2021","9","","151824","151833","Driver fatigue is an important contributor to traffic accidents, and driver fatigue is significant for the safety of people’s lives. Aiming to prevent traffic accidents caused by driver fatigue, a series of real driving experiments was carried out in the present work. First, based on an analysis with respect to distortion energy density (DED) theory and the experimental results, the upper trapezius at 6th neck vertebrae is more sensitive to driver fatigue and easier to fatigue than that at 7th neck vertebrae in a real driving. And then 2 cm from the 6th vertebrae on both sides were selected as the locations of data acquisition for electromyography (EMG) signal. The experimental results show that the approximate entropy (ApEn) from the electroencephalography (EEG), EMG, and respiration (RESP) signals decreases with increasing driving time, indicating that the degree of fatigue increases. After approximately 90 min, the rate of decrease in ApEn becomes slow, indicating deeper driver fatigue. According to three-D analysis, principal component analysis, and fuzzy C-means clustering analysis, the EEG-EMG combination effectively reflects the state of drivers. Finally, the ApEns from EEG and EMG were selected as independent variables, and a discriminant model of driver fatigue based on Mahalanobis distance theory was built. The accuracy of the model is up to 90.92% by 10-fold cross validation. The reasons for the high accuracy are the reasonable selection of the locations of EMG data acquisition and better degree of discrimination of EEG and EMG. The main contributions of this study are to provide a theoretical foundation for establishing internationally recognized standard locations for neck EMG data acquisition, and to provide a feasible method for discriminating driver fatigue in real driving tasks.","2169-3536","","10.1109/ACCESS.2021.3125052","National Natural Science Foundation of China(grant numbers:NSFC 62001312); Initiation Foundation of Doctoral Research of Liaoning(grant numbers:2019-BS-172); ","https://ieeexplore.ieee.org/stamp/stamp.jsp?arnumber=9599716","Discriminant model of driver fatigue;distortion energy density (DED) theory;multiple physiological signals;approximate entropy","Fatigue;Vehicles;Electromyography;Physiology;Electroencephalography;Task analysis;Brain modeling","","4","","53","CCBY","2 Nov 2021","2021","","IEEE","IEEE Journals"
"Design and Implementation of a P300-Based Brain-Computer Interface for Controlling an Internet Browser","E. M. Mugler; C. A. Ruf; S. Halder; M. Bensch; A. Kubler","Bioengineering Department, University of Illinois, Chicago, Chicago, IL, USA; Institute of Medical Psychology and Behavioral Neurobiology, University of Tübingen, Tubingen, Germany; Institute of Medical Psychology and Behavioral Neurobiology, University of Tübingen, Tubingen, Germany; Department of Computer Engineering, University of Tübingen, Tubingen, Germany; Department of Psychology I: Biological Psychology, Clinical Psychology and Psychotherapy, University of Würzburg, Wurzburg, Germany",IEEE Transactions on Neural Systems and Rehabilitation Engineering,"6 Dec 2010","2010","18","6","599","609","An electroencephalographic (EEG) brain-computer interface (BCI) internet browser was designed and evaluated with 10 healthy volunteers and three individuals with advanced amyotrophic lateral sclerosis (ALS), all of whom were given tasks to execute on the internet using the browser. Participants with ALS achieved an average accuracy of 73% and a subsequent information transfer rate (ITR) of 8.6 bits/min and healthy participants with no prior BCI experience over 90% accuracy and an ITR of 14.4 bits/min. We define additional criteria for unrestricted internet access for evaluation of the presented and future internet browsers, and we provide a review of the existing browsers in the literature. The P300-based browser provides unrestricted access and enables free web surfing for individuals with paralysis.","1558-0210","","10.1109/TNSRE.2010.2068059","","https://ieeexplore.ieee.org/stamp/stamp.jsp?arnumber=5559475","Brain–computer interface (BCI);electroencephalography;rehabilitation","Browsers;Internet;Brain computer interfaces;Electroencephalography;Patient rehabilitation","Adult;Affect;Algorithms;Amyotrophic Lateral Sclerosis;Brain;Data Interpretation, Statistical;Depression;Disease Progression;Electroencephalography;Equipment Design;Event-Related Potentials, P300;Female;Humans;Information Systems;Internet;Male;Middle Aged;Motivation;Paralysis;Paralysis;Quality of Life;User-Computer Interface;Young Adult","144","","48","IEEE","30 Aug 2010","Dec. 2010","","IEEE","IEEE Journals"
"Automatic and Quantitative Electroencephalographic Characterization of Drug-Resistant Epilepsy in Neonatal KCNQ2 Epileptic Encephalopathy","Z. Zeng; Y. Xu; C. Chen; L. Zhou; Y. Wang; M. Liu; L. Meng; Y. Zhou; W. Chen","Center for Intelligent Medical Electronics, School of Information Science and Technology, Fudan University, Shanghai, China; Department of Neurology, National Children’s Medical Center, Children’s Hospital of Fudan University, Shanghai, China; Human Phenome Institute, Fudan University, Shanghai, China; Center for Intelligent Medical Electronics, School of Information Science and Technology, Fudan University, Shanghai, China; Center for Intelligent Medical Electronics, School of Information Science and Technology, Fudan University, Shanghai, China; Center for Intelligent Medical Electronics, School of Information Science and Technology, Fudan University, Shanghai, China; Center for Intelligent Medical Electronics, School of Information Science and Technology, Fudan University, Shanghai, China; Department of Neurology, National Children’s Medical Center, Children’s Hospital of Fudan University, Shanghai, China; Center for Intelligent Medical Electronics, School of Information Science and Technology, Fudan University, Shanghai, China",IEEE Transactions on Neural Systems and Rehabilitation Engineering,"26 Jul 2023","2023","31","","3004","3014","KCNQ2 epileptic encephalopathy is relatively common in early-onset neonatal epileptic encephalopathy and seizure severity varied widely, categorized as drug-sensitive epilepsy and drug-resistant epilepsy. However, in clinical practice, anti-seizure medicines need to be gradually adjusted based on seizure control which undoubtedly increases the economic burden of patients, so further positive anti-seizure regimens depend on whether seizure severity can be predicted in advance. In this paper, we proposed a reliable assessment to differentiate between drug-sensitive epilepsy and drug-resistant epilepsy caused by KCNQ2 pathogenic variants. Based on the electroencephalogram (EEG) and electrooculogram (EOG) signals, twenty-four classical temporal and spectral domain features were extracted and Gradient Boosting Decision Tree (GBDT) was employed to distinguish between patients with drug-sensitive epilepsy and drug-resistant epilepsy. In addition, we also systematically investigated the impact of channel combination and feature combination based on the forward stepwise selection strategy. By employing selected channels and features, the classification accuracy can reach 81.25% with a sensitivity of 57.14% and specificity of 100%. Compared with the state-of-the-art techniques, including the functional network, effective network, and common spatial patterns, the improvement of accuracy ranges from 37.5% to 56.25%, indicating the superiority of our proposed method. Overall, the proposed method may provide a promising tool to distinguish different seizure outcomes of KCNQ2 epileptic encephalopathy.","1558-0210","","10.1109/TNSRE.2023.3294909","Shanghai Municipal Science and Technology International Research and Development Collaboration Project(grant numbers:20510710500); Shanghai Committee of Science and Technology(grant numbers:20S31903900); National Natural Science Foundation of China(grant numbers:62001118); ","https://ieeexplore.ieee.org/stamp/stamp.jsp?arnumber=10182364","KCNQ2 epileptic encephalopathy;drug-resistant epilepsy;electroencephalogram (EEG);gradient boosting decision tree (GBDT)","Feature extraction;Electroencephalography;Epilepsy;Pediatrics;Sleep;Spectral analysis;Medical diagnostic imaging","Infant, Newborn;Humans;KCNQ2 Potassium Channel;Epilepsy;Epilepsy, Generalized;Electroencephalography;Drug Resistant Epilepsy","4","","46","CCBYNCND","13 Jul 2023","2023","","IEEE","IEEE Journals"
"Identifying Stable Patterns over Time for Emotion Recognition from EEG","W. -L. Zheng; J. -Y. Zhu; B. -L. Lu","Department of Computer Science and Engineering, Key Laboratory of Shanghai Education Commission for Intelligent Interaction and Cognitive Engineering, Shanghai Jiao Tong University, Shanghai, China; Department of Computer Science and Engineering, Key Laboratory of Shanghai Education Commission for Intelligent Interaction and Cognitive Engineering, Shanghai Jiao Tong University, Shanghai, China; Department of Computer Science and Engineering, Key Laboratory of Shanghai Education Commission for Intelligent Interaction and Cognitive Engineering, Shanghai Jiao Tong University, Shanghai, China",IEEE Transactions on Affective Computing,"4 Sep 2019","2019","10","3","417","429","In this paper, we investigate stable patterns of electroencephalogram (EEG) over time for emotion recognition using a machine learning approach. Up to now, various findings of activated patterns associated with different emotions have been reported. However, their stability over time has not been fully investigated yet. In this paper, we focus on identifying EEG stability in emotion recognition. We systematically evaluate the performance of various popular feature extraction, feature selection, feature smoothing and pattern classification methods with the DEAP dataset and a newly developed dataset called SEED for this study. Discriminative Graph regularized Extreme Learning Machine with differential entropy features achieves the best average accuracies of 69.67 and 91.07 percent on the DEAP and SEED datasets, respectively. The experimental results indicate that stable patterns exhibit consistency across sessions; the lateral temporal areas activate more for positive emotions than negative emotions in beta and gamma bands; the neural patterns of neutral emotions have higher alpha responses at parietal and occipital sites; and for negative emotions, the neural patterns have significant higher delta responses at parietal and occipital sites and higher gamma responses at prefrontal sites. The performance of our emotion recognition models shows that the neural patterns are relatively stable within and between sessions.","1949-3045","","10.1109/TAFFC.2017.2712143","National Natural Science Foundation of China(grant numbers:61673266,61272248); National Basic Research Program of China (973 Program)(grant numbers:2013CB329401); Major Basic Research Program of Shanghai Science and Technology Committee(grant numbers:15JC1400103); ZBYY-MOE Joint Funding(grant numbers:6141A02022604); Technology Research and Development Program of China Railway Corporation(grant numbers:2016Z003-B); ","https://ieeexplore.ieee.org/stamp/stamp.jsp?arnumber=7938737","Affective computing;affective brain-computer interaction;emotion recognition;EEG;stable EEG patterns;machine learning;extreme learning machine","Electroencephalography;Emotion recognition;Stability analysis;Feature extraction;Brain modeling;Time-frequency analysis;Support vector machines","","827","","66","IEEE","5 Jun 2017","1 July-Sept. 2019","","IEEE","IEEE Journals"
"Reconfiguring Motor Circuits for a Joint Manual and BCI Task","B. Lansdell; I. Milovanovic; C. Mellema; E. E. Fetz; A. L. Fairhall; C. T. Moritz","Department of Applied Mathematics, University of Washington, Seattle, USA; Department of Rehabilitation Medicine, University of Washington, Seattle, USA; Department of Physiology and Biophysics, University of Washington, Seattle, USA; Department of Physiology and Biophysics, University of Washington, Seattle, USA; Department of Physiology and Biophysics, University of Washington, Seattle, USA; Center for Neurotechnology, University of Washington, Seattle, USA",IEEE Transactions on Neural Systems and Rehabilitation Engineering,"8 Jan 2020","2020","28","1","248","257","Designing brain-computer interfaces (BCIs) that can be used in conjunction with ongoing motor behavior requires an understanding of how neural activity co-opted for brain control interacts with existing neural circuits. For example, BCIs may be used to regain lost motor function after stroke. This requires that neural activity controlling unaffected limbs is dissociated from activity controlling the BCI. In this study we investigated how primary motor cortex accomplishes simultaneous BCI control and motor control in a task that explicitly required both activities to be driven from the same brain region (i.e. a dual-control task). Single-unit activity was recorded from intracortical, multi-electrode arrays while a non-human primate performed this dual-control task. Compared to activity observed during naturalistic motor control, we found that both units used to drive the BCI directly (control units) and units that did not directly control the BCI (non-control units) significantly changed their tuning to wrist torque. Using a measure of effective connectivity, we observed that control units decrease their connectivity. Through an analysis of variance we found that the intrinsic variability of the control units has a significant effect on task proficiency. When this variance is accounted for, motor cortical activity is flexible enough to perform novel BCI tasks that require active decoupling of natural associations to wrist motion. This study provides insight into the neural activity that enables a dual-control brain-computer interface.","1558-0210","","10.1109/TNSRE.2019.2944347","American Heart and Stroke Association Scientist Development(grant numbers:NCRP 09SDG2230091); Paul G. Allen Family Foundation; National Institutes of Health(grant numbers:NS12542,RR00166); Center for Neurotechnology; National Science Foundation(grant numbers:EEC-1028725); WRF UW Institute for Neuroengineering; Washington Research Foundation; ","https://ieeexplore.ieee.org/stamp/stamp.jsp?arnumber=8851291","Brain-computer interfaces (BCIs);neuroscience","Task analysis;Wrist;Neural activity;Torque;Manuals;Motor drives;Tuning","Algorithms;Animals;Brain-Computer Interfaces;Efferent Pathways;Electric Stimulation;Entropy;Macaca nemestrina;Male;Motor Cortex;Psychomotor Performance;Reproducibility of Results;Torque;Wrist","6","","41","IEEE","27 Sep 2019","Jan. 2020","","IEEE","IEEE Journals"
"SLEEP-SAFE: Self-Supervised Learning for Estimating Electroencephalogram Patterns With Structural Analysis of Fatigue Evidence","W. Ko; J. Choe; J. Kang","School of AI Convergence, Sungshin Women’s University, Seoul, Republic of Korea; Department of Psychology, Sungshin Women’s University, Seoul, Republic of Korea; School of AI Convergence, Sungshin Women’s University, Seoul, Republic of Korea",IEEE Access,"28 Feb 2025","2025","13","","35805","35817","Recently, deep learning frameworks have gained increasing attentions from electroencephalogram (EEG)-based driver’s fatigue estimation, thanks to their unprecedented feature extraction calibre. However, it is still challenging to develop session- and/or subject-independent system, because of the complex structural characteristics of EEG signals. In this regard, this work proposes a novel deep convolutional neural network architecture that can learn spectro-spatio-temporal representation of the vigilance EEG signals, thereby achieving a powerful mental status recognition ability. Specifically, the proposed network pretrained via two novel self-supervision pretext tasks. Further, both differential entropy and EEG signal itself are exploited to acquire rich features. To demonstrate the validity of the proposed methods, this work conduct intra- and inter-subject classification experiments using a publicly available dataset. In the exhaustive experiments, we observed that our proposed framework has practical availability. Specifically, our proposed multiple path structure improved the model’s performance by  $3\sim 7$  percentage points (%p) in the session-independent setting and by  $6\sim 9$  %p in the subject-independent setting. Besides, the novel self-supervised learning strategy enhanced the performance by  $10\sim 17$  and  $12\sim 16$  %p in the session- and subject-independent case, respectively. Furthermore, this work also investigate strengths and society-friendliness of our proposed framework.","2169-3536","","10.1109/ACCESS.2025.3545094","Sungshin Women’s University Research Grant of 2024; ","https://ieeexplore.ieee.org/stamp/stamp.jsp?arnumber=10902181","Brain-computer interface;convolutional neural network;deep learning;drowsiness detection;electroencephaogram;fatigue recognition;inter-subject;intra-subject;machine learning;vigilance estimation","Electroencephalography;Feature extraction;Fatigue;Self-supervised learning;Deep learning;Convolutional neural networks;Convolution;Estimation;Entropy;Brain modeling","","3","","67","CCBY","24 Feb 2025","2025","","IEEE","IEEE Journals"
"Detecting Fake News Belief via Skin and Blood Flow Signals","G. Nguyen; L. Wang; Y. Jiang; T. Gedeon","School of Computing, The Australian National University, Canberra, ACT, Australia; School of Engineering and Built Environment–Electrical and Electronic Engineering, Griffith University, Brisbane, QLD, Australia; School of Medicine and Psychology, The Australian National University, Canberra, ACT, Australia; School of Computing, The Australian National University, Canberra, ACT, Australia",IEEE Access,"2 Mar 2026","2026","14","","30265","30277","Misinformation poses significant risks to public opinion, health, and security. While most fake news detection methods rely on text analysis, little is known about how people physically respond to false information or repeated exposure to the same statements. This study investigates whether wearable sensors can detect belief in a statement or prior exposure to it. We conducted a controlled experiment where participants evaluated statements while wearing an EmotiBit sensor that measured their skin conductance (electrodermal activity, EDA) and peripheral blood flow (photoplethysmography, PPG). From 28 participants, we collected a dataset of 671 trials, each labeled with whether the participant believed the statement and whether they had seen it before. This dataset introduces a new resource for studying physiological responses to misinformation. Using machine learning models, including KNN, CNN, and LightGBM, we analyzed these physiological patterns. The best-performing model achieved an accuracy of 62.69% on the belief classification task, with EDA outperforming PPG. These findings demonstrate the potential of wearable sensors as a minimally intrusive tool for detecting belief and prior exposure, offering new directions for real-time misinformation detection and adaptive, user-aware systems.","2169-3536","","10.1109/ACCESS.2026.3667798","","https://ieeexplore.ieee.org/stamp/stamp.jsp?arnumber=11408785","Misinformation detection;wearable sensors;electrodermal activity (EDA);photoplethysmography (PPG);physiological computing;belief modeling;machine learning;emotional arousal;human–AI interaction;fake news","Fake news;Physiology;Skin;Blood flow;Accuracy;Wearable sensors;Electroencephalography;Australia;Electronic mail;Adaptation models","","","","56","CCBY","24 Feb 2026","2026","","IEEE","IEEE Journals"
"Multiscale Functional Clustering Reveals Frequency Dependent Brain Organization in Type II Focal Cortical Dysplasia With Sleep Hypermotor Epilepsy","S. Coelli; E. Maggioni; A. Rubino; C. Campana; L. Nobili; A. M. Bianchi","Department of Electronics, Information and Bioengineering, Politecnico di Milano, Milan, Italy; Department of Neurosciences and Mental Health, University of Milan; Centre for Epilepsy Surgery, Niguarda Hospital; Centre for Epilepsy Surgery, Niguarda Hospital; Department of Neuroscience, University of Genoa; Department of Electronics, Information and Bioengineering, Politecnico di Milano",IEEE Transactions on Biomedical Engineering,"18 Sep 2019","2019","66","10","2831","2839","Objective: A multiscale functional clustering approach is proposed to investigate the organization of the epileptic networks during different sleep stages and in relation with the occurrence of seizures. Method: Stereo-electroencephalographic signals from seven pharmaco-resistant epileptic patients (focal cortical dysplasia type II) were analyzed. The discrete wavelet transform provided a multiscale framework on which a data-driven functional clustering procedure was applied, based on multivariate measures of integration and mutual information. The most interacting functional clusters (FCs) within the sampled brain areas were extracted. Results: FCs characterized by strongly integrated activity were observed mostly in the beta and alpha frequency bands, immediately before seizure onset and in deep sleep stages. These FCs generally included the electrodes from the epileptogenic zone. Furthermore, repeatable patterns were found across ictal events in the same patient. Conclusion: In line with previous studies, our findings provide evidence of the important role of beta and alpha activity in seizures generation and support the relation between epileptic activity and sleep stages. Significance: Despite the small number of subjects included in the study, the present results suggest that the proposed multiscale functional clustering approach is a useful tool for the identification of the frequency-dependent mechanisms underlying seizure generation.","1558-2531","","10.1109/TBME.2019.2896893","Fondazione Cariplo(grant numbers:2016-0908); Italian Minister of Health-Targeted(grant numbers:RF-2010-2319316); ","https://ieeexplore.ieee.org/stamp/stamp.jsp?arnumber=8632671","SEEG;epilepsy;functional clustering;focal cortical dysplasia (FCD)","Sleep;Epilepsy;Time-frequency analysis;Finite impulse response filters;Power harmonic filters;Microsoft Windows;Discrete wavelet transforms","Adolescent;Adult;Algorithms;Cluster Analysis;Electroencephalography;Epilepsy;Female;Humans;Male;Malformations of Cortical Development, Group I;Neural Pathways;Sleep Stages","13","","48","IEEE","1 Feb 2019","Oct. 2019","","IEEE","IEEE Journals"
"FLDNet: Frame-Level Distilling Neural Network for EEG Emotion Recognition","Z. Wang; T. Gu; Y. Zhu; D. Li; H. Yang; W. Du","Key Laboratory of Advanced Control and Optimization for Chemical Processes, Ministry of Education, East China University of Science and Technology, Shanghai, P.R. China; Key Laboratory of Advanced Control and Optimization for Chemical Processes, Ministry of Education, East China University of Science and Technology, Shanghai, P.R. China; Department of Computer Science and Engineering, East China University of Science and Technology, Shanghai, P.R. China; Department of Computer Science and Engineering, East China University of Science and Technology, Shanghai, P.R. China; Department of Computer Science and Engineering, East China University of Science and Technology, Shanghai, P.R. China; Department of Computer Science and Engineering, East China University of Science and Technology, Shanghai, P.R. China",IEEE Journal of Biomedical and Health Informatics,"27 Jul 2021","2021","25","7","2533","2544","Based on the current research on EEG emotion recognition, there are some limitations, such as hand-engineered features, redundant and meaningless signal frames and the loss of frame-to-frame correlation. In this paper, a novel deep learning framework is proposed, named the frame-level distilling neural network (FLDNet), for learning distilled features from the correlations of different frames. A layer named the frame gate is designed to integrate weighted semantic information on multiple frames to remove redundant and meaningless signal frames. A triple-net structure is introduced to distill the learned features net by net to replace the hand-engineered features with professional knowledge. Specifically, one neural network is normally trained for several epochs. Then, a second network of the same structure will be initialized again to learn the extracted features from the frame gate of the first neural network based on the output of the first net. Similarly, the third net improves the features based on the frame gate of the second network. To utilize the representation ability of the triple neural network, an ensemble layer is conducted to integrate the discriminative ability of the proposed framework for final decisions. Consequently, the proposed FLDNet provides an effective method for capturing the correlation between different frames and automatically learn distilled high-level features for emotion recognition. The experiments are carried out in a subject-independent emotion recognition task on public emotion datasets of DEAP and DREAMER benchmarks, which have demonstrated the effectiveness and robustness of the proposed FLDNet.","2168-2208","","10.1109/JBHI.2021.3049119","Shanghai Science and Technology Program(grant numbers:20511100600); National Natural Science Foundation of China(grant numbers:62076094); Key Lab of Information Network Security of Ministry of Public Security; The Third Research Institute of Ministry of Public Security(grant numbers:C20603); National Key Research and Development Project of Ministry of Science and Technology of China(grant numbers:2018AAA0101302); Natural Science Foundations of China(grant numbers:61806078); National Major Scientific and Technological Special Project; Significant New Drugs Development(grant numbers:2019ZX09201004); Zhejiang Lab(grant numbers:2019ND0AB01); ","https://ieeexplore.ieee.org/stamp/stamp.jsp?arnumber=9314183","Knowledge distillation;self-attention;teacher-student structure;neural network;EEG emotion recognition","Electroencephalography;Emotion recognition;Feature extraction;Logic gates;Brain modeling;Training;Correlation","Electroencephalography;Emotions;Humans;Neural Networks, Computer","51","","49","IEEE","5 Jan 2021","July 2021","","IEEE","IEEE Journals"
"A Multimodal System for Assessing Alertness Levels Due to Cognitive Loading","A. Sengupta; A. Dasgupta; A. Chaudhuri; A. George; A. Routray; R. Guha","Department of Electrical Engineering, IIT Kharagpur, Kharagpur, India; Department of Electrical Engineering, IIT Kharagpur, Kharagpur, India; Advanced Technology Development Center, IT Kharagpur, Kharagpur, India; Department of Electrical Engineering, IIT Kharagpur, Kharagpur, India; Department of Electrical Engineering, IIT Kharagpur, Kharagpur, India; Centre for Educational Technology, IIT Kharagpur, Kharagpur, India",IEEE Transactions on Neural Systems and Rehabilitation Engineering,"3 Aug 2017","2017","25","7","1037","1046","This paper proposes a scheme for assessing the alertness levels of an individual using simultaneous acquisition of multimodal physiological signals and fusing the information into a single metric for quantification of alertness. The system takes electroencephalogram, high-speed image sequence, and speech data as inputs. Certain parameters are computed from each of these measures as indicators of alertness and a metric is proposed using a fusion of the parameters for indicating alertness level of an individual at an instant. The scheme has been validated experimentally using standard neuropsychological tests, such as the Visual Response Test (VRT), Auditory Response Test (ART), a Letter Counting (LC) task, and the Stroop Test. The tests are used both as cognitive tasks to induce mental fatigue as well as tools to gauge the present degree of alertness of the subject. Correlation between the measures has been studied and the experimental variables have been statistically analyzed using measures such as multivariate linear regression and analysis of variance. Correspondence of trends obtained from biomarkers and neuropsychological measures validate the usability of the proposed metric.","1558-0210","","10.1109/TNSRE.2017.2672080","","https://ieeexplore.ieee.org/stamp/stamp.jsp?arnumber=7859391","Alertness;EEG;eye saccade;speech;cognitive loading","Electroencephalography;Fatigue;Speech;Pollution measurement;Physiology;Sleep","Adult;Attention;Cognition;Diagnosis, Computer-Assisted;Electroencephalography;Eye Movements;Female;Fixation, Ocular;Humans;Male;Mental Fatigue;Neuropsychological Tests;Photography;Psychomotor Performance;Reproducibility of Results;Sensitivity and Specificity;Speech Production Measurement","22","","61","IEEE","20 Feb 2017","July 2017","","IEEE","IEEE Journals"
"Evidence of state-dependent interhemispheric relationships in lizard EEG during the awake state","E. Pereda; A. Gamundi; M. C. Nicolau; L. De Vera; J. J. Gonzalez","Departamento de Fìsica Básica, Universidad de La Laguna, Tenerife, Spain; Laboratori de Fisiología, Departament de Biologia, F.i C.S., Universitat de les Illes Balears, Palma de Mallorca, Spain; Laboratori de Fisiología, Departament de Biologia, F.i C.S., Universitat de les Illes Balears, Palma de Mallorca, Spain; Laboratorio de Biofìsica, Departamento de Fisiologiía, Universidad de La Laguna, Tenerife, Spain; Laboratorio de Biofìsica, Departamento de Fisiologiía, Universidad de La Laguna, Tenerife, Spain",IEEE Transactions on Biomedical Engineering,"7 Aug 2002","2002","49","6","548","555","The electroencephalogram (EEG) from both hemispheres of eight Canary lizards Gallotia galloti was registered at 25/spl deg/C and 35/spl deg/C during awake state with open eyes (OE) and closed eyes. The possible interdependence between the recorded EEGs was assessed by means of newly developed methods of multivariate nonlinear time-series analysis. The interdependence turned out to be significant and greater for the OE state at both temperatures, although it was of linear type in most of the cases. We conclude that the methods can be successfully applied to study the interdependence between noisy, low-amplitude EEGs.","1558-2531","","10.1109/TBME.2002.1001969","","https://ieeexplore.ieee.org/stamp/stamp.jsp?arnumber=1001969","","Electroencephalography;Humans;Scalp;Eyes;Time series analysis;Signal generators;Signal analysis;Temperature;Neurons","Animals;Electroencephalography;Electroencephalography;Eye Movements;Lizards;Models, Neurological;Nonlinear Dynamics;Reproducibility of Results;Sensitivity and Specificity;Signal Processing, Computer-Assisted;Wakefulness","3","","28","IEEE","7 Aug 2002","June 2002","","IEEE","IEEE Journals"
"An Interpretable Multiscale Temporal Residual Framework for Gender-Specific EEG-Based Emotion Recognition","R. Acharjee; S. R. Ahamed","Department of Electronics and Electrical Engineering, Indian Institute of Technology (IIT) Guwahati, Guwahati, Assam, India; Department of Electronics and Electrical Engineering, Indian Institute of Technology (IIT) Guwahati, Guwahati, Assam, India",IEEE Sensors Journal,"13 May 2026","2026","26","10","16047","16061","Electroencephalogram (EEG) sensors are well-suited for analyzing emotion-related neural dynamics due to their high temporal resolution in capturing brain activity. However, gender-related variability presents a significant challenge, as differences in neural dynamics between male and female subjects can influence the robustness and generalization of the emotion recognition systems. This work proposes an interpretable multiscale temporal framework for analyzing gender-specific EEG dynamics in emotion recognition. The proposed framework employs a multiscale temporal residual network (MSTRNet) as its computational backbone, integrating multiresolution convolutional processing with residual recurrent modeling to capture both short-term and long-range temporal patterns in EEG signals. Extensive evaluations are conducted on three benchmark datasets, DEAP, SEED, and DREAMER, under various subject-dependent (SD) and subject-independent (SI) evaluation protocols. To enhance interpretability, explainable AI (XAI) techniques are employed to identify spatial, temporal, and representation-level EEG patterns contributing to model predictions. Experimental results demonstrate that the proposed framework consistently achieves stable and generalizable EEG temporal representations within each benchmark dataset across multiple evaluation settings, while exhibiting strong and competitive classification performance relative to existing methods. The analysis further reveals systematic gender-specific EEG activation patterns, highlighting the influence of demographic variability on emotion recognition performance. These findings underscore the necessity of incorporating gender-aware modeling strategies to develop robust EEG-based emotion recognition systems suitable for practical applications.","1558-1748","","10.1109/JSEN.2026.3683246","","https://ieeexplore.ieee.org/stamp/stamp.jsp?arnumber=11483310","Electroencephalogram (EEG);emotion recognition;gender-related variability;interpretability;multiscale temporal feature extractor;residual learning;sensing;signal analysis","Feeds;Radio broadcasting;Frequency modulation;Filtering;Filters;Circuits and systems;Band-pass filters;Oscillators;Active filters;Integrated circuits","","","","44","IEEE","17 Apr 2026","15 May15, 2026","","IEEE","IEEE Journals"
"Classification of Traumatic Brain Injury Severity Using Informed Data Reduction in a Series of Binary Classifier Algorithms","L. S. Prichep; A. Jacquin; J. Filipenko; S. G. Dastidar; S. Zabele; A. Vodencarevic; N. S. Rothman","Brain Research Laboratories, Department of Psychiatry, New York University School of Medicine, New York, NY, USA; Brain Scope, Inc., Bethesda, MD, USA; Brain Scope, Inc., Bethesda, MD, USA; Brain Scope, Inc., Bethesda, MD, USA; Raytheon, BBN, Cambridge, MA, USA; International Graduate School Dynamic Intelligent Systems, Paderborn, Germany; Brain Scope, Inc., Bethesda, MD, USA",IEEE Transactions on Neural Systems and Rehabilitation Engineering,"15 Nov 2012","2012","20","6","806","822","Assessment of medical disorders is often aided by objective diagnostic tests which can lead to early intervention and appropriate treatment. In the case of brain dysfunction caused by head injury, there is an urgent need for quantitative evaluation methods to aid in acute triage of those subjects who have sustained traumatic brain injury (TBI). Current clinical tools to detect mild TBI (mTBI/concussion) are limited to subjective reports of symptoms and short neurocognitive batteries, offering little objective evidence for clinical decisions; or computed tomography (CT) scans, with radiation-risk, that are most often negative in mTBI. This paper describes a novel methodology for the development of algorithms to provide multi-class classification in a substantial population of brain injured subjects, across a broad age range and representative subpopulations. The method is based on age-regressed quantitative features (linear and nonlinear) extracted from brain electrical activity recorded from a limited montage of scalp electrodes. These features are used as input to a unique “informed data reduction” method, maximizing confidence of prospective validation and minimizing over-fitting. A training set for supervised learning was used, including: “normal control,” “concussed,” and “structural injury/CT positive (CT+).” The classifier function separating CT+ from the other groups demonstrated a sensitivity of 96% and specificity of 78%; the classifier separating “normal controls” from the other groups demonstrated a sensitivity of 81% and specificity of 74%, suggesting high utility of such classifiers in acute clinical settings. The use of a sequence of classifiers where the desired risk can be stratified further supports clinical utility.","1558-0210","","10.1109/TNSRE.2012.2206609","","https://ieeexplore.ieee.org/stamp/stamp.jsp?arnumber=6249788","Genetic algorithms (GAs);informed data reduction;multiclass classification;quantitative electroencephalography (QEEG);traumatic brain injury (TBI)","Electroencephalography;Brain injuries;Classification algorithms;Head","Adolescent;Adult;Aged;Aged, 80 and over;Aging;Algorithms;Artifacts;Artificial Intelligence;Brain Injuries;Brain Injuries;Data Interpretation, Statistical;Electroencephalography;Eye Movements;Female;Fractals;Glasgow Coma Scale;Humans;Information Theory;Linear Models;Male;Middle Aged;Multivariate Analysis;Muscle, Skeletal;ROC Curve;Reproducibility of Results;Tomography, X-Ray Computed;Young Adult","50","2","63","IEEE","26 Jul 2012","Nov. 2012","","IEEE","IEEE Journals"
"Emotion Recognition Related to Stock Trading Using Machine Learning Algorithms With Feature Selection","E. P. Torres; E. A. Torres; M. Hernández-Álvarez; S. G. Yoo","Departamento de Informática y Ciencias de la Computación, Facultad de Ingeniería de Sistemas, Escuela Politécnica Nacional, Quito, Ecuador; Pontificia Universidad Católica del Ecuador, Quito, Ecuador; Departamento de Informática y Ciencias de la Computación, Facultad de Ingeniería de Sistemas, Escuela Politécnica Nacional, Quito, Ecuador; Departamento de Informática y Ciencias de la Computación, Facultad de Ingeniería de Sistemas, Escuela Politécnica Nacional, Quito, Ecuador",IEEE Access,"10 Nov 2020","2020","8","","199719","199732","This article proposes an emotion elicitation method to develop our Stock-Emotion dataset: a collection of the participants' electroencephalogram (EEG) signals who paper-traded using real stock market data, virtual money, and outcomes that emotionally affected them. A system for emotion recognition using this dataset was tested. The system extracted from the EEG signals the following features: five frequency bands, Differential Entropy (DE), Differential Asymmetry (DASM), and Rational Asymmetry (RASM), for each band. Our system then carried out feature selection using a filter method (Mutual Information Matrix), combined with a wrapper process (Chi-Square statistics) and alternatively using the embedded algorithms in a Deep Learning classifier. Finally, this work classified emotions in four quadrants of the circumplex model using Random Forest and Deep Learning algorithms. Our findings show that 1) the proposed emotion elicitation method is useful to provoke affective states associated with trading, 2) the proposed feature selection process improved the classification performance of our emotion recognition system, and 3) classifier performance of the system can recognize trading related emotions and has results comparable with the state of the art research corresponding to a similar number of output classes.","2169-3536","","10.1109/ACCESS.2020.3035539","Escuela Politécnica Nacional, Quito, Ecuador; ","https://ieeexplore.ieee.org/stamp/stamp.jsp?arnumber=9247095","BCI;EEG;DE;DASM;RASM;random forest;deep learning;emotion recognition;stock market trading;emotion elicitation","Deep learning;Emotion recognition;Feature extraction;Electroencephalography;Classification algorithms;Stock markets;Mutual information","","34","","52","CCBY","3 Nov 2020","2020","","IEEE","IEEE Journals"
"Subject-Dependent Emotion Recognition System Based on Multidimensional Electroencephalographic Signals: A Riemannian Geometry Approach","E. A. Abdel-Ghaffar; Y. Wu; M. Daoudi","Electrical Engineering Department, Faculty of Engineering Shoubra, Benha University, Cairo, Egypt; CNRS, Centrale Lille, UMR 9189 CRIStAL, University of Lille, Lille, France; CNRS, Centrale Lille, UMR 9189 CRIStAL, University of Lille, Lille, France",IEEE Access,"11 Feb 2022","2022","10","","14993","15006","Emotion recognition plays an important role in human computer interaction systems as it helps the computer in understanding human behavior and their decision making process. Using Electroencephalographic (EEG) signals in emotion recognition offers a direct assessment on the inner state of human mind. This study aims to build a subject dependent emotion recognition system that differentiate between high and low levels of valance and arousal, using multidimensional EEG signals. Our system offers a transfer learning- minimum distance to Riemannian mean (TL-MDRM) framework. In this work, we perform two pre-processing stages. In the first stage, we analyze the EEG signals to investigate their non-Gaussianity and determine the most appropriate signal distribution. Using several statistical and goodness of fit tests, T-distribution was found to be the most appropriate distribution. Covariance matrix estimations plays a crucial step in manifold learning technique, based on the most suitable signal distribution the covariance matrix estimation technique is chosen. In the second stage, we perform transfer learning to deal with cross-session variability by generating a unique reference point for each participant and performing affine transformation for the covariance matrices on the symmetric positive definite (SPD) manifold around this point. The results show that, TL process improved the performance even when assuming Gaussian distribution, while assuming T-distribution with TL improved the performance further.","2169-3536","","10.1109/ACCESS.2022.3147461","French State, managed by the National Agency for Research (ANR) through the Investments for the Future Program(grant numbers:ANR-16-IDEX-0004 ULNE); ","https://ieeexplore.ieee.org/stamp/stamp.jsp?arnumber=9704864","Covariance matrix estimation;emotion recognition;multidimensional EEG signals;Riemannian manifold;signal analysis;SPD matrices;transfer learning","Covariance matrices;Electroencephalography;Manifolds;Transfer learning;Feature extraction;Emotion recognition;Symmetric matrices","","13","","48","CCBY","4 Feb 2022","2022","","IEEE","IEEE Journals"
"SECT: A Method of Shifted EEG Channel Transformer for Emotion Recognition","Z. Bai; F. Hou; K. Sun; Q. Wu; M. Zhu; Z. Mao; Y. Song; Q. Gao","Tianjin Key Laboratory for Control Theory and Applications in Complicated Systems, School of Electrical Engineering and Automation, Tianjin University of Technology, Tianjin, China; Tianjin Key Laboratory for Control Theory and Applications in Complicated Systems, School of Electrical Engineering and Automation, Tianjin University of Technology, Tianjin, China; Tianjin Key Laboratory for Control Theory and Applications in Complicated Systems, School of Electrical Engineering and Automation, Tianjin University of Technology, Tianjin, China; Tianjin Key Laboratory for Control Theory and Applications in Complicated Systems, School of Electrical Engineering and Automation, Tianjin University of Technology, Tianjin, China; Tianjin Key Laboratory for Control Theory and Applications in Complicated Systems, School of Electrical Engineering and Automation, Tianjin University of Technology, Tianjin, China; Technical College for the Deaf, Tianjin University of Technology, Tianjin, China; Tianjin Key Laboratory for Control Theory and Applications in Complicated Systems, School of Electrical Engineering and Automation, Tianjin University of Technology, Tianjin, China; Tianjin Key Laboratory for Control Theory and Applications in Complicated Systems, TUT Maritime College, Tianjin University of Technology, Tianjin, China",IEEE Journal of Biomedical and Health Informatics,"5 Oct 2023","2023","27","10","4758","4767","Recently, electroencephalographic (EEG) emotion recognition attract attention in the field of human-computer interaction (HCI). However, most of the existing EEG emotion datasets primarily consist of data from normal human subjects. To enhance diversity, this study aims to collect EEG signals from 30 hearing-impaired subjects while they watch video clips displaying six different emotions (happiness, inspiration, neutral, anger, fear, and sadness). The frequency domain feature matrix of EEG signals, which comprise power spectral density (PSD) and differential entropy (DE), were up-sampled using cubic spline interpolation to capture the correlation among different channels. To select emotion representation information from both global and localized brain regions, a novel method called Shifted EEG Channel Transformer (SECT) was proposed. The SECT method consists of two layers: the first layer utilizes the traditional channel Transformer (CT) structure to process information from global brain regions, while the second layer acquires localized information from centrally symmetrical and reorganized brain regions by shifted channel Transformer (S-CT). We conducted a subject-dependent experiment, and the accuracy of the PSD and DE features reached 82.51% and 84.76%, respectively, for the six kinds of emotion classification. Moreover, subject-independent experiments were conducted on a public dataset, yielding accuracies of 85.43% (3-classification, SEED), 66.83% (2-classification on Valence, DEAP), and 65.31% (2-classification on Arouse, DEAP), respectively.","2168-2208","","10.1109/JBHI.2023.3301993","National Natural Science Foundation of China(grant numbers:62103299); 2022 Tianjin Postgraduate Research and Innovation Project(grant numbers:2022SKYZ249); Tianjin University of Technology Graduate Program(grant numbers:YJ2226); ","https://ieeexplore.ieee.org/stamp/stamp.jsp?arnumber=10209178","Electroencephalographic (EEG);emotion recognition;hearing-impaired subjects;transformer","Feature extraction;Electroencephalography;Transformers;Emotion recognition;Data mining;Entropy;Electrodes","Humans;Emotions;Brain;Electroencephalography;Fear","31","","32","IEEE","4 Aug 2023","Oct. 2023","","IEEE","IEEE Journals"
"VG-DOCoT: A Novel DO-Conv and Transformer Framework via VAE-GAN Technique for EEG Emotion Recognition","Y. Zhu; L. Huang; J. Chen; S. Wang; F. Wan; J. Chen","School of Electronic and Information Engineering, Nanjing University of Information Science and Technology, Nanjing, China; School of Electronic and Information Engineering, Nanjing University of Information Science and Technology, Nanjing, China; School of Electronic and Information Engineering, Nanjing University of Information Science and Technology, Nanjing, China; School of Electronic and Information Engineering, Nanjing University of Information Science and Technology, Nanjing, China; School of Electronic and Information Engineering, Nanjing University of Information Science and Technology, Nanjing, China; School of Electronic and Information Engineering, Nanjing University of Information Science and Technology, Nanjing, China",Frontiers of Information Technology & Electronic Engineering,"16 Dec 2025","2024","25","11","1497","1514","Human emotions are intricate psychological phenomena that reflect an individual's current physiological and psychological state. Emotions have a pronounced influence on human behavior, cognition, communication, and decision-making. However, current emotion recognition methods often suffer from suboptimal performance and limited scalability in practical applications. To solve this problem, a novel electroencephalogram (EEG) emotion recognition network named VG-DOCoT is proposed, which is based on depthwise over-parameterized convolutional (DO-Conv), transformer, and variational automatic encoder-generative adversarial network (VAE-GAN) structures. Specifically, the differential entropy (DE) can be extracted from EEG signals to create mappings into the temporal, spatial, and frequency information in preprocessing. To enhance the training data, VAE-GAN is employed for data augmentation. A novel convolution module DO-Conv is used to replace the traditional convolution layer to improve the network. A transformer structure is introduced into the network framework to reveal the global dependencies from EEG signals. Using the proposed model, a binary classification on the DEAP dataset is carried out, which achieves an accuracy of 92.52% for arousal and 92.27% for valence. Next, a ternary classification is conducted on SEED, which classifies neutral, positive, and negative emotions; an impressive average prediction accuracy of 93.77% is obtained. The proposed method significantly improves the accuracy for EEG-based emotion recognition.","2095-9230","","10.1631/FITEE.2300781","","https://ieeexplore.ieee.org/stamp/stamp.jsp?arnumber=11292927","Emotion recognition;Electroencephalogram (EEG);Depthwise over-parameterized convolutional (DO-Conv);Transformer;Variational automatic encoder-generative adversarial network (VAE-GAN)","Emotion recognition;Accuracy;Convolution;Psychology;Training data;Transformer cores;Transformers;Brain modeling;Electroencephalography;Data mining","","1","","47","","16 Dec 2025","January 2024","","ZUP","ZUP Journals"
"Developing an EEG-Based Emotion Recognition Using Ensemble Deep Learning Methods and Fusion of Brain Effective Connectivity Maps","S. Bagherzadeh; A. Shalbaf; A. Shoeibi; M. Jafari; R. -S. Tan; U. R. Acharya","Department of Biomedical Engineering, Islamic Azad University Science and Research Branch, Tehran, Iran; Department of Biomedical Engineering and Medical Physics, School of Medicine, Shahid Beheshti University of Medical Sciences, Tehran, Iran; Data Science and Computational Intelligence Institute, University of Granada, Granada, Spain; School of Mathematics, Physics and Computing, University of Southern Queensland, Toowoomba, QLD, Australia; National Heart Centre Singapore, Hospital Drive, Singapore; School of Mathematics, Physics and Computing, University of Southern Queensland, Toowoomba, QLD, Australia",IEEE Access,"15 Apr 2024","2024","12","","50949","50965","The objective of this paper is to develop a novel emotion recognition system from electroencephalogram (EEG) signals using effective connectivity and deep learning methods. Emotion recognition is an important task for various applications such as human-computer interaction and, mental health diagnosis. The paper aims to improve the accuracy and robustness of emotion recognition by combining different effective connectivity (EC) methods and pre-trained convolutional neural networks (CNNs), as well as long short-term memory (LSTM). EC methods measure information flow in the brain during emotional states using EEG signals. We used three EC methods: transfer entropy (TE), partial directed coherence (PDC), and direct directed transfer function (dDTF). We estimated a fused image from these methods for each five-second window of 32-channel EEG signals. Then, we applied six pre-trained CNNs to classify the images into four emotion classes based on the two-dimensional valence-arousal model. We used the leave-one-subject-out cross-validation strategy to evaluate the classification results. We also used an ensemble model to select the best results from the best pre-trained CNNs using the majority voting approach. Moreover, we combined the CNNs with LSTM to improve recognition performance. We achieved the average accuracy and F-score of 98.76%, 98.86%, 98.66 and 98.88% for classifying emotions using DEAP and MAHNOB-HCI datasets, respectively. Our results show that fused images can increase the accuracy and that an ensemble and combination of pre-trained CNNs and LSTM can achieve high accuracy for automated emotion recognition. Our model outperformed other state-of-the-art systems using the same datasets for four-class emotion classification.","2169-3536","","10.1109/ACCESS.2024.3384303","Shahid Beheshti University of Medical Sciences(grant numbers:43004477); ","https://ieeexplore.ieee.org/stamp/stamp.jsp?arnumber=10488403","Effective connectivity;electroencephalography;emotion recognition;long short-term memory;transfer learning","Electroencephalography;Emotion recognition;Brain modeling;Feature extraction;Long short term memory;Time-frequency analysis;Deep learning;Transfer learning","","52","","72","CCBYNCND","2 Apr 2024","2024","","IEEE","IEEE Journals"
"Theta Phase Synchrony and Conscious Target Perception: Impact of Intensive Mental Training","H. A. Slagter; A. Lutz; L. L. Greischar; S. Nieuwenhuis; R. J. Davidson","1University of Wisconsin, Madison; 1University of Wisconsin, Madison; 1University of Wisconsin, Madison; 2Leiden University, Leiden, the Netherlands; 1University of Wisconsin, Madison",Journal of Cognitive Neuroscience,"19 May 2014","2009","21","8","1536","1549","The information processing capacity of the human mind is limited, as is evidenced by the attentional blink—a deficit in identifying the second of two targets (T1 and T2) presented in close succession. This deficit is thought to result from an overinvestment of limited resources in T1 processing. We previously reported that intensive mental training in a style of meditation aimed at reducing elaborate object processing, reduced brain resource allocation to T1, and improved T2 accuracy [Slagter, H. A., Lutz, A., Greischar, L. L., Francis, A. D., Nieuwenhuis, S., Davis, J., et al. Mental training affects distribution of limited brain resources. PloS Biology, 5, e138, 2007]. Here we report EEG spectral analyses to examine the possibility that this reduction in elaborate T1 processing rendered the system more available to process new target information, as indexed by T2-locked phase variability. Intensive mental training was associated with decreased cross-trial variability in the phase of oscillatory theta activity after successfully detected T2s, in particular, for those individuals who showed the greatest reduction in brain resource allocation to T1. These data implicate theta phase locking in conscious target perception, and suggest that after mental training the cognitive system is more rapidly available to process new target information. Mental training was not associated with changes in the amplitude of T2-induced responses or oscillatory activity before task onset. In combination, these findings illustrate the usefulness of systematic mental training in the study of the human mind by revealing the neural mechanisms that enable the brain to successfully represent target information.","0898-929X","","10.1162/jocn.2009.21125","","https://ieeexplore.ieee.org/stamp/stamp.jsp?arnumber=6793507","","","","","","","","19 May 2014","Aug. 2009","","MIT Press","MIT Press Journals"
"Analysis of EEG Signals and Facial Expressions for Continuous Emotion Detection","M. Soleymani; S. Asghari-Esfeden; Y. Fu; M. Pantic","Swiss Center for Affective Sciences, University of Geneva, Switzerland; Department of Electrical and Computer Engineering, College of Engineering, Northeastern University, Boston, MA; Department of Electrical and Computer Engineering, College of Engineering, and the College of Computer and Information Science, Northeastern University, 403 Dana Research Center, 360 Huntington Avenue Boston, MA; Department of Computing, Imperial College London, United Kingdom",IEEE Transactions on Affective Computing,"20 May 2017","2016","7","1","17","28","Emotions are time varying affective phenomena that are elicited as a result of stimuli. Videos and movies in particular are made to elicit emotions in their audiences. Detecting the viewers' emotions instantaneously can be used to find the emotional traces of videos. In this paper, we present our approach in instantaneously detecting the emotions of video viewers' emotions from electroencephalogram (EEG) signals and facial expressions. A set of emotion inducing videos were shown to participants while their facial expressions and physiological responses were recorded. The expressed valence (negative to positive emotions) in the videos of participants' faces were annotated by five annotators. The stimuli videos were also continuously annotated on valence and arousal dimensions. Long-short-term-memory recurrent neural networks (LSTM-RNN) and continuous conditional random fields (CCRF) were utilized in detecting emotions automatically and continuously. We found the results from facial expressions to be superior to the results from EEG signals. We analyzed the effect of the contamination of facial muscle activities on EEG signals and found that most of the emotionally valuable content in EEG features are as a result of this contamination. However, our statistical analysis showed that EEG signals still carry complementary information in presence of facial expressions.","1949-3045","","10.1109/TAFFC.2015.2436926","European Research Area; Marie Curie Intra-European Fellowship; European Community Horizon 2020(grant numbers:H2020/2014-2020,645094); NSF; CNS(grant numbers:1314484); ONR(grant numbers:N00014-12-1-1028); ONR(grant numbers:N00014-14-1-0484); U.S. Army Research Office Young Investigator(grant numbers:W911NF-14-1-0218); ","https://ieeexplore.ieee.org/stamp/stamp.jsp?arnumber=7112127","Affect;EEG;facial expressions;video highlight detection;implicit tagging;Affect;EEG;facial expressions;video highlight detection;implicit tagging","Videos;Electroencephalography;Feature extraction;Motion pictures;Databases;Tagging;Recurrent neural networks","","468","5","48","IEEE","22 May 2015","1 Jan.-March 2016","","IEEE","IEEE Journals"
"Spatial-Temporal Feature Fusion Neural Network for EEG-Based Emotion Recognition","Z. Wang; Y. Wang; J. Zhang; C. Hu; Z. Yin; Y. Song","School of Optical-Electrical and Computer Engineering, University of Shanghai for Science and Technology, Shanghai, China; School of Optical-Electrical and Computer Engineering, University of Shanghai for Science and Technology, Shanghai, China; School of Optical-Electrical and Computer Engineering, University of Shanghai for Science and Technology, Shanghai, China; Key Laboratory of Measurement and Control of CSE, Ministry of Education, School of Automation, Southeast University, Nanjing, China; School of Optical-Electrical and Computer Engineering, University of Shanghai for Science and Technology, Shanghai, China; Tianjin Key Laboratory for Control Theory and Applications in Complicated Systems, Tianjin University of Technology, Tianjin, China",IEEE Transactions on Instrumentation and Measurement,"20 Apr 2022","2022","71","","1","12","The temporal and spatial information of electroencephalogram (EEG) are essential for the emotion recognition model to learn the discriminative features. Hence, we propose a novel hybrid spatial-temporal feature fusion neural network (STFFNN) to extract the discriminative features and integrate complementary information. The generated power topographic maps, which capture dependencies among the electrodes, are fed to convolutional neural network (CNN) for spatial feature learning. Furthermore, instance normalizations (INs) and batch normalizations (BNs) within the CNN are appropriately combined to alleviate the individual difference and preserve the domain-invariant information. Meanwhile, a feedforward network is adopted for temporal feature learning. Due to the high dimensionality of EEG features, we propose a grid-search-based configurational optimization method to robustly reduce the dimensionality. Finally, inspired by the multimodal fusion strategies that leverage the complementarity of data to obtain more robust predictions, we utilize a bidirectional long short-term memory (Bi-LSTM) network for temporal and spatial feature fusion. To validate the effectiveness of the proposed method, the tenfold cross-validation experiments and subject-dependent experiments are both conducted on the DEAP database. The experimental results demonstrate that the proposed method achieves outstanding performance in emotion recognition with arousal and valence level.","1557-9662","","10.1109/TIM.2022.3165280","Natural Science Foundation of Shanghai(grant numbers:22ZR1443700); National Natural Science Foundation of China(grant numbers:62103299); Key technologies R&D program of Tianjin(grant numbers:20YDTPJC00040); ","https://ieeexplore.ieee.org/stamp/stamp.jsp?arnumber=9751142","Dimensionality reduction;electroencephalogram (EEG);information fusion;spatial dependencies learning","Electroencephalography;Feature extraction;Electrodes;Emotion recognition;Convolutional neural networks;Representation learning;Entropy","","63","","41","IEEE","7 Apr 2022","2022","","IEEE","IEEE Journals"
"Data-Driven Dynamic Graph Convolution Transformer Network Model for EEG Emotion Recognition Under IoMT Environment","X. Jin; F. Zhu; Y. Shen; G. Jeon; D. Camacho","College of Information Science and Technology & Artificial Intelligence, Nanjing, China; College of Information Science and Technology & Artificial Intelligence, Nanjing, China; College of Information Science and Technology & Artificial Intelligence, Nanjing, China; Department of Embedded Systems Engineering, Incheon National University, Incheon, Republic of Korea; Computer Systems Engineering Department, Universidad Politécnica de Madrid, Madrid, Spain",Big Data Mining and Analytics,"4 Apr 2025","2025","8","3","712","725","With the rapid progress in data-driven approaches, artificial intelligence, and big data analytics technologies, utilizing electroencephalogram (EEG) signals for emotion analysis in the field of the Internet of Medical Things can effectively assist in the diagnosis of specific diseases. While existing emotion analysis methods focus on the utilization of effective deep models for data-driven and big data analytics technology, they often struggle to extract long-range dependencies and accurately model local relationships within multi-channel EEG signals. In addition, the subjective scores of the subjects may not match the predefined emotional labels. To overcome these limitations, this paper proposes a new data-driven dynamic graph-embedded Transformer network (DGETN) that has emerged in different tasks of graph data mining for emotion analysis of EEG signals in the scene of IoMT. Firstly, we extract the frequency features differential entropy (DE) and use the linear dynamic system (LDS) method to alleviate the redundancy and noise information. Secondly, to effectively explore the long-range information and local modeling ability, a novel feature extraction module is designed by embedding the dynamic graph convolution operations in the Transformer encoder for mining the discriminant features of data. Moreover, the graph convolution operations can effectively exploit the spatial information between different channels. At last, we introduce the minimum category confusion (MCC) loss to alleviate the fuzziness of classification. We take two commonly used EEG sentiment analysis datasets as a study. The DGETN has achieved state-of-the-art accuracies of 99.38% on the SEED dataset, and accuracies of 99.24 % and 98.85% for valence and arousal prediction on the DEAP dataset, respectively.","2097-406X","","10.26599/BDMA.2024.9020071","","https://ieeexplore.ieee.org/stamp/stamp.jsp?arnumber=10949840","Internet of Medical Things (IoMT) emotion analysis;electroencephalogram (EEG) signals;data-driven big data analytics;graph convolution operation;minimum category confusion (MCC) loss;graph data mining","Emotion recognition;Accuracy;Convolution;Big Data;Feature extraction;Brain modeling;Transformers;Electroencephalography;Data models;Data mining","","8","","62","","4 Apr 2025","June 2025","","TUP","TUP Journals"
"Entropy-Based Drowsiness Detection Using Adaptive Variational Mode Decomposition","S. K. Khare; V. Bajaj","Electronics and Communication Discipline, Indian Institute of Information Technology Design and Manufacturing Jabalpur, Jabalpur, India; Electronics and Communication Discipline, Indian Institute of Information Technology Design and Manufacturing Jabalpur, Jabalpur, India",IEEE Sensors Journal,"4 Feb 2021","2021","21","5","6421","6428","Background: Drivers drowsiness is one of the prime reasons for road accidents. Electroencephalogram (EEG) signals provide crucial information regarding drowsy state due to neurological changes in the brain. But the complex nature of EEG signals makes it difficult to study these changes. A detailed analysis of the EEG signal can be done if it is decomposed into multi-modes. Method: In this paper, adaptive variational mode decomposition (AVMD) is used for accurate analysis and synthesis of EEG signals. The number of modes (J) and quadratic penalty factor (α) is selected adaptively to find out representative information from EEG signals. Selection of J and α is done by minimizing the reconstruction error using the Jaya optimization algorithm. Features are extracted from the adaptively decomposed modes. Entropy-based features selected by statistical analysis are classified with different classification algorithms. Eight performance parameters are evaluated to test the system's effectiveness. Results: The reconstruction error of 4.035 × 10-09 and 1.564 × 10-09 for the alert and drowsy state shows that the proposed method gives a better synthesis of signals. An accuracy, sensitivity, specificity, F-1 score, Kappa, false-positive rate, error, and precision of 97.19%, 97.01%, 97.46%, 0.976, 94.23%, 2.54%, 2.81%, and 98.18% shows that the proposed method provides representative modes for analysis. Conclusion: The comparison shows that AVMD is superior over conventional and existing methods by about 7% and 1%, respectively. The solution provided in this paper takes a step ahead for efficient synthesis and analysis of EEG signals to detect the drowsy state of drivers.","1558-1748","","10.1109/JSEN.2020.3038440","","https://ieeexplore.ieee.org/stamp/stamp.jsp?arnumber=9261461","Electroencephalogram signals;adaptive variational mode decomposition;classification techniques;drowsiness detection","Electroencephalography;Feature extraction;Optimization;Transforms;Sleep;Support vector machines;Sensors","","39","","53","IEEE","17 Nov 2020","1 March1, 2021","","IEEE","IEEE Journals"
"A Novel Emotion Elicitation Index Using Frontal Brain Asymmetry for Enhanced EEG-Based Emotion Recognition","P. C. Petrantonakis; L. J. Hadjileontiadis","Department of Electrical and Computer Engineering, Aristotle University of Thessaloniki, Thessaloniki, Greece; Department of Electrical and Computer Engineering, Aristotle University of Thessaloniki, Thessaloniki, Greece",IEEE Transactions on Information Technology in Biomedicine,"1 Sep 2011","2011","15","5","737","746","This paper aims at providing a novel method for evaluating the emotion elicitation procedures in an electroencephalogram (EEG)-based emotion recognition setup. By employing the frontal brain asymmetry theory, an index, namely asymmetry Index (AsI), is introduced, in order to evaluate this asymmetry. This is accomplished by a multidimensional directed information analysis between different EEG sites from the two opposite brain hemispheres. The proposed approach was applied to three-channel (Fp1, Fp2, and F3/F4 10/20 sites) EEG recordings drawn from 16 healthy right-handed subjects. For the evaluation of the efficiency of the AsI, an extensive classification process was conducted using two feature-vector extraction techniques and a SVM classifier for six different classification scenarios in the valence/arousal space. This resulted in classification results up to 62.58% for the user independent case and 94.40% for the user-dependent one, confirming the efficacy of AsI as an index for the emotion elicitation evaluation.","1558-0032","","10.1109/TITB.2011.2157933","","https://ieeexplore.ieee.org/stamp/stamp.jsp?arnumber=5776680","Emotion elicitation;emotion recognition;electroencephalogram;frontal brain asymmetry;multidimensional directed information","Electroencephalography;Indexes;Feature extraction;Emotion recognition;Time series analysis;Correlation","Brain;Electroencephalography;Emotions;Humans;Models, Theoretical","189","","35","IEEE","27 May 2011","Sept. 2011","","IEEE","IEEE Journals"
"Cross-Subject Zero Calibration Driver’s Drowsiness Detection: Exploring Spatiotemporal Image Encoding of EEG Signals for Convolutional Neural Network Classification","J. R. Paulo; G. Pires; U. J. Nunes","Institute of Systems and Robotics, University of Coimbra, Coimbra, Portugal; Institute of Systems and Robotics, University of Coimbra, Coimbra, Portugal; Institute of Systems and Robotics, University of Coimbra, Coimbra, Portugal",IEEE Transactions on Neural Systems and Rehabilitation Engineering,"18 May 2021","2021","29","","905","915","This paper explores two methodologies for drowsiness detection using EEG signals in a sustained-attention driving task considering pre-event time windows, and focusing on cross-subject zero calibration. Driving accidents are a major cause of injuries and deaths on the road. A considerable portion of those are due to fatigue and drowsiness. Advanced driver assistance systems that could detect mental states which are associated with hazardous situations, such as drowsiness, are of critical importance. EEG signals are used widely for brain-computer interfaces, as well as mental state recognition. However, these systems are still difficult to design due to very low signal-to-noise ratios and cross-subject disparities, requiring individual calibration cycles. To tackle this research domain, here, we explore drowsiness detection based on EEG signals' spatiotemporal image encoding representations in the form of either recurrence plots or gramian angular fields for deep convolutional neural network (CNN) classification. Results comparing both techniques using a public dataset of 27 subjects show a superior balanced accuracy of up to 75.87% for leave-one-out cross-validation, using both techniques, against works in the literature, demonstrating the possibility to pursue cross-subject zero calibration design.","1558-0210","","10.1109/TNSRE.2021.3079505","Portuguese Foundation for Science and Technology (FCT) through the funded projects(grant numbers:B-RELIABLEPTDC/EEIAUT/30935/2017); Institute of Systems and Robotics, University of Coimbra (ISR-UC) FCT grant, Portugal(grant numbers:UIDB/00048/2020); ","https://ieeexplore.ieee.org/stamp/stamp.jsp?arnumber=9429251","Driver’s drowsiness detection;electroencephalography;recurrence plot;Gramian angular fields;convolutional neural network","Electroencephalography;Fatigue;Calibration;Task analysis;Electrodes;Signal to noise ratio;Entropy","Automobile Driving;Calibration;Electroencephalography;Humans;Neural Networks, Computer;Wakefulness","76","","67","CCBY","12 May 2021","2021","","IEEE","IEEE Journals"
"EEG-Based Driver Drowsiness Estimation Using Feature Weighted Episodic Training","Y. Cui; Y. Xu; D. Wu","Key Laboratory of the Ministry of Education for Image Processing and Intelligent Control, School of Artificial Intelligence and Automation, Huazhong University of Science and Technology, Wuhan, China; Key Laboratory of the Ministry of Education for Image Processing and Intelligent Control, School of Artificial Intelligence and Automation, Huazhong University of Science and Technology, Wuhan, China; Key Laboratory of the Ministry of Education for Image Processing and Intelligent Control, School of Artificial Intelligence and Automation, Huazhong University of Science and Technology, Wuhan, China",IEEE Transactions on Neural Systems and Rehabilitation Engineering,"6 Nov 2019","2019","27","11","2263","2273","Drowsy driving is pervasive, and also a major cause of traffic accidents. Estimating a driver's drowsiness level by monitoring the electroencephalogram (EEG) signal and taking preventative actions accordingly may improve driving safety. However, individual differences among different drivers make this task very challenging. A calibration session is usually required to collect some subject-specific data and tune the model parameters before applying it to a new subject, which is very inconvenient and not user-friendly. Many approaches have been proposed to reduce the calibration effort, but few can completely eliminate it. This paper proposes a novel approach, feature weighted episodic training (FWET), to completely eliminate the calibration requirement. It integrates two techniques: feature weighting to learn the importance of different features, and episodic training for domain generalization. Experiments on EEG-based driver drowsiness estimation demonstrated that both feature weighting and episodic training are effective, and their integration can further improve the generalization performance. FWET does not need any labelled or unlabelled calibration data from the new subject, and hence could be very useful in plug-and-play brain-computer interfaces.","1558-0210","","10.1109/TNSRE.2019.2945794","National Natural Science Foundation of China(grant numbers:61873321); ","https://ieeexplore.ieee.org/stamp/stamp.jsp?arnumber=8861135","drowsy driving;Domain generalization;EEG;episodic training;feature weighting","Vehicles;Electroencephalography;Estimation;Training;Calibration;Brain modeling;Roads","Accidents, Traffic;Adult;Algorithms;Automobile Driving;Calibration;Electroencephalography;Female;Humans;Individuality;Male;Reaction Time;Reproducibility of Results;Signal Processing, Computer-Assisted;Wakefulness;Young Adult","76","","52","IEEE","7 Oct 2019","Nov. 2019","","IEEE","IEEE Journals"
"Fine-Tuning EEG Channel Utilization for Emotionally Stimulated Biometric Authentication","C. Rakshe; C. Bobby Thomas; M. Kalathe; V. S. Sreeraj; G. Venkatasubramanian; D. Kumar; A. A. Prince; J. Fredo Agastinose Ronickom","Computational Neuroscience and Biology Laboratory, School of Biomedical Engineering, Indian Institute of Technology (BHU), Varanasi, India; Department of Electronic and Communication Engineering, M. S. Ramaiah University of Applied Sciences, Bengaluru, India; Defence Bio-Engineering and Electro Medical Laboratory, DRDO, Ministry of Defence, Bangalore, India; National Institute of Mental Health and Neurosciences (NIMHANS), Bengaluru, India; Translational Psychiatry Laboratory, National Institute of Mental Health and Neurosciences (NIMHANS), Bengaluru, India; Computational Neuroscience and Biology Laboratory, School of Biomedical Engineering, Indian Institute of Technology (BHU), Varanasi, India; Department of Electrical and Electronics Engineering, BITS Pilani, K K Birla Goa Campus, Zuarinagar, Goa, India; Computational Neuroscience and Biology Laboratory, School of Biomedical Engineering, Indian Institute of Technology (BHU), Varanasi, India",IEEE Access,"14 Feb 2025","2025","13","","27537","27549","Biometric authentication relies on distinct biological traits of individuals to validate their identity, enhancing security measures. However, variations in an individual’s emotional state can impact the reliability of the biometric system. In this study, we propose a novel pipeline to evaluate electroencephalography (EEG)-based biometric system across different emotional states and optimize critical brain regions using machine learning algorithms. EEG signals from the DEAP dataset were classified into four emotional states: HAHV, HALV, LALV, and LAHV. We extracted a comprehensive set of statistical, time, frequency, entropy, fractal, spectral, and shape features from each channel. Machine learning classifiers, including Random Forest, Gradient Boosting, Extreme Gradient Boosting, LightGBM, CatBoost, and Bagging, were used for participant authentication. Our results revealed that the CatBoost classifier performed well across all stimuli with average accuracies of 84%, 85%, 86%, and 83% for HAHV, HALV, LALV, and LAHV, respectively. We found that features from channels FC1, Fz, C4 & Pz, and FC1 significantly contributed to EEG authentication on stimuli such as HAHV, HALV, LALV, and LAHV, respectively. Features such as skewness and the theta-to-alpha frequency band ratio consistently performed well across stimuli, demonstrating EEG signals’ potential for robust biometric authentication by addressing emotional variations.","2169-3536","","10.1109/ACCESS.2025.3539502","Life Sciences Research Board (LSRB), Defence Research and Development Organisation(grant numbers:LSRB/01/15001/LSRB-401/LS&BD/2023); ","https://ieeexplore.ieee.org/stamp/stamp.jsp?arnumber=10876141","Biometric;electroencephalography;emotions;brain location;machine learning","Electroencephalography;Biometrics;Authentication;Feature extraction;Biometric authentication;Accuracy;Physiology;Machine learning algorithms;Videos;Training","","7","","76","CCBY","5 Feb 2025","2025","","IEEE","IEEE Journals"
"Multimodal Vigilance Estimation With Modality-Pairwise Contrastive Loss","M. Zhang; Z. Luo; L. Xie; T. Liu; Y. Yan; D. Yao; S. Zhao; E. Yin","School of Life Science and Technology, University of Electronic Science and Technology of China, China; Defense Innovation Institute, Academy of Military Sciences (AMS), China; Defense Innovation Institute, Academy of Military Sciences (AMS), China; The Clinical Hospital of Chengdu Brain Science Institute, MOE Key Lab for Neuroinformation, University of Electronic Science and Technology of China, China; Defense Innovation Institute, Academy of Military Sciences (AMS), China; The Clinical Hospital of Chengdu Brain Science Institute, MOE Key Lab for Neuroinformation, University of Electronic Science and Technology of China, China; Defense Innovation Institute, Academy of Military Sciences (AMS), Beijing, China; Defense Innovation Institute, Academy of Military Sciences (AMS), Beijing, China",IEEE Transactions on Biomedical Engineering,"20 Mar 2024","2024","71","4","1139","1150","Nowadays, how to estimate vigilance with higher accuracy has become a hot field of research direction. Although the increasing available modalities opens the door for amazing new possibilities to achieve good performance, the uncertain cross-modal interaction still poses a real challenge to the multimodal fusion. In this paper, a cross-modality alignment method has been proposed based on the contrastive learning for extracting shared but not the same information among modalities. The contrastive learning is adopted to minimize the intermodal differences by maximizing the similarity of semantic representation of modalities. Applying our proposed modeling framework, we evaluated our approach on SEED-VIG dataset consisting of EEG and EOG signals. Experiments showed that our study achieved state-of-the-art multimodal vigilance estimation performance both in intra-subject and inter-subject situations, the average of RMSE/CORR were improved to 0.092/0.893 and 0.144/0.887, respectively. In addition, analysis on the frequency bands showed that theta and alpha activities contain valuable information for vigilance estimation, and the correlation between them and PERCLOS can be significantly improved by contrastive learning. We argue that the proposed method in the inter-subject case could offer the possibility of reducing the high-cost of data annotation, and further analysis may provide an idea for the application of multimodal vigilance regression.","1558-2531","","10.1109/TBME.2023.3328942","National Natural Science Foundation of China(grant numbers:62076250,61703407,61901505); ","https://ieeexplore.ieee.org/stamp/stamp.jsp?arnumber=10302388","Vigilance estimation;physiological signal;multimodal fusion;contrastive learning","Electroencephalography;Estimation;Electrooculography;Brain modeling;Feature extraction;Transformers;Time series analysis","Learning;Uncertainty;Wakefulness","17","","65","IEEE","31 Oct 2023","April 2024","","IEEE","IEEE Journals"
"A Post-Stroke Rehabilitation System With Compensatory Movement Detection Using Virtual Reality and Electroencephalogram Technologies","C. -H. Shih; P. -J. Lin; Y. -L. Chen; S. -L. Chen","Department of Computer Science and Information Engineering, National Chin-Yi University of Technology, Taichung, Taiwan; Department of Information Engineering and Computer Science, Feng Chia University, Taichung, Taiwan; Department of Computer Science and Information Engineering, National Taipei University of Technology, Taipei, Taiwan; Department of Nursing, Hungkuang University, Taichung, Taiwan",IEEE Access,"2 May 2024","2024","12","","61418","61432","Stroke is a leading cause of global population mortality and disability, imposing burdens on patients and caregivers, and significantly affecting the quality of life of patients. Therefore, in this study, we aimed to explore the application of virtual reality technology in physical therapy by using immersive interactive training and designing rehabilitation modes for individual and group settings. We also aimed to provide patients with stroke with a comprehensive home-based rehabilitation and treatment plan, ultimately enhancing training effectiveness. Patients can engage in home-based rehabilitation through this system and undergo functional, mirror, and constraint-induced therapies tailored to different task contents. Simultaneously, using brain-computer interface technology, an emotion analysis mechanism was designed to map the patients’ brainwave signal data onto a two-dimensional space of positive-negative valence arousal; this approach can enable remote physical therapists to discern the patients’ emotional states during the rehabilitation process through virtual spaces, facilitating timely adjustments to rehabilitation tasks. Moreover, to prevent compromised effectiveness owing to improper training postures leading to compensation, the system offers real-time identification and recording, promptly issuing alerts when compensation occurs. The system provides a multiuser virtual rehabilitation space, enabling timely corrections and data observations, offering patients with stroke a home-based rehabilitation program, thereby realizing a localized aging care model.","2169-3536","","10.1109/ACCESS.2024.3392513","National Science and Technology Council of Taiwan (NSTC)(grant numbers:NSTC 110-2221-E-241-007,NSTC 112-2637-E-241-003); ","https://ieeexplore.ieee.org/stamp/stamp.jsp?arnumber=10506503","Compensation;electroencephalography (EEG);healthcare;post-stroke;rehabilitation;virtual reality","Training;Electroencephalography;Psychology;Medical treatment;Task analysis;Real-time systems;Stroke (medical condition);Patient rehabilitation;Virtual reality","","12","","45","CCBYNCND","22 Apr 2024","2024","","IEEE","IEEE Journals"
"DIGS-Module: A Deformable Information Gain-Guided Scale Selection Structure Based on Physiological Signals for Classification","Y. Wang; C. Wang; W. Qiu; G. Liu","School of Biomedical Engineering, Shenzhen Campus of Sun Yat-sen University, Shenzhen, China; School of Biomedical Engineering, Shenzhen Campus of Sun Yat-sen University, Shenzhen, China; School of Biomedical Engineering, Shenzhen Campus of Sun Yat-sen University, Shenzhen, China; School of Biomedical Engineering, Shenzhen Campus of Sun Yat-sen University, Shenzhen, China",IEEE Internet of Things Journal,"8 Jul 2025","2025","12","14","25989","26002","Multiscale convolutional neural networks are widely utilized in the analysis of physiological signals to assess human health due to their large receptive field and rich feature domain. However, current scale selection for multiscale networks relies heavily on data and empirical knowledge, leading to information redundancy and reduced generalization capability, which hinders clinical application. To address these, we propose a novel paradigm of deformable information gain-guided scale (DIGS), which adaptively selects the appropriate scale for feature extraction according to the input signal. Specifically, we employ an information entropy-based hierarchical calculation of the information gain between the input and output features of each multiscale branch. This information gain determines the optimal branches for feature extraction. Additionally, we utilize 1-D deformable module to achieve overall convolutional shifts, enabling scale information to match the distribution of the dataset. Extensive experiments conducted on five datasets demonstrate that our proposed multiscale paradigm outperforms previous baseline networks in four classification tasks of physiological signals. Furthermore, integrating our structure with the best performing network on current private wearable PPG datasets improves accuracy by approximately 1%, sensitivity by 1%–3%, and reduces computational load by nearly half. These findings indicate that our new structure enhances both classification performance and computational efficiency of multiscale networks.","2327-4662","","10.1109/JIOT.2025.3541086","Key Laboratory of Sensing Technology and Biomedical Instrument of Guangdong Province; Shenzhen Science and Technology Plan for Fundamental Research(grant numbers:JCY20190807162003696); ","https://ieeexplore.ieee.org/stamp/stamp.jsp?arnumber=10904192","Adaptive network;branch selection;deformable scale network;health assessment;information gain","Feature extraction;Synthetic aperture sonar;Termination of employment;Physiology;Convolutional neural networks;Biomedical monitoring;Electroencephalography;Electrocardiography","","","","56","IEEE","25 Feb 2025","15 July15, 2025","","IEEE","IEEE Journals"
"Feature Extraction of Brain–Computer Interface Electroencephalogram Based on Motor Imagery","T. Shi; L. Ren; W. Cui","School of International Finance and Banking, University of Science and Technology Liaoning, Anshan, China; Innovation and Entrepreneurship and Engineering Training Center, University of Science and Technology Liaoning, Anshan, China; School of International Finance and Banking, University of Science and Technology Liaoning, Anshan, China",IEEE Sensors Journal,"17 Sep 2020","2020","20","20","11787","11794","Brain-computer interface (BCI) is a system that allows people to communicate or control external devices simply by using information from the brain without relying on the peripheral nervous system and muscles; BCI technology has great potential application value in motor function assistance and motor function rehabilitation and has become a new research hotspot in the fields of machine learning, biomedical engineering and computer communication. The feature extraction of motor imagery electroencephalogram (EEG) is to find the most effective characteristics of complex EEG signal that can represent the consciousness task, to differentiate the feature vectors extracted from different consciousness tasks, and to maximize the correlation between the feature vector and the consciousness task. On the basis of summarizing and analyzing previous research works, this paper proposes a new EEG feature extraction algorithm based on common spatial pattern (CSP) and adaptive auto-regressive (AAR), and demonstrates feasibility of band energy, sample entropy and order accumulation to be the characteristics of motor imagery classification, and finally compares the classification effects of linear discrimination classifier, common space classifier and Bayesian classifier. The simulation results show that the proposed method and algorithm can effectively extract the features of EEG signals during motor imagery. The research results of this paper provide a reference for the further study of feature extraction of brain-computer interface EEG.","1558-1748","","10.1109/JSEN.2019.2939343","Natural Science Foundation of Liaoning Province of China(grant numbers:20180550567); Department of Education of Liaoning Province(grant numbers:2016HZZD05,2017FWDF03); University of Science and Technology Liaoning Youth Fund(grant numbers:2017QN05); ","https://ieeexplore.ieee.org/stamp/stamp.jsp?arnumber=8824096","Brain-computer interface;EEG signal;feature extraction;motor imagery","Feature extraction;Electroencephalography;Brain modeling;Wavelet packets;Time-domain analysis;Frequency-domain analysis;Brain-computer interfaces","","30","","17","IEEE","4 Sep 2019","15 Oct.15, 2020","","IEEE","IEEE Journals"
"Emotion Recognition of Playing Musicians From EEG, ECG, and Acoustic Signals","L. Turchet; B. O'Sullivan; R. Ortner; C. Guger","Department of Information Engineering and Computer Science, University of Trento, Trento, Italy; Department of Information Engineering and Computer Science, University of Trento, Trento, Italy; G.TEC Medical Engineering GmbH, Schiedlberg, Austria; G.TEC Medical Engineering GmbH, Schiedlberg, Austria",IEEE Transactions on Human-Machine Systems,"19 Sep 2024","2024","54","5","619","629","This article investigated the automatic recognition of felt and musically communicated emotions using electroencephalogram (EEG), electrocardiogram (ECG), and acoustic signals, which were recorded from eleven musicians instructed to perform music in order to communicate happiness, sadness, relaxation, and anger. Musicians' self-reports indicated that the emotions they musically expressed were highly consistent with those they actually felt. Results showed that the best classification performances, in a subject-dependent classification using a KNN classifier were achieved by using features derived from both the EEG and ECG (with an accuracy of 98.11%). Which was significantly more accurate than using ECG features alone, but was not significantly more accurate than using EEG features alone. The use of acoustic features alone or in combination with EEG and/or ECG features did not lead to better performances than those achieved with EEG plus ECG or EEG alone. Our results suggest that emotion detection of playing musicians, both felt and musically communicated, when coherent, can be classified in a more reliable way using physiological features than involving acoustic features. The reported machine learning results are a step toward the development of affective brain–computer interfaces capable of automatically inferring the emotions of a playing musician in real-time.","2168-2305","","10.1109/THMS.2024.3430327","","https://ieeexplore.ieee.org/stamp/stamp.jsp?arnumber=10620218","Affective brain–computer interfacing;electrocardiogram (ECG);electroencephalogram (EEG);emotion recognition;music information retrieval (MIR)","Electroencephalography;Electrodes;Physiology;Electrocardiography;Emotion recognition;Brain-computer interfaces;Music information retrieval","","24","","60","CCBY","1 Aug 2024","Oct. 2024","","IEEE","IEEE Journals"
"Multimodal Emotion Classification Method and Analysis of Brain Functional Connectivity Networks","X. Sun; X. Zheng; T. Li; Y. Li; L. Cui","School of Information Science and Engineering, Shandong Normal University, Shandong, China; School of Information Science and Engineering, Shandong Normal University, Shandong, China; Faculty of Education, Shandong Normal University, Shandong, China; Key Laboratory of TCM Data Cloud Service in Universities of Shandong, Shandong Management University, Shandong, China; Joint SDU-NTU Centre for Artificial Intelligence Research (C-FAIR), Shandong University, Shandong, China",IEEE Transactions on Neural Systems and Rehabilitation Engineering,"26 Jul 2022","2022","30","","2022","2031","Since multimodal emotion classification in different human states has rarely been studied, this paper explores the emotional mechanisms of the brain functional connectivity networks after emotional stimulation. We devise a multimodal emotion classification method fusing a brain functional connectivity network based on electroencephalography (EEG) and eye gaze (ECFCEG) to study emotional mechanisms. First, the nonlinear phase lag index (PLI) and phase-locked value (PLV) are calculated to construct the multiband brain functional connectivity networks, which are then converted into binary brain networks, and the seven features of the binary brain networks are extracted. At the same time, the features of the eye gaze signals are extracted. Then, a fusion algorithm called kernel canonical correlation analysis, based on feature level and randomization (FRKCCA), is executed for feature-level fusion (FLF) of brain functional connectivity networks and eye gaze. Finally, support vector machines (SVMs) are utilized to classify positive and negative emotions in multiple frequency bands with single modal features and multimodal features. The experimental results demonstrate that multimodal complementary representation properties can effectively improve the accuracy of emotion classification, achieving a classification accuracy of 91.32±1.81%. The classification accuracy of pupil diameter in the valence dimension is higher than that of additional features. In addition, the average emotion classification effect of the valence dimension is preferable to that of arousal. Our findings demonstrate that the brain functional connectivity networks of the right brain exhibit a deficiency. In particular, the information processing ability of the right temporal (RT) and right posterior (RP) regions is weak in the low frequency after emotional stimulation; Conversely, phase synchronization of the brain functional connectivity networks based on PLI is stronger than that of PLV.","1558-0210","","10.1109/TNSRE.2022.3192533","Natural Science Foundation of Shandong Province(grant numbers:ZR2020LZH008,ZR2021MF118,ZR2019MF071); Shandong Provincial Key Research and Development Program (Major Scientific and Technological Innovation Project)(grant numbers:2021CXGC010506,2021SFGC0104); National Nature Science Foundation of China(grant numbers:91846205); ","https://ieeexplore.ieee.org/stamp/stamp.jsp?arnumber=9833538","Eye gaze;brain functional connectivity network;multimodal feature fusion;emotion classification","Feature extraction;Electroencephalography;Physiology;Time-frequency analysis;Frequency conversion;Wavelet coefficients;Pupils","Arousal;Brain;Electroencephalography;Emotions;Humans;Support Vector Machine","13","","51","CCBY","20 Jul 2022","2022","","IEEE","IEEE Journals"
"Graph Convolutional Neural Network Based Emotion Recognition with Brain Functional Connectivity Network","P. Gao; X. Zheng; T. Wang; Y. Zhang","School of Information Science and Engineering, Shandong Normal University, Jinan, China; School of Information Science and Engineering, Shandong Normal University, Jinan, China; School of Information Science and Engineering, Shandong Normal University, Jinan, China; School of Information Science and Engineering, Shandong Normal University, Jinan, China",International Journal of Crowd Science,"16 Sep 2024","2024","8","4","195","204","Emotion recognition plays an important role in Human Computer Interaction (HCI) and the evaluation of human behavior based on emotional state is an important research topic. The purpose of emotion recognition is to automatically identify human's emotional states by analyzing physiological or non-physiological signals. The conventional emotion classification methods cannot comprehensively leverage global and local features which are extracted from Electroencephalogram (EEG) signal generated after being stimulated. Therefore, we propose the graph convolutional neural network based emotion recognition with brain functional connectivity network (GERBN). Firstly, raw EEG data of the public DEAP and SEED datasets is preprocessed and adopted in this study. Secondly, emotion-related brain functional connection pattern is constructed using Phase-Locking Value (PLV) adjacency matrix to measure connectivity between the signals of different EEG channels according to phase synchronization. A novel graph structure is constructed where the EEG electrode channels are defined as the vertex, and the edge is strong connection of the binary brain network. Thirdly, the GERBN model that includes six layers is designed to classify and recognize emotional states on the two-dimensional emotional models of valence and arousal. Finally, extensive experiments are conducted on DEAP and SEED datasets. Experimental results demonstrate that the proposed method can improve classification accuracies, in which average accuracies of 80.43% and 88.47% on DEAP are attained on valence and arousal dimensions, respectively. On the SEED dataset, the accuracy reaches 92.37% higher than some of the other methods.","2398-7294","","10.26599/IJCS.2024.9100022","Key R&D Program of Shandong Province, China(grant numbers:2021SFGC0104); Natural Science Foundation of Shandong Province, China(grant numbers:ZR2020LZH008,ZR2021MF118,ZR2022LZH003); ","https://ieeexplore.ieee.org/stamp/stamp.jsp?arnumber=10681263","emotion recognition;Electroencephalogram (EEG);graph convolutional neural network;brain functional connectivity","Human computer interaction;Emotion recognition;Accuracy;Phase measurement;Feature extraction;Brain modeling;Electroencephalography","","9","","34","","16 Sep 2024","September 2024","","TUP","TUP Journals"
"Transcranial Direct Current Stimulation-Based Neuromodulation Improves the Performance of Brain–Computer Interfaces Based on Steady-State Visual Evoked Potential","S. Zhang; X. Gao; H. Cui; X. Chen","School of Computer and Communication Engineering, University of Science and Technology Beijing, Beijing, China; Department of Biomedical Engineering, Tsinghua University, Beijing, China; Institute of Biomedical Engineering, Chinese Academy of Medical Sciences and Peking Union Medical College, Tianjin, China; Institute of Biomedical Engineering, Chinese Academy of Medical Sciences and Peking Union Medical College, Tianjin, China",IEEE Transactions on Neural Systems and Rehabilitation Engineering,"24 Feb 2023","2023","31","","1364","1373","The study of brain state estimation and intervention methods is of great significance for the utility of brain-computer interfaces (BCIs). In this paper, a neuromodulation technology using transcranial direct current stimulation (tDCS) is explored to improve the performance of steady-state visual evoked potential (SSVEP)-based BCIs. The effects of pre-stimulation, sham-tDCS and anodal-tDCS are analyzed through a comparison of the EEG oscillations and fractal component characteristics. In addition, in this study, a novel brain state estimation method is introduced to assess neuromodulation-induced changes in brain arousal for SSVEP-BCIs. The results suggest that tDCS, and anodal-tDCS in particular, can be used to increase SSVEP amplitude and further improve the performance of SSVEP-BCIs. Furthermore, evidence from fractal features further validates that tDCS-based neuromodulation induces an increased level of brain state arousal. The findings of this study provide insights into the improvement of BCI performance based on personal state interventions and provide an objective method for quantitative brain state monitoring that may be used for EEG modeling of SSVEP-BCIs.","1558-0210","","10.1109/TNSRE.2023.3245079","National Key Research and Development Program of China(grant numbers:2022YFC3602803); National Natural Science Foundation of China(grant numbers:U2241208,62171473); Fundamental Research Funds for the Central Universities(grant numbers:FRF-TP-20-017A1); Tianjin Municipal Science and Technology Plan Project(grant numbers:21JCYBJC01500); ","https://ieeexplore.ieee.org/stamp/stamp.jsp?arnumber=10044707","Steady-state visual evoked potential (SSVEP);brain–computer interface (BCI);transcranial direct current stimulation (tDCS);neuromodulation;brain state","Electroencephalography;Neuromodulation;Fractals;Visualization;Electrodes;State estimation;Oscillators","","5","","44","CCBY","14 Feb 2023","2023","","IEEE","IEEE Journals"
"Registration of Images With Varying Topology Using Embedded Maps","X. Li; X. Long; P. Laurienti; C. Wyatt","GE Global Research Center, Niskayuna, NY, USA; Department of Electrical and Computer Engineering, Virginia Polytechnic Institute and State University, Blacksburg, VA, USA; Department of Radiologic Sciences, Wake Forest University, Winston Salem, NC, USA; Department of Electrical and Computer Engineering, Virginia Polytechnic Institute and State University, Blacksburg, VA, USA",IEEE Transactions on Medical Imaging,"5 Mar 2012","2012","31","3","749","765","This paper presents registration via embedded maps (REM), a deformable registration algorithm for images with varying topology. The algorithm represents 3-D images as 4-D manifolds in a Riemannian space (referred to as embedded maps). Registration is performed as a surface evolution matching one embedded map to another using a diffusion process. The approach differs from those existing in that it takes an a priori estimation of image regions where topological changes are present, for example lesions, and generates a dense vector field representing both the shape and intensity changes necessary to match the images. The algorithm outputs both a diffeomorphic deformation field and an intensity displacement which corrects the intensity difference caused by topological changes. Multiple sets of experiments are conducted on magnetic resonance imaging (MRI) with lesions from OASIS and ADNI datasets. These images are registered to either a brain template or images of healthy individuals. An exemplar case registering a template to an MRI with tumor is also given. The resulting deformation fields were compared with those obtained using diffeomorphic demons, where topological changes are not modeled. These sets of experiments demonstrate the efficacy of our proposed REM method for registration of brain MRI with severe topological differences.","1558-254X","","10.1109/TMI.2011.2178609","","https://ieeexplore.ieee.org/stamp/stamp.jsp?arnumber=6109350","Deformable registration;false deformation;Riemannian embedding;topological change","Lesions;Measurement;Shape;Magnetic resonance imaging;Image segmentation;Brain modeling","Age Factors;Aged;Algorithms;Brain;Brain Neoplasms;Databases, Factual;Female;Humans;Image Processing, Computer-Assisted;Magnetic Resonance Imaging;Male;Middle Aged;Neuroimaging;Young Adult","14","1","45","IEEE","20 Dec 2011","March 2012","","IEEE","IEEE Journals"
"Affective Robot Story-Telling Human-Robot Interaction: Exploratory Real-Time Emotion Estimation Analysis Using Facial Expressions and Physiological Signals","M. Val-Calvo; J. R. Álvarez-Sánchez; J. M. Ferrández-Vicente; E. Fernández","Departamento de Inteligencia Artificial, Universidad Nacional de Educación a Distancia (UNED), Madrid, Spain; Departamento de Inteligencia Artificial, Universidad Nacional de Educación a Distancia (UNED), Madrid, Spain; Departamento de Electrónica, Tecnología de Computadoras y Proyectos, Universidad Politécnica de Cartagena, Cartagena, Spain; Instituto de Bioingeniería, Universidad Miguel Hernández, Elche, Spain",IEEE Access,"28 Jul 2020","2020","8","","134051","134066","Affective human-robot interaction is still an active area of research in part due to the great advances in artificial intelligence. Now, the design of autonomous devices that work in real therapeutic environments has become a plausible reality. Affective human-robot interaction requires a robot to analyze the emotional state of the human interlocutor and interpret emotional responses that can be used, not merely in the interaction but, for example, to provoke desired therapeutic responses. It is, therefore, necessary to broaden experimental techniques into more realistic paradigms, where the capacity of emotion estimation can be completely explored. This exploratory paper proposes a realistic experimental paradigm in which the robot employs a dramatic story to evoke emotions in the users, and tests previously self-designed methodologies to be able to make estimates of the users' emotional state in real-time. Regardless of the multiple impediments and restrictions, and all the aspects that could still be improved, this paper can outline the feasibility of the proposed methodology in realistic scenarios.","2169-3536","","10.1109/ACCESS.2020.3007109","Fundación Séneca, Agencia de Ciencia y Tecnología de la Región de Murcia(grant numbers:Programa de Ayudas a Grupos de Excelencia de la Región de Murcia); Ministerio de Ciencia, Innovación y Universidades(grant numbers:RTI2018-098969-B-100); Generalitat Valenciana(grant numbers:PROMETEO/2019/119); ","https://ieeexplore.ieee.org/stamp/stamp.jsp?arnumber=9133100","Affective state;blood volume pressure;EEG;emotion estimation;face emotion recognition;galvanic skin response;human-robot interaction;real-time","Electroencephalography;Real-time systems;Brain modeling;Estimation;Physiology;Robot kinematics","","43","","48","CCBY","3 Jul 2020","2020","","IEEE","IEEE Journals"
"Electroencephalogram Emotion Recognition Using Combined Features in Variational Mode Decomposition Domain","Z. -T. Liu; S. -J. Hu; J. She; Z. Yang; X. Xu","School of Automation and Hubei Key Laboratory of Advanced Control and Intelligent Automation for Complex Systems, China University of Geosciences, Wuhan, China; School of Automation and Hubei Key Laboratory of Advanced Control and Intelligent Automation for Complex Systems, China University of Geosciences, Wuhan, China; School of Engineering, Tokyo University of Technology, Tokyo, Hachioji, Japan; Department of Rehabilitation, Union Hospital Tongji Medical College, Wuhan, China; School of Automation and Hubei Key Laboratory of Advanced Control and Intelligent Automation for Complex Systems, China University of Geosciences, Wuhan, China",IEEE Transactions on Cognitive and Developmental Systems,"7 Sep 2023","2023","15","3","1595","1604","Using electroencephalogram (EEG) to recognize human emotion has attracted increasing attention. However, feature extraction from EEG is a challenging work because it is a nonstationary continuous sequential signal. To obtain more pattern information, a combined feature extraction method in the variational mode decomposition (VMD) domain is proposed, which can extract local features of EEG signals to overcome the effects caused by nonstationarity. This method first decomposes EEG into several components using VMD and then combined features of differential entropy (DE) and short-time energy (STE) are extracted from each component. To optimize combined features, the important features are selected by tree modes, and the feature set is dimensionally reduced by further using linear discriminant analysis (LDA). Moreover, an XGBoost classifier with Bayesian optimization is presented to classify different emotional states. Binary-class and multiclass EEG emotion recognition are conducted on the DEAP data set, from which the experimental results show that accuracy of binary-class classification is 81.77% for high/low valence and 80.47% for high/low arousal, and accuracy of 91.41%, 94.27%, 94.27%, and 93.49% are obtained for HVHA, LVHA, LVLA, and HVLA, respectively, which demonstrate its effectiveness.","2379-8939","","10.1109/TCDS.2022.3233858","National Natural Science Foundation of China(grant numbers:61976197,61403422,61273102); Hubei Provincial Natural Science Foundation of China(grant numbers:2018CFB447,2015CFA010); Wuhan Applied Foundational Frontier Project(grant numbers:2020010601012175); Wuhan Applied Basic Research Programs Project(grant numbers:2017010201010133); Higher Education Discipline Innovation Project(grant numbers:B17040); Fundamental Research Funds for National University, China University of Geosciences (Wuhan)(grant numbers:1910491T01); ","https://ieeexplore.ieee.org/stamp/stamp.jsp?arnumber=10005145","Bayesian optimization;combined features;electroencephalogram (EEG);emotion recognition;variational mode decomposition (VMD)","Feature extraction;Electroencephalography;Emotion recognition;Bayes methods;Optimization;Bandwidth;Frontal lobe","","21","","58","IEEE","3 Jan 2023","Sept. 2023","","IEEE","IEEE Journals"
"An Effective Deep Neural Network Architecture for EEG-Based Recognition of Emotions","K. Henni; N. Mezghani; A. Mitiche; L. Abou-Abbas; A. Benazza-Ben Yahia","Applied Intelligence Artificial Institute, TÉLUQ University, Montreal, QC, Canada; Applied Intelligence Artificial Institute, TÉLUQ University, Montreal, QC, Canada; INRS—Centre Énergie, Matériaux et Télécommunications, Montréal, QC, Lebanon; Electrical and Computer Engineering Department, Lebanese American University, Byblos, Canada; COSIM Laboratory, SUP’COM, University of Carthage, Tunis, Tunisia",IEEE Access,"9 Jan 2025","2025","13","","4487","4498","Emotions are caused by a human brain reaction to objective events. The purpose of this study is to investigate emotion identification by machine learning using electroencephalography (EEG) data. Current research in EEG-based emotion recognition faces significant challenges due to the high-dimensionality and variability of EEG signals, which complicate accurate classification. Traditional methods often struggle to extract relevant features from noisy and high-dimensional data, and they typically fail to capture the complex temporal dependencies within EEG signals. Recent progress in machine learning by deep neural networks has opened up opportunities to develop methods highly efficient and practicable as to serve useful real-world applications. The purpose of this study is to investigate a novel end-to-end deep learning method of emotion recognition using EEG data, which prefaces a combination of two-dimensional (2D) convolutional network (CNN) and Long short-term memory network (LSTM) by an autoencoder. The autoencoder layers seek a lower dimensionality encoding for optimal input signal reconstruction, and the 2D CNN/LSTM combination layers capture both spatial and temporal features that best describe the emotion classes present in the data. Experiments in four-category classification of emotions, using the public and freely available DEAP dataset, revealed that the method reached superior performance: 90.04% for the “arousal” category, 89.97% for “valence”, 87.73% for “dominance,” and 90.84% for liking”, as measured by the accuracy metric.","2169-3536","","10.1109/ACCESS.2025.3525996","Canada Research Chair on Biomedical Data Mining(grant numbers:950-231214); ","https://ieeexplore.ieee.org/stamp/stamp.jsp?arnumber=10824765","EEG signal;emotion recognition;auto-encoder;LSTM;CNN","Electroencephalography;Emotion recognition;Feature extraction;Long short term memory;Electrodes;Convolutional neural networks;Support vector machines;Accuracy;Physiology;Deep learning","","16","","53","CCBY","3 Jan 2025","2025","","IEEE","IEEE Journals"
"The Prospective Sense of Agency is Rooted in Local and Global Properties of Intrinsic Functional Brain Networks","S. Di Plinio; M. G. Perrucci; S. J. H. Ebisch","University of Chieti-Pescara, Chieti, Italy; University of Chieti-Pescara, Chieti, Italy; University of Chieti-Pescara, Chieti, Italy",Journal of Cognitive Neuroscience,"3 Aug 2020","2020","32","9","1764","1779","The sense of agency (SoA) refers to a constitutional aspect of the self describing the extent to which individuals feel in control over their actions and consequences thereof. Although the SoA has been associated with mental health and well-being, it is still unknown how interindividual variability in the SoA is embedded in the intrinsic brain organization. We hypothesized that the prospective component of an implicit SoA is associated with brain networks related to SoA and sensorimotor predictions on multiple spatial scales. We replicated previous findings by showing a significant prospective SoA as indicated by intentional binding effects. Then, using task-free fMRI and graph analysis, we analyzed associations between intentional binding effects and the intrinsic brain organization at regional, modular, and whole-brain scales. The results showed that intermodular connections of a frontoparietal module including the premotor cortex, supramarginal gyrus, and dorsal precuneus are associated with individual differences in prospective intentional binding. Notably, prospective intentional binding effects were also related to global brain modularity within a specific structural resolution range. These findings suggest that an implicit SoA generated through sensorimotor predictions relies on the intrinsic organization of the brain connectome on both local and global scales.","0898-929X","","10.1162/jocn_a_01590","","https://ieeexplore.ieee.org/stamp/stamp.jsp?arnumber=9154619","","","","","","","Traditional","3 Aug 2020","Sept. 2020","","MIT Press","MIT Press Journals"
"EZcap: A Novel Wearable for Real-Time Automated Seizure Detection From EEG Signals","I. L. Olokodana; S. P. Mohanty; E. Kougianos; R. S. Sherratt","Department of Computer Science and Engineering, University of North Texas, Denton, TX, USA; Department of Computer Science and Engineering, University of North Texas, Denton, TX, USA; Department of Electrical Engineering, University of North Texas, Denton, TX, USA; Department of Biomedical Engineering, University of Reading, Reading, U.K.",IEEE Transactions on Consumer Electronics,"24 May 2021","2021","67","2","166","175","Epileptic seizures present a serious danger to the lives of their victims, rendering them unconscious, lacking control, and may even result in death only a few seconds after onset. This gives rise to a crucial need for an effective seizure detection method that is fast, accurate, and has the potential for mass market adoption. Kriging methods have a good reputation for high accuracy in spatial prediction, hence, their extensive use in geostatistics. This paper demonstrates the successful application of Kriging methods for an effective seizure detection device in an edge computing environment by modeling the brain as a spatial panorama. We hereby propose a novel wearable for real-time automated seizure detection from EEG signals using three different types of Kriging, namely, Simple Kriging, Ordinary Kriging and Universal Kriging. After multiple experiments with electroencephalogram (EEG) signals obtained from seizure patients as well as those from their healthy counterparts, the results reveal that the three Kriging methods performed very well in accuracy, sensitivity and latency of detection. It was found however, that Simple Kriging outperforms the other Kriging methods with a mean seizure detection latency of 0.81 sec, a perfect specificity, an accuracy of 97.50% and a sensitivity of 94.74%. The results in this paper compare well with other seizure detection models in the literature but their excellent seizure detection latency surpasses the performance of most existing works in seizure detection.","1558-4127","","10.1109/TCE.2021.3079399","","https://ieeexplore.ieee.org/stamp/stamp.jsp?arnumber=9429710","Smart home;smart healthcare;smart wearable;seizure detection;epilepsy;EEG signal;Kriging methods;edge computing","Electroencephalography;Consumer electronics;Brain modeling;Medical services;Stress;Real-time systems;Monitoring","","39","","42","IEEE","12 May 2021","May 2021","","IEEE","IEEE Journals"
"A New Framework to Infer Intra- and Inter-Brain Sparse Connectivity Estimation for EEG Source Information Flow","L. Shaw; A. Routray","Department of Electrical Engineering, Indian Institute of Technology Kharagpur, Kharagpur, India; Department of Electrical Engineering, Indian Institute of Technology Kharagpur, Kharagpur, India",IEEE Sensors Journal,"16 Nov 2018","2018","18","24","10134","10144","This paper presents a new framework for sparse brain effective connectivity estimation of electroencephalographic (EEG) signals. The method is based on the sparsely connected source analysis using the time-varying multivariate auto-regressive (tv-MVAR) model, to find the intraand interbrain region connectivity. The proposed method shows the tv-MVAR model with sparse coefficient obtained from the least absolute shrinkage and selection operator (LASSO) penalty solver. To some extent, the sparse model has eliminated the false interpretation of connected brain region due to the presence of volume conduction effect, providing an in-depth understanding of brain network. The explicit contributions of this paper are: 1) newly introduced time-varying sparsed MVAR model (Adaptive autoregressive); 2) simplified sparsed framework to obtain the enhanced connectivity estimation; 3) sparsity constraint added by LASSO penalization method and its comparison with other penalization techniques; 4) comparison between the general non-sparsed tv-MVAR model and the sparsed tv-MVAR model; and 5) found to be a promising approach to locate the sparsely connected sources. The results are verified and found to be consistent with exhaustive real-time EEG time series obtained from the experiment during short guided meditation.","1558-1748","","10.1109/JSEN.2018.2875377","Government of India; Ministry of Human Resource Development; ","https://ieeexplore.ieee.org/stamp/stamp.jsp?arnumber=8491344","Electroencephalograph (EEG);brain effective connectivity;Granger causality;sparse MVAR model;volume conduction;sparse source estimation","Electroencephalography;Brain modeling;Estimation;Mathematical model;Electrodes;Sensors;Task analysis","","8","","47","IEEE","14 Oct 2018","15 Dec.15, 2018","","IEEE","IEEE Journals"
"Altered Neuronal Networks in Infantile Epileptic Spasms Syndrome: Investigation of Cross-Channel Interactions and Relapse","C. Zhang; W. Shi; L. Wan; G. Yang; C. -H. Yeh","School of Information and Electronics, Beijing Institute of Technology, Beijing, China; School of Information and Electronics, Beijing Institute of Technology, Beijing, China; Department of Pediatrics, First Medical Center of PLA General Hospital, Beijing, China; Department of Pediatrics, First Medical Center of PLA General Hospital, Beijing, China; School of Information and Electronics, Beijing Institute of Technology, Beijing, China",IEEE Transactions on Neural Systems and Rehabilitation Engineering,"23 Dec 2025","2026","34","","215","225","Objective: In infantile epileptic spasms syndrome (IESS), relapse following initial effective adrenocorticotropic hormone (ACTH) treatment presents a significant challenge, involving complex neuronal oscillation interactions. Phase-amplitude coupling (PAC) is widely used to characterize rhythmic activity interactions under pathological conditions. However, the potential impact of cross-brain region PAC at different frequencies on long-term prognosis remains unclear. Methods: This study employed cross-channel PAC analysis based on noise-assisted multivariate empirical mode decomposition (NA-MEMD) to intricately analyze the neurodynamic mechanisms of IESS relapse. Results: In processing nonlinear and non-stationary signals, the simulation analysis of cross-channel PAC further validated the superiority of the NA-MEMD method, demonstrating its advantages in mode alignment and effective suppression of mode mixing, compared to the ensemble empirical mode decomposition (EEMD) method, thereby reducing spurious coupling. The EEG results of IESS patients showed that, compared to the nonrelapse group, the relapse group of IESS patients exhibited a significant increase in cross-channel PAC intensity at relatively lower frequencies and a decrease at higher frequencies. Further network topology analysis indicated that the relapse group showed higher levels of modularity in the high-frequency band, accompanied by lower clustering coefficients, reduced betweenness centrality, and decreased global efficiency. Conclusion: The NA-MEMD-based cross-channel PAC analysis demonstrates potential as a tool for assessing relapse-related connectivity patterns and prognosis in IESS. Significance: This work offers a novel perspective on the early identification of long-term outcomes in non-structural IESS patients.","1558-0210","","10.1109/TNSRE.2025.3631471","Brain Science and Brain-Like Intelligence Technology-National Science and Technology Major Project(grant numbers:2025ZD0216800); National Natural Science Foundation of China(grant numbers:62171028,62471043); Beijing Natural Science Foundation(grant numbers:L232139); Beijing Municipal Health Commission Capital’s Funds for Health Improvement and Research (CFH) Brain Project Project(grant numbers:2024-3-5021); National High-Level Fellow Research Fund Program(grant numbers:3050012222022); Research and Innovation Promoting Project(grant numbers:2023YCXZ009); General Project of Beijing Natural Science Foundation(grant numbers:7222187); Epilepsy Research Foundation of Chinese Association Against Epilepsy(grant numbers:CU-B-2021-11); Nutrition and Care of Maternal and Child Research Fund Project of the Biostime Institute of Nutrition and Care(grant numbers:2021BINCMCF030); Medical Big Data and Artificial Intelligence Research and Development Project of Chinese People’s Liberation Army General Hospital(grant numbers:2019MBD-004); ","https://ieeexplore.ieee.org/stamp/stamp.jsp?arnumber=11240565","Infantile epileptic spasms syndrome;relapse;phase-amplitude coupling;network","Picture archiving and communication systems;Electroencephalography;Couplings;Epilepsy;Pediatrics;Hospitals;Empirical mode decomposition;Sleep;Accuracy;Standards","Humans;Spasms, Infantile;Infant;Male;Nerve Net;Electroencephalography;Female;Recurrence;Algorithms;Adrenocorticotropic Hormone;Computer Simulation","1","","47","CCBY","11 Nov 2025","2026","","IEEE","IEEE Journals"
"Imagery Speech Classification Based on General Successive Multivariate Variational Mode Decomposition With Different Objective Functions Having Different Weights","X. -B. Zheng; C. Li; B. W. -K. Ling","School of Computer Science and Engineering, Guangdong Ocean University, Yangjiang, Guangdong, China; School of Information Engineering, Guangdong University of Technology, Guangzhou, Guangdong, China; Tsientang Institute for Advanced Study, Hangzhou, Zhejiang, China",IEEE Transactions on Consumer Electronics,"19 Dec 2025","2025","71","4","10654","10667","The imagery speech (IS) is the speech that the human beings are thinking in their brain. A brain computer interface (BCI) system is employed to translate the speech thinking in the brain to the vocabulary in the dictionary stored in the computer. Since it is another form of speech, the IS is natural and easy to be used. Therefore, the BCI system based on the IS has the great potential for facilitating the subjects to communicate to the outside world particularly for the subjects suffering from the diseases such as the speech disorder disease, the locked in syndrome and the amyotrophic lateral sclerosis. Although the IS becomes more popular in the BCI system, the working principles of the IS are unknown. Hence, the classification accuracy is not high. This introduces some challenges and hinders its practical applications. In order to further promote the development of the IS based BCI system, this paper proposes a method for improving the classification performance of the IS based BCI. In particular, a general successive multivariate variational mode decomposition (general SMVMD) with different object functions having different weights method is proposed to yield a high precision and a highly efficient classification. Multi-channel EEGs are decomposed using general SMVMD, with multivariate intrinsic mode functions (MIMFs) retained if they have high correlation to the original signal or denoised via the tunable Q-factor wavelet transform (TQWT) if not, after which features are extracted for classification via a k-nearest neighbor classifier. Our proposed method is compared to the other IS classification methods and the advanced classification methods by evaluating the performance of these methods using the same two datasets, including BCI2020 and KARA one. It is found that the average accuracies yielded by our proposed method for all the subjects are 65.07% and 80.51%, which are higher than those yielded by the other methods. These results demonstrate the capability of the general SMVMD and TQWT for denoising the multi-channel signals as well as the superiority of our proposed method over the other IS classification methods.","1558-4127","","10.1109/TCE.2025.3615066","the Hong Kong Innovation and Technology Commission, Enterprise Support Scheme(grant numbers:no. S/E/070/17); the Guangdong Higher Education Engineering Technology Research Center for Big Data on Manufacturing Knowledge Patent(grant numbers:no. 501130144); the Team Project of the Education Ministry of the Guangdong Province(grant numbers:no. 2017KCXTD011); National Natural Science Foundation of China(grant numbers:no. 61671163,no. 61901123,no. 62071128,no. U1701266); ","https://ieeexplore.ieee.org/stamp/stamp.jsp?arnumber=11182170","Multi-channel electroencephalograms;successive multivariate variational decomposition;tunable Q factor wavelet transformation;k nearest neighbor classifier;imagined speech classification","Electroencephalography;Consumer electronics;Accuracy;Feature extraction;Noise;Nearest neighbor methods;Motors;Image reconstruction;Linear programming;Correlation","","1","","30","IEEE","26 Sep 2025","Nov. 2025","","IEEE","IEEE Journals"
"Utilizing Deep Learning Towards Multi-Modal Bio-Sensing and Vision-Based Affective Computing","Siddharth; T. -P. Jung; T. J. Sejnowski","Department of Electrical and Computer Engineering, University of California San Diego, La Jolla, CA, USA; Institute for Neural Computation, University of California San Diego, La Jolla, CA, USA; Institute for Neural Computation, University of California San Diego, La Jolla, CA, USA",IEEE Transactions on Affective Computing,"1 Mar 2022","2022","13","1","96","107","In recent years, the use of bio-sensing signals such as electroencephalogram (EEG), electrocardiogram (ECG), etc. have garnered interest towards applications in affective computing. The parallel trend of deep-learning has led to a huge leap in performance towards solving various vision-based research problems such as object detection. Yet, these advances in deep-learning have not adequately translated into bio-sensing research. This work applies novel deep-learning-based methods to various bio-sensing and video data of four publicly available multi-modal emotion datasets. For each dataset, we first individually evaluate the emotion-classification performance obtained by each modality. We then evaluate the performance obtained by fusing the features from these modalities. We show that our algorithms outperform the results reported by other studies for emotion/valence/arousal/liking classification on DEAP and MAHNOB-HCI datasets and set up benchmarks for the newer AMIGOS and DREAMER datasets. We also evaluate the performance of our algorithms by combining the datasets and by using transfer learning to show that the proposed method overcomes the inconsistencies between the datasets. Hence, we do a thorough analysis of multi-modal affective data from more than 120 subjects and 2,800 trials. Finally, utilizing a convolution-deconvolution network, we propose a new technique towards identifying salient brain regions corresponding to various affective states.","1949-3045","","10.1109/TAFFC.2019.2916015","Army Research Laboratory(grant numbers:W911NF-10-2-0022); National Science Foundation(grant numbers:NCS-1734883); National Science Foundation(grant numbers:1540943); UC San Diego Center for Wearable Sensors; ","https://ieeexplore.ieee.org/stamp/stamp.jsp?arnumber=8713896","Brain-computer interface (BCI);EEG;multi-modality;bio-sensing;ECG;GSR;PPG;computer vision;deep learning;emotion processing","Electroencephalography;Electrocardiography;Feature extraction;Deep learning;Affective computing;Face;Support vector machines","","184","","69","IEEE","14 May 2019","1 Jan.-March 2022","","IEEE","IEEE Journals"
"Residual GCB-Net: Residual Graph Convolutional Broad Network on Emotion Recognition","Q. Li; T. Zhang; C. L. P. Chen; K. Yi; L. Chen","School of Computer Science and Engineering, South China University of Technology, Guangzhou, China; School of Computer Science and Engineering, South China University of Technology, Guangzhou, China; School of Computer Science and Engineering, South China University of Technology, Guangzhou, China; School of Computer Science and Engineering, South China University of Technology, Guangzhou, China; Department of Computer and Information Science, University of Macau, Macau, China",IEEE Transactions on Cognitive and Developmental Systems,"14 Dec 2023","2023","15","4","1673","1685","Electroencephalogram (EEG) data are commonly applied in the emotion recognition research area. It can accurately reflect the emotional changes of the human body by applying graphical-based algorithms or models. EEG signals are nonlinear signals. Biological tissues’ adjustment and adaptive ability will inevitably affect electrophysiological signals, making EEG have the typical nonlinear characteristics. The graph convolutional broad network (GCB-net) extracted features from nonlinear signals and abstract features via a stacked convolutional neural network. It adopted the broad concept and enhanced the feature by the broad learning system (BLS), obtaining sound results. However, it performed poorly with the increasing network depth, and the accuracy of some features decreased with BLS. This article proposed a residual graph convolutional broad network (Residual GCB-net), which promotes the performance on a deeper layer network and extracts higher level information. It substitutes the original convolutional layer with residual learning blocks, which solves the deep learning network degradation and extracts more features in deeper networks. In the SJTU emotion EEG data set (SEED), GCB-Res net could obtain the best accuracy (94.56%) on the all-frequency band of differential entropy (DE) and promote much on another feature. In Dreamer, it obtained the best accuracy (91.55%) on the dimension of Arousal. The result demonstrated the excellent classification performance of Residual GCB-net in EEG emotion recognition.","2379-8939","","10.1109/TCDS.2022.3147839","National Key Research and Development Program of China(grant numbers:2019YFA0706200); National Natural Science Foundation of China(grant numbers:62076102,U1813203,U1801262); Guangdong Natural Science Funds for Distinguished Young Scholar(grant numbers:2020B1515020041); Science and Technology Major Project of Guangzhou(grant numbers:202007030006); Science and Technology Program of Guangzhou(grant numbers:202002030250); Program for Guangdong Introducing Innovative and Entrepreneurial Teams(grant numbers:2019ZT08X214); Guangdong-Hong Kong-Macao Greater Bay Area Center for Brain Science and Brain- Inspired Intelligence Fund(grant numbers:2019016); ","https://ieeexplore.ieee.org/stamp/stamp.jsp?arnumber=9698117","Broad learning system (BLS);emotion recognition;graph convolutional broad network (GCB-net);graph convolutional neural network (CNN);residual graph convolutional broad network (Residual GCB-net)","Electroencephalography;Feature extraction;Emotion recognition;Convolutional neural networks;Learning systems;Brain modeling","","72","","65","IEEE","31 Jan 2022","Dec. 2023","","IEEE","IEEE Journals"
"GCB-Net: Graph Convolutional Broad Network and Its Application in Emotion Recognition","T. Zhang; X. Wang; X. Xu; C. L. P. Chen","School of Computer Science and Engineering, South China University of Technology, Guangzhou, China; School of Computer Science and Engineering, South China University of Technology, Guangzhou, China; School of Electronics and Information, South China University of Technology, Guangzhou, China; School of Computer Science and Engineering, South China University of Technology, Guangzhou, China",IEEE Transactions on Affective Computing,"1 Mar 2022","2022","13","1","379","388","In recent years, emotion recognition has become a research focus in the area of artificial intelligence. Due to its irregular structure, EEG data can be analyzed by applying graphical based algorithms or models much more efficiently. In this work, a Graph Convolutional Broad Network (GCB-net) was designed for exploring the deeper-level information of graph-structured data. It used the graph convolutional layer to extract features of graph-structured input and stacks multiple regular convolutional layers to extract relatively abstract features. The final concatenation utilized the broad concept, which preserves the outputs of all hierarchical layers, allowing the model to search features in broad spaces. To improve the performance of the proposed GCB-net, the broad learning system (BLS) was applied to enhance its features. For comparison, two individual experiments were conducted to examine the efficiency of the proposed GCB-net based on the SJTU emotion EEG dataset (SEED) and DREAMER dataset respectively. In SEED, compared with other state-of-art methods, the GCB-net could better promote the accuracy (reaching 94.24 percent) on the DE feature of the all-frequency band. In DREAMER dataset, GCB-net performed better than other models with the same setting. Furthermore, the GCB-net reached high accuracies of 86.99, 89.32 and 89.20 percent on dimensions of Valence, Arousal and Dominance respectively. The experimental results showed the robust classifying ability of the GCB-net and BLS in EEG emotion recognition.","1949-3045","","10.1109/TAFFC.2019.2937768","National Natural Science Foundation of China(grant numbers:61702195,61751202,U1813203,61572540,U1801262); ","https://ieeexplore.ieee.org/stamp/stamp.jsp?arnumber=8815811","Emotion recognition;graph convolutional neural networks;broad learning system;graph convolutional broad network","Convolution;Electroencephalography;Feature extraction;Emotion recognition;Brain modeling;Learning systems;Convolutional neural nets","","346","","47","IEEE","27 Aug 2019","1 Jan.-March 2022","","IEEE","IEEE Journals"
"Automated Detection of Tonic–Clonic Seizures Using 3-D Accelerometry and Surface Electromyography in Pediatric Patients","M. Milošević; A. Van de Vel; B. Bonroy; B. Ceulemans; L. Lagae; B. Vanrumste; S. V. Huffel","Department of Electrical Engineering (ESAT), KU Leuven and iMinds IT Department, Leuven, Belgium; Department of Neurology-Paediatric Neurology, University Hospital University of Antwerp, Wilrijk, Belgium; MOBILAB, Thomas More Kempen, Geel, Belgium; Rehabilitation Center for Children and Youth Pulderbos, Pulderbos, Belgium; Department of Child Neurology, University Hospital KU Leuven, Leuven, Belgium; MOBILAB, Thomas More Kempen, Geel, Belgium; Department of Electrical Engineering (ESAT), KU Leuven and iMinds IT Department, Leuven, Belgium",IEEE Journal of Biomedical and Health Informatics,"20 May 2017","2016","20","5","1333","1341","Epileptic seizure detection is traditionally done using video/electroencephalography monitoring, which is not applicable for long-term home monitoring. In recent years, attempts have been made to detect the seizures using other modalities. In this study, we investigated the application of four accelerometers (ACM) attached to the limbs and surface electromyography (sEMG) electrodes attached to upper arms for the detection of tonic–clonic seizures. sEMG can identify the tension during the tonic phase of tonic–clonic seizure, while ACM is able to detect rhythmic patterns of the clonic phase of tonic–clonic seizures. Machine learning techniques, including feature selection and least-squares support vector machine classification, were employed for detection of tonic–clonic seizures from ACM and sEMG signals. In addition, the outputs of ACM and sEMG-based classifiers were combined using a late integration approach. The algorithms were evaluated on 1998.3 h of data recorded nocturnally in 56 patients of which seven had 22 tonic–clonic seizures. A multimodal approach resulted in a more robust detection of short and nonstereotypical seizures (91%), while the number of false alarms increased significantly compared with the use of single sEMG modality (0.28–0.5/12h). This study also showed that the choice of the recording system should be made depending on the prevailing pediatric patient-specific seizure characteristics and nonepileptic behavior.","2168-2208","","10.1109/JBHI.2015.2462079","KUL(grant numbers:PFV/10/002); FWO(grant numbers:G.0427.10N,G.0108.11,G.0869.12N,G.0A5513N); IWT(grant numbers:080658-MRI,110697-NeoGuard); iMinds Medical Information Technologies SBO 2015; ICON: NXT_Sleep; Flanders Care: Demonstratieproject Tele-Rehab III (2012-2014); Belgian Federal Science Policy Office(grant numbers:IUAP P7/19/); DYSCO; Belgian Foreign Affairs-Development Cooperation: VLIR UOS programs; and EU; European Research Council; European Union's Seventh Framework Programme(grant numbers:FP7/2007-2013,339804); INTERREG IVB NWE programme; EU MC ITN TRANSACT 2012(grant numbers:316679); ERASMUS EQR(grant numbers:539642-LLP-1-2013); ","https://ieeexplore.ieee.org/stamp/stamp.jsp?arnumber=7172445","Accelerometry;home monitoring;pattern recognition;seizure detection;surface electromyography (sEMG)","Pediatrics;Sensitivity;Electroencephalography;Feature extraction;Informatics;Monitoring;Support vector machines","Accelerometry;Child;Electromyography;Humans;Pattern Recognition, Automated;Seizures;Signal Processing, Computer-Assisted","80","","27","IEEE","29 Jul 2015","Sept. 2016","","IEEE","IEEE Journals"
"Tensor Convolutional Dictionary Learning With CP Low-Rank Activations","P. Humbert; L. Oudre; N. Vayatis; J. Audiffren","Université Paris-Saclay, ENS Paris-Saclay CNRS, Centre Borelli, Gif-sur-Yvette, France; Université Paris-Saclay, ENS Paris-Saclay CNRS, Centre Borelli, Gif-sur-Yvette, France; Université Paris-Saclay, ENS Paris-Saclay CNRS, Centre Borelli, Gif-sur-Yvette, France; Cognition and Perception Laboratory, University of Fribourg, Fribourg, Switzerland",IEEE Transactions on Signal Processing,"18 Feb 2022","2022","70","","785","796","In this paper, we propose to extend the standard Convolutional Dictionary Learning problem to a tensor representation where the activations are constrained to be “low-rank” through a Canonical Polyadic decomposition. We show that this additional constraint increases the robustness of the CDL with respect to noise and improve the interpretability of the final results. In addition, we discuss in detail the advantages of this representation and introduce two algorithms, based on ADMM or FISTA, that efficiently solve this problem. We show that by exploiting the low rank property of activations, they achieve lower complexity than the main CDL algorithms. Finally, we evaluate our approach on a wide range of experiments, highlighting the modularity and the advantages of this tensorial low-rank formulation.","1941-0476","","10.1109/TSP.2021.3135695","","https://ieeexplore.ieee.org/stamp/stamp.jsp?arnumber=9652115","Convolutional dictionary learning;convolutional sparse coding;tensor;canonical polyadic decomposition","Tensors;Convolution;Convolutional codes;Machine learning;Signal processing algorithms;Convergence;Mathematical models","","4","","66","IEEE","15 Dec 2021","2022","","IEEE","IEEE Journals"
"SPARK: A High-Efficiency Black-Box Domain Adaptation Framework for Source Privacy-Preserving Drowsiness Detection","L. Yuan; R. Li; J. Cui; M. Y. Siyal","School of Electrical and Electronic Engineering, Nanyang Technological University, Singapore; School of Electrical and Electronic Engineering, Nanyang Technological University, Singapore; Research Center for Life Sciences Computing, Zhejiang Lab, Hangzhou, China; School of Electrical and Electronic Engineering, Nanyang Technological University, Singapore",IEEE Journal of Biomedical and Health Informatics,"6 Jun 2024","2024","28","6","3478","3488","Developing an effective and efficient electroencephalography (EEG)-based drowsiness monitoring system is crucial for enhancing road safety and reducing the risk of accidents. For general usage, cross-subject evaluation is indispensable. Despite progress in unsupervised domain adaptation (UDA) and source-free domain adaptation (SFDA) methods, these often rely on the availability of labeled source data or white-box source models, posing potential privacy risks. This study explores a more challenging setting of UDA for EEG-based drowsiness detection, termed black-box domain adaptation (BBDA). In BBDA, adaptation in the target domain relies solely on a black-box source model, without access to the source data or parameters of the source model. Specifically, we propose a framework called Self-distillation and Pseudo-labelling for Ensemble Deep Random Vector Functional Link (edRVFL)-based Black-box Knowledge Adaptation (SPARK). SPARK employs entropy-based selection of high-confidence samples, which are then pseudo-labeled to train a student edRVFL network. Subsequently, ensemble self-distillation is performed to extract knowledge by training the edRVFL using refined labels introduced by ensemble learning. This process further improves the robustness of the student edRVFL network. The features of the edRVFL are beneficial for improving the computational efficiency of the framework, making it more suitable for tasks involving small datasets. The proposed SPARK framework is evaluated on two publicly available driver drowsiness datasets. Experimental results demonstrate its superior performance over strong baselines, while significantly reducing training time. These findings underscore the potential for practical integration of the proposed framework into drowsiness monitoring systems, thereby contributing substantially to the privacy preservation of source subjects.","2168-2208","","10.1109/JBHI.2024.3377373","STI2030-Major Projects(grant numbers:2021ZD0200201); National Natural Science Foundation of China(grant numbers:62327805,52307259,62201519); ","https://ieeexplore.ieee.org/stamp/stamp.jsp?arnumber=10472580","Black-box domain adaptation (BBDA);driver drowsiness detection;ensemble deep random vector functional link (edRVFL);unsupervised domain adaptation (UDA)","Brain modeling;Electroencephalography;Adaptation models;Data models;Closed box;Biomedical monitoring;Ensemble learning","Humans;Electroencephalography;Signal Processing, Computer-Assisted;Sleep Stages;Algorithms;Adult;Deep Learning","13","","37","IEEE","14 Mar 2024","June 2024","","IEEE","IEEE Journals"
"An information flow technique for category related evoked potentials","R. K. Kushwaha; W. J. Williams","Michigan Univ., Ann Arbor, MI, USA; Michigan Univ., Ann Arbor, MI, USA",IEEE Transactions on Biomedical Engineering,"6 Aug 2002","1992","39","2","165","175","A general mathematical technique is developed for information flow among various subsystems of a system when two or more classes of stimuli are presented to the system. The technique is validated by various simulation studies and then applied to a brain system. The usefulness of the technique is demonstrated for visual event related potentials (ERPs) obtained from human subjects suffering from phobias. The stimuli are briefly flashed words and phrases. The world classes are pleasant, unpleasant, conscious, and unconscious. It demonstrated that the information flow is suppressed under supraliminal presentation of the unconscious class, but is strong under subliminal presentation. The technique has the potential of being an objective indicator of conflictual relationships in these patients. The principle of the technique can be applied to any system in which interactions among subsystems are to be analyzed.<>","1558-2531","","10.1109/10.121648","","https://ieeexplore.ieee.org/stamp/stamp.jsp?arnumber=121648","","Humans;Psychology;Computed tomography;Biological systems;Biological system modeling;Brain modeling;Magnetosphere;Data mining;Information processing;Magnetic resonance imaging","Awareness;Brain;Electroencephalography;Evoked Potentials, Visual;Grief;Humans;Information Theory;Models, Neurological;Models, Psychological;Phobic Disorders;Photic Stimulation;Reaction Time;Sensory Thresholds;Subliminal Stimulation","14","","44","IEEE","6 Aug 2002","Feb. 1992","","IEEE","IEEE Journals"
"Probing Electrophysiological Indices of Perceptual Awareness across Unisensory and Multisensory Modalities","J. -P. Noel; D. Simon; A. Thelen; A. Maier; R. Blake; M. T. Wallace",Vanderbilt University; Vanderbilt University; Vanderbilt University; Vanderbilt University; Vanderbilt University; Vanderbilt University,Journal of Cognitive Neuroscience,"18 May 2018","2018","30","6","814","828","The neural underpinnings of perceptual awareness have been extensively studied using unisensory (e.g., visual alone) stimuli. However, perception is generally multisensory, and it is unclear whether the neural architecture uncovered in these studies directly translates to the multisensory domain. Here, we use EEG to examine brain responses associated with the processing of visual, auditory, and audiovisual stimuli presented near threshold levels of detectability, with the aim of deciphering similarities and differences in the neural signals indexing the transition into perceptual awareness across vision, audition, and combined visual–auditory (multisensory) processing. More specifically, we examine (1) the presence of late evoked potentials (∼>300 msec), (2) the across-trial reproducibility, and (3) the evoked complexity associated with perceived versus nonperceived stimuli. Results reveal that, although perceived stimuli are associated with the presence of late evoked potentials across each of the examined sensory modalities, between-trial variability and EEG complexity differed for unisensory versus multisensory conditions. Whereas across-trial variability and complexity differed for perceived versus nonperceived stimuli in the visual and auditory conditions, this was not the case for the multisensory condition. Taken together, these results suggest that there are fundamental differences in the neural correlates of perceptual awareness for unisensory versus multisensory stimuli. Specifically, the work argues that the presence of late evoked potentials, as opposed to neural reproducibility or complexity, most closely tracks perceptual awareness regardless of the nature of the sensory stimulus. In addition, the current findings suggest a greater similarity between the neural correlates of perceptual awareness of unisensory (visual and auditory) stimuli when compared with multisensory stimuli.","0898-929X","","10.1162/jocn_a_01247","","https://ieeexplore.ieee.org/stamp/stamp.jsp?arnumber=8361187","","","","","","","Traditional","18 May 2018","June 2018","","MIT Press","MIT Press Journals"
"An Approach to Optimize Multiple Design Objectives With Qualitative and Quantitative Criteria for a Wearable Body Sensor System","L. Falch; C. W. d. Silva","Department of Mechanical Engineering, The University of British Columbia, BC V6T 1Z4, Vancouver, Canada; Department of Mechanical Engineering, The University of British Columbia, BC V6T 1Z4, Vancouver, Canada",IEEE Sensors Journal,"13 Nov 2018","2018","18","23","9708","9717","This paper presents an approach to optimize multiple design objectives that have qualitative and quantitative design variables, with specific application for a wearable body sensor system. The methodology incorporates a way to group the qualitative and quantitative design variables and the design objectives that are present in the problem and the establishment of the domains that exist in such a design problem. Design indices are the objective functions that represent the qualitative design goals. The design space is systematically reduced thereby making it easier to decide on an optimal design solution, specifically to pick a good solution from the non-dominated solutions. A technique of fuzzy logic is used to assign weights to the subjective and non-crisp design criteria. With the method presented in this paper it is illustrated how to design a wearable body sensor system with respect to comfort and reliability. Specifically, the design of an electroencephalography/electrooculography monitoring system for sleep monitoring is considered, where the presented approach provides a systematic way to find an appropriate number and type of components, their locations, and how they are connected and structured.","1558-1748","","10.1109/JSEN.2018.2871676","Natural Sciences and Engineering Research Council of Canada(grant numbers:STPGP 493908); ","https://ieeexplore.ieee.org/stamp/stamp.jsp?arnumber=8470150","Multi-objective optimization;design optimization;quantification;fuzzy logic;qualitative criteria","Sleep;Monitoring;Linguistics;Optimization;Biomedical monitoring;Sensor systems","","3","","25","IEEE","23 Sep 2018","1 Dec.1, 2018","","IEEE","IEEE Journals"
